time,ghi_forecast_day1,ghi_icon_seamless,ghi_ecmwf_ifs025,ghi_gfs_seamless
2025-05-30T23:00:00Z,0.0,0.0,0.0,0.0
2025-05-31T00:00:00Z,0.09999999999999999,0.3,0.0,0.0
2025-05-31T01:00:00Z,0.0,0.0,0.0,0.0
2025-05-31T02:00:00Z,0.0,0.0,0.0,0.0
2025-05-31T03:00:00Z,5.666666666666667,5.0,11.0,1.0
2025-05-31T04:00:00Z,28.933333333333334,16.8,58.0,12.0
2025-05-31T05:00:00Z,78.5,76.5,140.0,19.0
2025-05-31T06:00:00Z,163.0,170.0,269.0,50.0
2025-05-31T07:00:00Z,226.9333333333333,205.8,412.0,63.0
2025-05-31T08:00:00Z,450.5,249.5,532.0,570.0
2025-05-31T09:00:00Z,496.09999999999997,341.3,617.0,530.0
2025-05-31T10:00:00Z,421.43333333333334,444.3,628.0,192.0
2025-05-31T11:00:00Z,502.43333333333334,373.3,507.0,627.0
2025-05-31T12:00:00Z,400.43333333333334,425.3,317.0,459.0
2025-05-31T13:00:00Z,354.5,410.5,203.0,450.0
2025-05-31T14:00:00Z,294.5,75.5,229.0,579.0
2025-05-31T15:00:00Z,329.0,257.0,281.0,449.0
2025-05-31T16:00:00Z,278.09999999999997,294.3,258.0,282.0
2025-05-31T17:00:00Z,155.1,148.3,162.0,155.0
2025-05-31T18:00:00Z,56.6,57.8,65.0,47.0
2025-05-31T19:00:00Z,3.266666666666667,2.8,4.0,3.0
2025-05-31T20:00:00Z,0.0,0.0,0.0,0.0
2025-05-31T21:00:00Z,0.0,0.0,0.0,0.0
2025-05-31T22:00:00Z,0.0,0.0,0.0,0.0
2025-05-31T23:00:00Z,0.09999999999999999,0.3,0.0,0.0
2025-06-01T00:00:00Z,0.09999999999999999,0.3,0.0,0.0
2025-06-01T01:00:00Z,0.0,0.0,0.0,0.0
2025-06-01T02:00:00Z,0.0,0.0,0.0,0.0
2025-06-01T03:00:00Z,18.0,15.0,24.0,15.0
2025-06-01T04:00:00Z,88.66666666666667,75.0,112.0,79.0
2025-06-01T05:00:00Z,209.16666666666666,215.5,216.0,196.0
2025-06-01T06:00:00Z,308.0,342.0,331.0,251.0
2025-06-01T07:00:00Z,450.09999999999997,411.3,439.0,500.0
2025-06-01T08:00:00Z,560.6666666666666,508.0,520.0,654.0
2025-06-01T09:00:00Z,567.7666666666667,636.3,570.0,497.0
2025-06-01T10:00:00Z,464.3333333333333,660.0,598.0,135.0
2025-06-01T11:00:00Z,399.43333333333334,515.3,607.0,76.0
2025-06-01T12:00:00Z,515.9333333333333,737.8,594.0,216.0
2025-06-01T13:00:00Z,689.8333333333334,729.5,558.0,782.0
2025-06-01T14:00:00Z,600.9333333333333,622.8,510.0,670.0
2025-06-01T15:00:00Z,473.5,480.5,438.0,502.0
2025-06-01T16:00:00Z,279.6666666666667,355.0,328.0,156.0
2025-06-01T17:00:00Z,160.93333333333334,196.8,192.0,94.0
2025-06-01T18:00:00Z,70.76666666666667,65.3,73.0,74.0
2025-06-01T19:00:00Z,3.6666666666666665,3.0,5.0,3.0
2025-06-01T20:00:00Z,0.0,0.0,0.0,0.0
2025-06-01T21:00:00Z,0.0,0.0,0.0,0.0
2025-06-01T22:00:00Z,0.0,0.0,0.0,0.0
2025-06-01T23:00:00Z,0.0,0.0,0.0,0.0
2025-06-02T00:00:00Z,0.0,0.0,0.0,0.0
2025-06-02T01:00:00Z,0.0,0.0,0.0,0.0
2025-06-02T02:00:00Z,0.09999999999999999,0.3,0.0,0.0
2025-06-02T03:00:00Z,21.933333333333334,18.8,29.0,18.0
2025-06-02T04:00:00Z,124.93333333333334,117.8,131.0,126.0
2025-06-02T05:00:00Z,267.0,262.0,261.0,278.0
2025-06-02T06:00:00Z,425.59999999999997,419.8,418.0,439.0
2025-06-02T07:00:00Z,579.2666666666667,574.8,570.0,593.0
2025-06-02T08:00:00Z,690.6,675.8,670.0,726.0
2025-06-02T09:00:00Z,739.9333333333334,670.8,718.0,831.0
2025-06-02T10:00:00Z,781.9333333333334,720.8,735.0,890.0
2025-06-02T11:00:00Z,790.1,728.3,736.0,906.0
2025-06-02T12:00:00Z,767.6666666666666,722.0,709.0,872.0
2025-06-02T13:00:00Z,669.7666666666667,569.3,647.0,793.0
2025-06-02T14:00:00Z,561.3333333333334,450.0,555.0,679.0
2025-06-02T15:00:00Z,480.6666666666667,488.0,442.0,512.0
2025-06-02T16:00:00Z,327.26666666666665,333.8,314.0,334.0
2025-06-02T17:00:00Z,183.76666666666665,193.3,182.0,176.0
2025-06-02T18:00:00Z,51.1,59.3,72.0,22.0
2025-06-02T19:00:00Z,4.1000000000000005,3.3,5.0,4.0
2025-06-02T20:00:00Z,0.09999999999999999,0.3,0.0,0.0
2025-06-02T21:00:00Z,0.09999999999999999,0.3,0.0,0.0
2025-06-02T22:00:00Z,0.0,0.0,0.0,0.0
2025-06-02T23:00:00Z,0.0,0.0,0.0,0.0
2025-06-03T00:00:00Z,0.0,0.0,0.0,0.0
2025-06-03T01:00:00Z,0.09999999999999999,0.3,0.0,0.0
2025-06-03T02:00:00Z,0.0,0.0,0.0,0.0
2025-06-03T03:00:00Z,19.666666666666668,12.0,29.0,18.0
2025-06-03T04:00:00Z,107.76666666666667,70.3,129.0,124.0
2025-06-03T05:00:00Z,228.5,170.5,247.0,268.0
2025-06-03T06:00:00Z,280.5,122.5,375.0,344.0
2025-06-03T07:00:00Z,267.1666666666667,98.5,466.0,237.0
2025-06-03T08:00:00Z,287.3333333333333,141.0,444.0,277.0
2025-06-03T09:00:00Z,401.59999999999997,256.8,323.0,625.0
2025-06-03T10:00:00Z,237.26666666666665,261.8,217.0,233.0
2025-06-03T11:00:00Z,223.6,348.8,210.0,112.0
2025-06-03T12:00:00Z,193.26666666666665,277.8,250.0,52.0
2025-06-03T13:00:00Z,187.4333333333333,150.3,265.0,147.0
2025-06-03T14:00:00Z,138.1,139.3,231.0,44.0
2025-06-03T15:00:00Z,158.5,172.5,181.0,122.0
2025-06-03T16:00:00Z,104.33333333333333,148.0,133.0,32.0
2025-06-03T17:00:00Z,101.43333333333334,115.3,88.0,101.0
2025-06-03T18:00:00Z,23.433333333333334,9.3,43.0,18.0
2025-06-03T19:00:00Z,3.0,1.0,4.0,4.0
2025-06-03T20:00:00Z,0.0,0.0,0.0,0.0
2025-06-03T21:00:00Z,0.0,0.0,0.0,0.0
2025-06-03T22:00:00Z,0.0,0.0,0.0,0.0
2025-06-03T23:00:00Z,0.0,0.0,0.0,0.0
2025-06-04T00:00:00Z,0.0,0.0,0.0,0.0
2025-06-04T01:00:00Z,0.0,0.0,0.0,0.0
2025-06-04T02:00:00Z,0.0,0.0,0.0,0.0
2025-06-04T03:00:00Z,11.5,3.5,15.0,16.0
2025-06-04T04:00:00Z,55.166666666666664,15.5,68.0,82.0
2025-06-04T05:00:00Z,137.16666666666666,70.5,146.0,195.0
2025-06-04T06:00:00Z,270.76666666666665,241.3,256.0,315.0
2025-06-04T07:00:00Z,443.3333333333333,373.0,376.0,581.0
2025-06-04T08:00:00Z,585.6,557.8,486.0,713.0
2025-06-04T09:00:00Z,663.6,606.8,573.0,811.0
2025-06-04T10:00:00Z,730.4333333333334,707.3,614.0,870.0
2025-06-04T11:00:00Z,613.7666666666667,416.3,581.0,844.0
2025-06-04T12:00:00Z,576.6666666666666,507.0,496.0,727.0
2025-06-04T13:00:00Z,360.59999999999997,272.8,407.0,402.0
2025-06-04T14:00:00Z,348.8333333333333,360.5,334.0,352.0
2025-06-04T15:00:00Z,244.83333333333334,255.5,263.0,216.0
2025-06-04T16:00:00Z,175.9333333333333,177.8,189.0,161.0
2025-06-04T17:00:00Z,100.66666666666667,96.0,115.0,91.0
2025-06-04T18:00:00Z,53.0,45.0,49.0,65.0
2025-06-04T19:00:00Z,3.266666666666667,2.8,4.0,3.0
2025-06-04T20:00:00Z,0.0,0.0,0.0,0.0
2025-06-04T21:00:00Z,0.0,0.0,0.0,0.0
2025-06-04T22:00:00Z,0.16666666666666666,0.5,0.0,0.0
2025-06-04T23:00:00Z,0.0,0.0,0.0,0.0
2025-06-05T00:00:00Z,0.0,0.0,0.0,0.0
2025-06-05T01:00:00Z,0.09999999999999999,0.3,0.0,0.0
2025-06-05T02:00:00Z,0.0,0.0,0.0,0.0
2025-06-05T03:00:00Z,3.9333333333333336,2.8,8.0,1.0
2025-06-05T04:00:00Z,20.266666666666666,20.8,36.0,4.0
2025-06-05T05:00:00Z,51.0,66.0,75.0,12.0
2025-06-05T06:00:00Z,205.4333333333333,127.3,127.0,362.0
2025-06-05T07:00:00Z,141.0,160.0,202.0,61.0
2025-06-05T08:00:00Z,247.9333333333333,379.8,314.0,50.0
2025-06-05T09:00:00Z,520.2666666666667,428.8,452.0,680.0
2025-06-05T10:00:00Z,494.59999999999997,381.8,572.0,530.0
2025-06-05T11:00:00Z,582.6666666666666,327.0,651.0,770.0
2025-06-05T12:00:00Z,529.6666666666666,443.0,685.0,461.0
2025-06-05T13:00:00Z,539.7666666666667,308.3,658.0,653.0
2025-06-05T14:00:00Z,537.4333333333333,411.3,569.0,632.0
2025-06-05T15:00:00Z,412.76666666666665,265.3,444.0,529.0
2025-06-05T16:00:00Z,318.8333333333333,270.5,312.0,374.0
2025-06-05T17:00:00Z,160.76666666666668,78.3,186.0,218.0
2025-06-05T18:00:00Z,69.76666666666667,53.3,77.0,79.0
2025-06-05T19:00:00Z,4.666666666666667,3.0,7.0,4.0
2025-06-05T20:00:00Z,0.0,0.0,0.0,0.0
2025-06-05T21:00:00Z,0.09999999999999999,0.3,0.0,0.0
2025-06-05T22:00:00Z,0.0,0.0,0.0,0.0
2025-06-05T23:00:00Z,0.0,0.0,0.0,0.0
2025-06-06T00:00:00Z,0.09999999999999999,0.3,0.0,0.0
2025-06-06T01:00:00Z,0.0,0.0,0.0,0.0
2025-06-06T02:00:00Z,0.0,0.0,0.0,0.0
2025-06-06T03:00:00Z,16.333333333333332,11.0,20.0,18.0
2025-06-06T04:00:00Z,74.83333333333333,35.5,86.0,103.0
2025-06-06T05:00:00Z,145.6,60.8,164.0,212.0
2025-06-06T06:00:00Z,278.1666666666667,189.5,251.0,394.0
2025-06-06T07:00:00Z,379.26666666666665,290.8,342.0,505.0
2025-06-06T08:00:00Z,421.5,261.5,430.0,573.0
2025-06-06T09:00:00Z,543.0,356.0,510.0,763.0
2025-06-06T10:00:00Z,600.3333333333334,394.0,566.0,841.0
2025-06-06T11:00:00Z,461.3333333333333,337.0,591.0,456.0
2025-06-06T12:00:00Z,407.59999999999997,486.8,583.0,153.0
2025-06-06T13:00:00Z,322.5,363.5,546.0,58.0
2025-06-06T14:00:00Z,274.1666666666667,207.5,488.0,127.0
2025-06-06T15:00:00Z,364.1666666666667,184.5,407.0,501.0
2025-06-06T16:00:00Z,268.3333333333333,174.0,299.0,332.0
2025-06-06T17:00:00Z,158.76666666666668,83.3,175.0,218.0
2025-06-06T18:00:00Z,66.26666666666667,56.8,69.0,73.0
2025-06-06T19:00:00Z,5.1000000000000005,4.3,6.0,5.0
2025-06-06T20:00:00Z,0.09999999999999999,0.3,0.0,0.0
2025-06-06T21:00:00Z,0.0,0.0,0.0,0.0
2025-06-06T22:00:00Z,0.0,0.0,0.0,0.0
2025-06-06T23:00:00Z,0.0,0.0,0.0,0.0
2025-06-07T00:00:00Z,0.0,0.0,0.0,0.0
2025-06-07T01:00:00Z,0.0,0.0,0.0,0.0
2025-06-07T02:00:00Z,0.0,0.0,0.0,0.0
2025-06-07T03:00:00Z,4.5,7.5,5.0,1.0
2025-06-07T04:00:00Z,23.166666666666668,28.5,30.0,11.0
2025-06-07T05:00:00Z,69.66666666666667,87.0,116.0,6.0
2025-06-07T06:00:00Z,278.09999999999997,113.3,288.0,433.0
2025-06-07T07:00:00Z,273.5,236.5,478.0,106.0
2025-06-07T08:00:00Z,332.93333333333334,239.8,585.0,174.0
2025-06-07T09:00:00Z,527.9333333333333,292.8,613.0,678.0
2025-06-07T10:00:00Z,487.1666666666667,524.5,620.0,317.0
2025-06-07T11:00:00Z,546.6666666666666,618.0,645.0,377.0
2025-06-07T12:00:00Z,691.0,559.0,653.0,861.0
2025-06-07T13:00:00Z,641.1666666666666,522.5,614.0,787.0
2025-06-07T14:00:00Z,509.59999999999997,329.8,522.0,677.0
2025-06-07T15:00:00Z,355.26666666666665,123.8,404.0,538.0
2025-06-07T16:00:00Z,283.5,182.5,283.0,385.0
2025-06-07T17:00:00Z,173.1,132.3,168.0,219.0
2025-06-07T18:00:00Z,72.60000000000001,65.8,71.0,81.0
2025-06-07T19:00:00Z,5.0,3.0,7.0,5.0
2025-06-07T20:00:00Z,0.0,0.0,0.0,0.0
2025-06-07T21:00:00Z,0.0,0.0,0.0,0.0
2025-06-07T22:00:00Z,0.0,0.0,0.0,0.0
2025-06-07T23:00:00Z,0.0,0.0,0.0,0.0
2025-06-08T00:00:00Z,0.0,0.0,0.0,0.0
2025-06-08T01:00:00Z,0.0,0.0,0.0,0.0
2025-06-08T02:00:00Z,0.0,0.0,0.0,0.0
2025-06-08T03:00:00Z,23.333333333333332,21.0,29.0,20.0
2025-06-08T04:00:00Z,85.60000000000001,114.8,121.0,21.0
2025-06-08T05:00:00Z,143.26666666666668,168.8,230.0,31.0
2025-06-08T06:00:00Z,225.26666666666665,290.8,354.0,31.0
2025-06-08T07:00:00Z,458.0,343.0,462.0,569.0
2025-06-08T08:00:00Z,423.93333333333334,468.8,504.0,299.0
2025-06-08T09:00:00Z,500.76666666666665,578.3,487.0,437.0
2025-06-08T10:00:00Z,655.9333333333333,627.8,475.0,865.0
2025-06-08T11:00:00Z,679.9333333333333,626.8,526.0,887.0
2025-06-08T12:00:00Z,678.1666666666666,604.5,590.0,840.0
2025-06-08T13:00:00Z,613.6,471.8,586.0,783.0
2025-06-08T14:00:00Z,465.76666666666665,565.3,486.0,346.0
2025-06-08T15:00:00Z,316.8333333333333,446.5,353.0,151.0
2025-06-08T16:00:00Z,269.6666666666667,274.0,238.0,297.0
2025-06-08T17:00:00Z,149.43333333333334,143.3,149.0,156.0
2025-06-08T18:00:00Z,70.10000000000001,56.3,70.0,84.0
2025-06-08T19:00:00Z,5.666666666666667,3.0,8.0,6.0
2025-06-08T20:00:00Z,0.0,0.0,0.0,0.0
2025-06-08T21:00:00Z,0.0,0.0,0.0,0.0
2025-06-08T22:00:00Z,0.09999999999999999,0.3,0.0,0.0
2025-06-08T23:00:00Z,0.09999999999999999,0.3,0.0,0.0
2025-06-09T00:00:00Z,0.09999999999999999,0.3,0.0,0.0
2025-06-09T01:00:00Z,0.0,0.0,0.0,0.0
2025-06-09T02:00:00Z,0.0,0.0,0.0,0.0
2025-06-09T03:00:00Z,15.433333333333332,11.3,21.0,14.0
2025-06-09T04:00:00Z,74.76666666666667,53.3,84.0,87.0
2025-06-09T05:00:00Z,139.0,131.0,147.0,139.0
2025-06-09T06:00:00Z,186.76666666666665,161.3,202.0,197.0
2025-06-09T07:00:00Z,245.1,284.3,253.0,198.0
2025-06-09T08:00:00Z,330.1666666666667,288.5,311.0,391.0
2025-06-09T09:00:00Z,443.3333333333333,455.0,370.0,505.0
2025-06-09T10:00:00Z,339.8333333333333,180.5,404.0,435.0
2025-06-09T11:00:00Z,393.26666666666665,230.8,395.0,554.0
2025-06-09T12:00:00Z,294.26666666666665,300.8,357.0,225.0
2025-06-09T13:00:00Z,407.26666666666665,226.8,309.0,686.0
2025-06-09T14:00:00Z,159.33333333333334,110.0,260.0,108.0
2025-06-09T15:00:00Z,104.33333333333333,81.0,207.0,25.0
2025-06-09T16:00:00Z,74.76666666666667,56.3,153.0,15.0
2025-06-09T17:00:00Z,116.16666666666667,33.5,100.0,215.0
2025-06-09T18:00:00Z,30.5,33.5,48.0,10.0
2025-06-09T19:00:00Z,5.333333333333333,4.0,6.0,6.0
2025-06-09T20:00:00Z,0.0,0.0,0.0,0.0
2025-06-09T21:00:00Z,0.0,0.0,0.0,0.0
2025-06-09T22:00:00Z,0.0,0.0,0.0,0.0
2025-06-09T23:00:00Z,0.0,0.0,0.0,0.0
2025-06-10T00:00:00Z,0.0,0.0,0.0,0.0
2025-06-10T01:00:00Z,0.09999999999999999,0.3,0.0,0.0
2025-06-10T02:00:00Z,0.0,0.0,0.0,0.0
2025-06-10T03:00:00Z,11.766666666666666,16.3,14.0,5.0
2025-06-10T04:00:00Z,59.76666666666667,93.3,62.0,24.0
2025-06-10T05:00:00Z,132.26666666666668,180.8,137.0,79.0
2025-06-10T06:00:00Z,239.16666666666666,273.5,249.0,195.0
2025-06-10T07:00:00Z,295.76666666666665,322.3,371.0,194.0
2025-06-10T08:00:00Z,424.26666666666665,393.8,467.0,412.0
2025-06-10T09:00:00Z,596.1666666666666,488.5,536.0,764.0
2025-06-10T10:00:00Z,715.1666666666666,662.5,591.0,892.0
2025-06-10T11:00:00Z,739.7666666666668,669.3,646.0,904.0
2025-06-10T12:00:00Z,708.2666666666668,570.8,680.0,874.0
2025-06-10T13:00:00Z,655.5,506.5,661.0,799.0
2025-06-10T14:00:00Z,606.6,547.8,585.0,687.0
2025-06-10T15:00:00Z,464.5,376.5,472.0,545.0
2025-06-10T16:00:00Z,345.26666666666665,305.8,341.0,389.0
2025-06-10T17:00:00Z,206.83333333333334,185.5,204.0,231.0
2025-06-10T18:00:00Z,82.66666666666667,74.0,86.0,88.0
2025-06-10T19:00:00Z,7.0,6.0,9.0,6.0
2025-06-10T20:00:00Z,0.0,0.0,0.0,0.0
2025-06-10T21:00:00Z,0.0,0.0,0.0,0.0
2025-06-10T22:00:00Z,0.0,0.0,0.0,0.0
2025-06-10T23:00:00Z,0.0,0.0,0.0,0.0
2025-06-11T00:00:00Z,0.09999999999999999,0.3,0.0,0.0
2025-06-11T01:00:00Z,0.0,0.0,0.0,0.0
2025-06-11T02:00:00Z,0.0,0.0,0.0,0.0
2025-06-11T03:00:00Z,25.266666666666666,20.8,33.0,22.0
2025-06-11T04:00:00Z,127.93333333333334,113.8,137.0,133.0
2025-06-11T05:00:00Z,267.59999999999997,251.8,266.0,285.0
2025-06-11T06:00:00Z,423.59999999999997,404.8,421.0,445.0
2025-06-11T07:00:00Z,577.9333333333333,555.8,580.0,598.0
2025-06-11T08:00:00Z,709.5,687.5,712.0,729.0
2025-06-11T09:00:00Z,809.6666666666666,789.0,811.0,829.0
2025-06-11T10:00:00Z,868.5,847.5,870.0,888.0
2025-06-11T11:00:00Z,885.1,864.3,886.0,905.0
2025-06-11T12:00:00Z,855.0,838.0,855.0,872.0
2025-06-11T13:00:00Z,781.0,766.0,780.0,797.0
2025-06-11T14:00:00Z,669.3333333333334,654.0,668.0,686.0
2025-06-11T15:00:00Z,530.4333333333333,515.3,531.0,545.0
2025-06-11T16:00:00Z,374.59999999999997,358.8,377.0,388.0
2025-06-11T17:00:00Z,218.6,203.8,221.0,231.0
2025-06-11T18:00:00Z,84.83333333333333,74.5,91.0,89.0
2025-06-11T19:00:00Z,7.666666666666667,6.0,10.0,7.0
2025-06-11T20:00:00Z,0.0,0.0,0.0,0.0
2025-06-11T21:00:00Z,0.09999999999999999,0.3,0.0,0.0
2025-06-11T22:00:00Z,0.0,0.0,0.0,0.0
2025-06-11T23:00:00Z,0.09999999999999999,0.3,0.0,0.0
2025-06-12T00:00:00Z,0.0,0.0,0.0,0.0
2025-06-12T01:00:00Z,0.0,0.0,0.0,0.0
2025-06-12T02:00:00Z,0.0,0.0,0.0,0.0
2025-06-12T03:00:00Z,24.333333333333332,20.0,34.0,19.0
2025-06-12T04:00:00Z,121.0,108.0,137.0,118.0
2025-06-12T05:00:00Z,265.0,244.0,265.0,286.0
2025-06-12T06:00:00Z,418.93333333333334,391.8,419.0,446.0
2025-06-12T07:00:00Z,572.2666666666667,543.8,576.0,597.0
2025-06-12T08:00:00Z,704.7666666666668,683.3,706.0,725.0
2025-06-12T09:00:00Z,804.6,787.8,803.0,823.0
2025-06-12T10:00:00Z,863.1666666666666,847.5,861.0,881.0
2025-06-12T11:00:00Z,876.8333333333334,861.5,875.0,894.0
2025-06-12T12:00:00Z,845.1666666666666,830.5,843.0,862.0
2025-06-12T13:00:00Z,770.7666666666668,758.3,767.0,787.0
2025-06-12T14:00:00Z,659.5,646.5,655.0,677.0
2025-06-12T15:00:00Z,520.8333333333334,506.5,518.0,538.0
2025-06-12T16:00:00Z,367.5,352.5,367.0,383.0
2025-06-12T17:00:00Z,214.1,200.3,215.0,227.0
2025-06-12T18:00:00Z,83.0,73.0,88.0,88.0
2025-06-12T19:00:00Z,7.666666666666667,6.0,10.0,7.0
2025-06-12T20:00:00Z,0.0,0.0,0.0,0.0
2025-06-12T21:00:00Z,0.0,0.0,0.0,0.0
2025-06-12T22:00:00Z,0.09999999999999999,0.3,0.0,0.0
2025-06-12T23:00:00Z,0.0,0.0,0.0,0.0
2025-06-13T00:00:00Z,0.0,0.0,0.0,0.0
2025-06-13T01:00:00Z,0.0,0.0,0.0,0.0
2025-06-13T02:00:00Z,0.0,0.0,0.0,0.0
2025-06-13T03:00:00Z,24.5,19.5,33.0,21.0
2025-06-13T04:00:00Z,123.5,106.5,134.0,130.0
2025-06-13T05:00:00Z,258.8333333333333,237.5,260.0,279.0
2025-06-13T06:00:00Z,412.09999999999997,387.3,413.0,436.0
2025-06-13T07:00:00Z,563.8333333333334,538.5,568.0,585.0
2025-06-13T08:00:00Z,694.9333333333334,671.8,699.0,714.0
2025-06-13T09:00:00Z,792.6,771.8,795.0,811.0
2025-06-13T10:00:00Z,848.4333333333334,827.3,852.0,866.0
2025-06-13T11:00:00Z,847.2666666666668,837.8,868.0,836.0
2025-06-13T12:00:00Z,834.6,814.8,837.0,852.0
2025-06-13T13:00:00Z,762.5,746.5,760.0,781.0
2025-06-13T14:00:00Z,652.7666666666667,637.3,651.0,670.0
2025-06-13T15:00:00Z,516.6666666666666,503.0,515.0,532.0
2025-06-13T16:00:00Z,353.6666666666667,322.0,359.0,380.0
2025-06-13T17:00:00Z,203.1,182.3,199.0,228.0
2025-06-13T18:00:00Z,73.33333333333333,72.0,75.0,73.0
2025-06-13T19:00:00Z,6.933333333333334,6.8,8.0,6.0
2025-06-13T20:00:00Z,0.0,0.0,0.0,0.0
2025-06-13T21:00:00Z,0.0,0.0,0.0,0.0
2025-06-13T22:00:00Z,0.09999999999999999,0.3,0.0,0.0
2025-06-13T23:00:00Z,0.0,0.0,0.0,0.0
2025-06-14T00:00:00Z,0.0,0.0,0.0,0.0
2025-06-14T01:00:00Z,0.0,0.0,0.0,0.0
2025-06-14T02:00:00Z,0.0,0.0,0.0,0.0
2025-06-14T03:00:00Z,17.099999999999998,14.3,29.0,8.0
2025-06-14T04:00:00Z,82.16666666666667,89.5,117.0,40.0
2025-06-14T05:00:00Z,152.0,172.0,232.0,52.0
2025-06-14T06:00:00Z,222.4333333333333,198.3,378.0,91.0
2025-06-14T07:00:00Z,310.26666666666665,251.8,525.0,154.0
2025-06-14T08:00:00Z,472.5,296.5,648.0,473.0
2025-06-14T09:00:00Z,565.2666666666667,559.8,732.0,404.0
2025-06-14T10:00:00Z,482.6666666666667,598.0,742.0,108.0
2025-06-14T11:00:00Z,414.0,463.0,634.0,145.0
2025-06-14T12:00:00Z,407.1666666666667,588.5,456.0,177.0
2025-06-14T13:00:00Z,294.8333333333333,429.5,304.0,151.0
2025-06-14T14:00:00Z,132.93333333333334,119.8,221.0,58.0
2025-06-14T15:00:00Z,76.76666666666667,58.3,167.0,5.0
2025-06-14T16:00:00Z,58.76666666666667,40.3,114.0,22.0
2025-06-14T17:00:00Z,39.93333333333333,32.8,61.0,26.0
2025-06-14T18:00:00Z,15.333333333333334,18.0,23.0,5.0
2025-06-14T19:00:00Z,3.6666666666666665,3.0,2.0,6.0
2025-06-14T20:00:00Z,0.16666666666666666,0.5,0.0,0.0
2025-06-14T21:00:00Z,0.0,0.0,0.0,0.0
2025-06-14T22:00:00Z,0.0,0.0,0.0,0.0
2025-06-14T23:00:00Z,0.0,0.0,0.0,0.0
2025-06-15T00:00:00Z,0.0,0.0,0.0,0.0
2025-06-15T01:00:00Z,0.0,0.0,0.0,0.0
2025-06-15T02:00:00Z,0.0,0.0,0.0,0.0
2025-06-15T03:00:00Z,23.933333333333334,20.8,31.0,20.0
2025-06-15T04:00:00Z,121.43333333333334,111.3,126.0,127.0
2025-06-15T05:00:00Z,248.66666666666666,223.0,245.0,278.0
2025-06-15T06:00:00Z,400.6666666666667,374.0,388.0,440.0
2025-06-15T07:00:00Z,529.6666666666666,473.0,522.0,594.0
2025-06-15T08:00:00Z,652.2666666666667,630.8,601.0,725.0
2025-06-15T09:00:00Z,708.2666666666668,676.8,623.0,825.0
2025-06-15T10:00:00Z,718.3333333333334,660.0,611.0,884.0
2025-06-15T11:00:00Z,526.0,663.0,574.0,341.0
2025-06-15T12:00:00Z,444.6666666666667,619.0,513.0,202.0
2025-06-15T13:00:00Z,414.6666666666667,580.0,444.0,220.0
2025-06-15T14:00:00Z,473.76666666666665,433.3,380.0,608.0
2025-06-15T15:00:00Z,280.6666666666667,387.0,313.0,142.0
2025-06-15T16:00:00Z,326.8333333333333,356.5,235.0,389.0
2025-06-15T17:00:00Z,196.0,206.0,150.0,232.0
2025-06-15T18:00:00Z,74.16666666666667,76.5,71.0,75.0
2025-06-15T19:00:00Z,7.6000000000000005,6.8,9.0,7.0
2025-06-15T20:00:00Z,0.0,0.0,0.0,0.0
2025-06-15T21:00:00Z,0.0,0.0,0.0,0.0
2025-06-15T22:00:00Z,0.0,0.0,0.0,0.0
2025-06-15T23:00:00Z,0.0,0.0,0.0,0.0
2025-06-16T00:00:00Z,0.0,0.0,0.0,0.0
2025-06-16T01:00:00Z,0.0,0.0,0.0,0.0
2025-06-16T02:00:00Z,0.0,0.0,0.0,0.0
2025-06-16T03:00:00Z,25.099999999999998,21.3,33.0,21.0
2025-06-16T04:00:00Z,126.5,115.5,134.0,130.0
2025-06-16T05:00:00Z,260.93333333333334,247.8,258.0,277.0
2025-06-16T06:00:00Z,414.43333333333334,399.3,408.0,436.0
2025-06-16T07:00:00Z,538.8333333333334,512.5,561.0,543.0
2025-06-16T08:00:00Z,671.1666666666666,674.5,694.0,645.0
2025-06-16T09:00:00Z,787.2666666666668,756.8,796.0,809.0
2025-06-16T10:00:00Z,854.3333333333334,833.0,857.0,873.0
2025-06-16T11:00:00Z,870.9333333333334,852.8,868.0,892.0
2025-06-16T12:00:00Z,841.4333333333334,836.3,829.0,859.0
2025-06-16T13:00:00Z,758.9333333333334,745.8,749.0,782.0
2025-06-16T14:00:00Z,636.1,602.3,642.0,664.0
2025-06-16T15:00:00Z,509.93333333333334,498.8,512.0,519.0
2025-06-16T16:00:00Z,366.0,346.0,365.0,387.0
2025-06-16T17:00:00Z,217.83333333333334,208.5,215.0,230.0
2025-06-16T18:00:00Z,79.66666666666667,78.0,90.0,71.0
2025-06-16T19:00:00Z,8.766666666666667,7.3,11.0,8.0
2025-06-16T20:00:00Z,0.09999999999999999,0.3,0.0,0.0
2025-06-16T21:00:00Z,0.0,0.0,0.0,0.0
2025-06-16T22:00:00Z,0.0,0.0,0.0,0.0
2025-06-16T23:00:00Z,0.09999999999999999,0.3,0.0,0.0
2025-06-17T00:00:00Z,0.0,0.0,0.0,0.0
2025-06-17T01:00:00Z,0.0,0.0,0.0,0.0
2025-06-17T02:00:00Z,0.0,0.0,0.0,0.0
2025-06-17T03:00:00Z,23.666666666666668,21.0,31.0,19.0
2025-06-17T04:00:00Z,113.66666666666667,110.0,126.0,105.0
2025-06-17T05:00:00Z,252.83333333333334,244.5,248.0,266.0
2025-06-17T06:00:00Z,404.8333333333333,395.5,400.0,419.0
2025-06-17T07:00:00Z,554.6,542.8,551.0,570.0
2025-06-17T08:00:00Z,671.2666666666667,676.8,662.0,675.0
2025-06-17T09:00:00Z,750.4333333333334,781.3,728.0,742.0
2025-06-17T10:00:00Z,790.9333333333334,777.8,756.0,839.0
2025-06-17T11:00:00Z,822.2666666666668,838.8,750.0,878.0
2025-06-17T12:00:00Z,799.9333333333334,836.8,708.0,855.0
2025-06-17T13:00:00Z,727.5,760.5,637.0,785.0
2025-06-17T14:00:00Z,624.0,655.0,548.0,669.0
2025-06-17T15:00:00Z,498.93333333333334,514.8,443.0,539.0
2025-06-17T16:00:00Z,354.59999999999997,354.8,322.0,387.0
2025-06-17T17:00:00Z,212.33333333333334,211.0,194.0,232.0
2025-06-17T18:00:00Z,84.76666666666667,81.3,85.0,88.0
2025-06-17T19:00:00Z,8.766666666666667,7.3,11.0,8.0
2025-06-17T20:00:00Z,0.09999999999999999,0.3,0.0,0.0
2025-06-17T21:00:00Z,0.0,0.0,0.0,0.0
2025-06-17T22:00:00Z,0.0,0.0,0.0,0.0
2025-06-17T23:00:00Z,0.0,0.0,0.0,0.0
2025-06-18T00:00:00Z,0.0,0.0,0.0,0.0
2025-06-18T01:00:00Z,0.0,0.0,0.0,0.0
2025-06-18T02:00:00Z,0.0,0.0,0.0,0.0
2025-06-18T03:00:00Z,24.5,20.5,33.0,20.0
2025-06-18T04:00:00Z,123.76666666666667,112.3,132.0,127.0
2025-06-18T05:00:00Z,258.93333333333334,247.8,256.0,273.0
2025-06-18T06:00:00Z,413.1666666666667,401.5,405.0,433.0
2025-06-18T07:00:00Z,560.2666666666667,539.8,555.0,586.0
2025-06-18T08:00:00Z,663.8333333333334,598.5,677.0,716.0
2025-06-18T09:00:00Z,772.8333333333334,739.5,763.0,816.0
2025-06-18T10:00:00Z,829.8333333333334,798.5,814.0,877.0
2025-06-18T11:00:00Z,832.6666666666666,781.0,827.0,890.0
2025-06-18T12:00:00Z,791.9333333333334,723.8,798.0,854.0
2025-06-18T13:00:00Z,664.4333333333333,630.3,733.0,630.0
2025-06-18T14:00:00Z,515.7666666666667,591.3,642.0,314.0
2025-06-18T15:00:00Z,467.6666666666667,459.0,525.0,419.0
2025-06-18T16:00:00Z,378.09999999999997,357.3,384.0,393.0
2025-06-18T17:00:00Z,227.66666666666666,216.0,230.0,237.0
2025-06-18T18:00:00Z,92.93333333333334,84.8,98.0,96.0
2025-06-18T19:00:00Z,9.433333333333334,8.3,12.0,8.0
2025-06-18T20:00:00Z,0.0,0.0,0.0,0.0
2025-06-18T21:00:00Z,0.0,0.0,0.0,0.0
2025-06-18T22:00:00Z,0.0,0.0,0.0,0.0
2025-06-18T23:00:00Z,0.0,0.0,0.0,0.0
2025-06-19T00:00:00Z,0.0,0.0,0.0,0.0
2025-06-19T01:00:00Z,0.09999999999999999,0.3,0.0,0.0
2025-06-19T02:00:00Z,0.09999999999999999,0.3,0.0,0.0
2025-06-19T03:00:00Z,26.0,21.0,35.0,22.0
2025-06-19T04:00:00Z,130.6,114.8,140.0,137.0
2025-06-19T05:00:00Z,271.59999999999997,252.8,272.0,290.0
2025-06-19T06:00:00Z,430.8333333333333,409.5,430.0,453.0
2025-06-19T07:00:00Z,586.7666666666667,561.3,591.0,608.0
2025-06-19T08:00:00Z,711.6666666666666,670.0,723.0,742.0
2025-06-19T09:00:00Z,792.6666666666666,747.0,821.0,810.0
2025-06-19T10:00:00Z,869.1666666666666,825.5,879.0,903.0
2025-06-19T11:00:00Z,885.4333333333334,853.3,895.0,908.0
2025-06-19T12:00:00Z,860.3333333333334,837.0,866.0,878.0
2025-06-19T13:00:00Z,791.9333333333334,771.8,790.0,814.0
2025-06-19T14:00:00Z,681.6666666666666,664.0,677.0,704.0
2025-06-19T15:00:00Z,541.9333333333333,524.8,537.0,564.0
2025-06-19T16:00:00Z,384.8333333333333,365.5,384.0,405.0
2025-06-19T17:00:00Z,227.76666666666665,212.3,228.0,243.0
2025-06-19T18:00:00Z,92.33333333333333,82.0,98.0,97.0
2025-06-19T19:00:00Z,9.333333333333334,8.0,12.0,8.0
2025-06-19T20:00:00Z,0.0,0.0,0.0,0.0
2025-06-19T21:00:00Z,0.09999999999999999,0.3,0.0,0.0
2025-06-19T22:00:00Z,0.0,0.0,0.0,0.0
2025-06-19T23:00:00Z,0.0,0.0,0.0,0.0
2025-06-20T00:00:00Z,0.09999999999999999,0.3,0.0,0.0
2025-06-20T01:00:00Z,0.09999999999999999,0.3,0.0,0.0
2025-06-20T02:00:00Z,0.0,0.0,0.0,0.0
2025-06-20T03:00:00Z,24.0,20.0,32.0,20.0
2025-06-20T04:00:00Z,117.76666666666667,109.3,133.0,111.0
2025-06-20T05:00:00Z,251.83333333333334,242.5,260.0,253.0
2025-06-20T06:00:00Z,411.43333333333334,400.3,416.0,418.0
2025-06-20T07:00:00Z,566.6666666666666,554.0,576.0,570.0
2025-06-20T08:00:00Z,700.0,689.0,711.0,700.0
2025-06-20T09:00:00Z,796.6,794.8,811.0,784.0
2025-06-20T10:00:00Z,858.6,856.8,872.0,847.0
2025-06-20T11:00:00Z,891.6,874.8,890.0,910.0
2025-06-20T12:00:00Z,862.6666666666666,847.0,861.0,880.0
2025-06-20T13:00:00Z,786.0,777.0,787.0,794.0
2025-06-20T14:00:00Z,675.2666666666667,669.8,677.0,679.0
2025-06-20T15:00:00Z,544.1,533.3,540.0,559.0
2025-06-20T16:00:00Z,388.6666666666667,375.0,388.0,403.0
2025-06-20T17:00:00Z,231.5,219.5,232.0,243.0
2025-06-20T18:00:00Z,94.60000000000001,85.8,100.0,98.0
2025-06-20T19:00:00Z,10.1,8.3,13.0,9.0
2025-06-20T20:00:00Z,0.09999999999999999,0.3,0.0,0.0
2025-06-20T21:00:00Z,0.0,0.0,0.0,0.0
2025-06-20T22:00:00Z,0.0,0.0,0.0,0.0
2025-06-20T23:00:00Z,0.0,0.0,0.0,0.0
2025-06-21T00:00:00Z,0.0,0.0,0.0,0.0
2025-06-21T01:00:00Z,0.0,0.0,0.0,0.0
2025-06-21T02:00:00Z,0.0,0.0,0.0,0.0
2025-06-21T03:00:00Z,25.333333333333332,21.0,34.0,21.0
2025-06-21T04:00:00Z,128.76666666666668,115.3,137.0,134.0
2025-06-21T05:00:00Z,264.09999999999997,240.3,266.0,286.0
2025-06-21T06:00:00Z,424.8333333333333,408.5,421.0,445.0
2025-06-21T07:00:00Z,579.0,562.0,577.0,598.0
2025-06-21T08:00:00Z,711.6666666666666,698.0,710.0,727.0
2025-06-21T09:00:00Z,813.5,802.5,810.0,828.0
2025-06-21T10:00:00Z,873.5,864.5,870.0,886.0
2025-06-21T11:00:00Z,886.9333333333334,876.8,888.0,896.0
2025-06-21T12:00:00Z,838.6,842.8,859.0,814.0
2025-06-21T13:00:00Z,762.2666666666668,764.8,779.0,743.0
2025-06-21T14:00:00Z,632.6666666666666,618.0,659.0,621.0
2025-06-21T15:00:00Z,513.5,485.5,511.0,544.0
2025-06-21T16:00:00Z,311.5,254.5,349.0,331.0
2025-06-21T17:00:00Z,182.0,148.0,187.0,211.0
2025-06-21T18:00:00Z,65.33333333333333,59.0,66.0,71.0
2025-06-21T19:00:00Z,5.933333333333334,3.8,7.0,7.0
2025-06-21T20:00:00Z,0.0,0.0,0.0,0.0
2025-06-21T21:00:00Z,0.0,0.0,0.0,0.0
2025-06-21T22:00:00Z,0.0,0.0,0.0,0.0
2025-06-21T23:00:00Z,0.0,0.0,0.0,0.0
2025-06-22T00:00:00Z,0.0,0.0,0.0,0.0
2025-06-22T01:00:00Z,0.09999999999999999,0.3,0.0,0.0
2025-06-22T02:00:00Z,0.09999999999999999,0.3,0.0,0.0
2025-06-22T03:00:00Z,24.5,21.5,32.0,20.0
2025-06-22T04:00:00Z,116.43333333333334,117.3,130.0,102.0
2025-06-22T05:00:00Z,231.5,251.5,235.0,208.0
2025-06-22T06:00:00Z,304.3333333333333,330.0,337.0,246.0
2025-06-22T07:00:00Z,287.76666666666665,279.3,418.0,166.0
2025-06-22T08:00:00Z,403.26666666666665,166.8,438.0,605.0
2025-06-22T09:00:00Z,480.0,305.0,406.0,729.0
2025-06-22T10:00:00Z,282.93333333333334,246.8,393.0,209.0
2025-06-22T11:00:00Z,221.4333333333333,150.3,456.0,58.0
2025-06-22T12:00:00Z,455.3333333333333,230.0,546.0,590.0
2025-06-22T13:00:00Z,518.5,469.5,582.0,504.0
2025-06-22T14:00:00Z,424.76666666666665,266.3,544.0,464.0
2025-06-22T15:00:00Z,365.26666666666665,153.8,460.0,482.0
2025-06-22T16:00:00Z,342.1666666666667,285.5,344.0,397.0
2025-06-22T17:00:00Z,209.9333333333333,199.8,210.0,220.0
2025-06-22T18:00:00Z,92.33333333333333,87.0,91.0,99.0
2025-06-22T19:00:00Z,9.933333333333334,8.8,12.0,9.0
2025-06-22T20:00:00Z,0.0,0.0,0.0,0.0
2025-06-22T21:00:00Z,0.0,0.0,0.0,0.0
2025-06-22T22:00:00Z,0.09999999999999999,0.3,0.0,0.0
2025-06-22T23:00:00Z,0.0,0.0,0.0,0.0
2025-06-23T00:00:00Z,0.09999999999999999,0.3,0.0,0.0
2025-06-23T01:00:00Z,0.0,0.0,0.0,0.0
2025-06-23T02:00:00Z,0.0,0.0,0.0,0.0
2025-06-23T03:00:00Z,23.766666666666666,20.3,31.0,20.0
2025-06-23T04:00:00Z,113.0,105.0,129.0,105.0
2025-06-23T05:00:00Z,245.9333333333333,233.8,254.0,250.0
2025-06-23T06:00:00Z,372.6666666666667,335.0,404.0,379.0
2025-06-23T07:00:00Z,516.1,426.3,538.0,584.0
2025-06-23T08:00:00Z,595.1666666666666,493.5,596.0,696.0
2025-06-23T09:00:00Z,649.2666666666667,559.8,583.0,805.0
2025-06-23T10:00:00Z,618.2666666666667,674.8,558.0,622.0
2025-06-23T11:00:00Z,686.0,651.0,569.0,838.0
2025-06-23T12:00:00Z,649.8333333333334,537.5,581.0,831.0
2025-06-23T13:00:00Z,550.4333333333333,361.3,547.0,743.0
2025-06-23T14:00:00Z,486.1666666666667,407.5,448.0,603.0
2025-06-23T15:00:00Z,410.93333333333334,357.8,330.0,545.0
2025-06-23T16:00:00Z,180.1,284.3,230.0,26.0
2025-06-23T17:00:00Z,129.6,183.8,152.0,53.0
2025-06-23T18:00:00Z,46.0,49.0,79.0,10.0
2025-06-23T19:00:00Z,6.666666666666667,5.0,12.0,3.0
2025-06-23T20:00:00Z,0.0,0.0,0.0,0.0
2025-06-23T21:00:00Z,0.0,0.0,0.0,0.0
2025-06-23T22:00:00Z,0.0,0.0,0.0,0.0
2025-06-23T23:00:00Z,0.0,0.0,0.0,0.0
2025-06-24T00:00:00Z,0.0,0.0,0.0,0.0
2025-06-24T01:00:00Z,0.0,0.0,0.0,0.0
2025-06-24T02:00:00Z,0.0,0.0,0.0,0.0
2025-06-24T03:00:00Z,16.599999999999998,17.8,24.0,8.0
2025-06-24T04:00:00Z,73.93333333333334,87.8,101.0,33.0
2025-06-24T05:00:00Z,170.43333333333334,167.3,195.0,149.0
2025-06-24T06:00:00Z,333.3333333333333,268.0,305.0,427.0
2025-06-24T07:00:00Z,428.1666666666667,368.5,428.0,488.0
2025-06-24T08:00:00Z,608.5,603.5,567.0,655.0
2025-06-24T09:00:00Z,694.4333333333334,567.3,709.0,807.0
2025-06-24T10:00:00Z,756.5,591.5,809.0,869.0
2025-06-24T11:00:00Z,806.9333333333334,701.8,835.0,884.0
2025-06-24T12:00:00Z,792.1,720.3,799.0,857.0
2025-06-24T13:00:00Z,707.6,618.8,723.0,781.0
2025-06-24T14:00:00Z,618.6,558.8,620.0,677.0
2025-06-24T15:00:00Z,500.59999999999997,465.8,494.0,542.0
2025-06-24T16:00:00Z,369.43333333333334,365.3,355.0,388.0
2025-06-24T17:00:00Z,220.33333333333334,216.0,215.0,230.0
2025-06-24T18:00:00Z,90.33333333333333,84.0,95.0,92.0
2025-06-24T19:00:00Z,9.666666666666666,8.0,13.0,8.0
2025-06-24T20:00:00Z,0.0,0.0,0.0,0.0
2025-06-24T21:00:00Z,0.0,0.0,0.0,0.0
2025-06-24T22:00:00Z,0.0,0.0,0.0,0.0
2025-06-24T23:00:00Z,0.0,0.0,0.0,0.0
2025-06-25T00:00:00Z,0.09999999999999999,0.3,0.0,0.0
2025-06-25T01:00:00Z,0.0,0.0,0.0,0.0
2025-06-25T02:00:00Z,0.09999999999999999,0.3,0.0,0.0
2025-06-25T03:00:00Z,18.766666666666666,14.3,24.0,18.0
2025-06-25T04:00:00Z,67.33333333333333,53.0,103.0,46.0
2025-06-25T05:00:00Z,138.33333333333334,118.0,196.0,101.0
2025-06-25T06:00:00Z,265.59999999999997,104.8,300.0,392.0
2025-06-25T07:00:00Z,361.0,281.0,407.0,395.0
2025-06-25T08:00:00Z,356.09999999999997,460.3,509.0,99.0
2025-06-25T09:00:00Z,610.1,490.3,597.0,743.0
2025-06-25T10:00:00Z,714.5,639.5,645.0,859.0
2025-06-25T11:00:00Z,677.2666666666667,533.8,626.0,872.0
2025-06-25T12:00:00Z,516.0,235.0,561.0,752.0
2025-06-25T13:00:00Z,531.1,336.3,494.0,763.0
2025-06-25T14:00:00Z,492.93333333333334,395.8,455.0,628.0
2025-06-25T15:00:00Z,250.33333333333334,181.0,406.0,164.0
2025-06-25T16:00:00Z,327.59999999999997,285.8,312.0,385.0
2025-06-25T17:00:00Z,171.5,102.5,184.0,228.0
2025-06-25T18:00:00Z,76.93333333333334,66.8,73.0,91.0
2025-06-25T19:00:00Z,8.266666666666667,7.8,9.0,8.0
2025-06-25T20:00:00Z,0.0,0.0,0.0,0.0
2025-06-25T21:00:00Z,0.0,0.0,0.0,0.0
2025-06-25T22:00:00Z,0.0,0.0,0.0,0.0
2025-06-25T23:00:00Z,0.09999999999999999,0.3,0.0,0.0
2025-06-26T00:00:00Z,0.0,0.0,0.0,0.0
2025-06-26T01:00:00Z,0.09999999999999999,0.3,0.0,0.0
2025-06-26T02:00:00Z,0.0,0.0,0.0,0.0
2025-06-26T03:00:00Z,15.666666666666666,12.0,19.0,16.0
2025-06-26T04:00:00Z,80.33333333333333,72.0,77.0,92.0
2025-06-26T05:00:00Z,168.83333333333334,156.5,121.0,229.0
2025-06-26T06:00:00Z,272.5,293.5,136.0,388.0
2025-06-26T07:00:00Z,326.5,356.5,155.0,468.0
2025-06-26T08:00:00Z,408.5,336.5,234.0,655.0
2025-06-26T09:00:00Z,546.3333333333334,517.0,358.0,764.0
2025-06-26T10:00:00Z,611.7666666666667,532.3,457.0,846.0
2025-06-26T11:00:00Z,401.43333333333334,505.3,482.0,217.0
2025-06-26T12:00:00Z,499.26666666666665,439.8,459.0,599.0
2025-06-26T13:00:00Z,445.8333333333333,436.5,412.0,489.0
2025-06-26T14:00:00Z,308.5,427.5,350.0,148.0
2025-06-26T15:00:00Z,302.43333333333334,324.3,275.0,308.0
2025-06-26T16:00:00Z,191.0,219.0,199.0,155.0
2025-06-26T17:00:00Z,109.93333333333334,124.8,128.0,77.0
2025-06-26T18:00:00Z,57.93333333333334,61.8,62.0,50.0
2025-06-26T19:00:00Z,7.933333333333334,6.8,9.0,8.0
2025-06-26T20:00:00Z,0.0,0.0,0.0,0.0
2025-06-26T21:00:00Z,0.0,0.0,0.0,0.0
2025-06-26T22:00:00Z,0.0,0.0,0.0,0.0
2025-06-26T23:00:00Z,0.0,0.0,0.0,0.0
2025-06-27T00:00:00Z,0.0,0.0,0.0,0.0
2025-06-27T01:00:00Z,0.16666666666666666,0.5,0.0,0.0
2025-06-27T02:00:00Z,0.0,0.0,0.0,0.0
2025-06-27T03:00:00Z,19.0,14.0,26.0,17.0
2025-06-27T04:00:00Z,105.83333333333333,84.5,116.0,117.0
2025-06-27T05:00:00Z,227.4333333333333,192.3,231.0,259.0
2025-06-27T06:00:00Z,359.8333333333333,291.5,372.0,416.0
2025-06-27T07:00:00Z,497.43333333333334,404.3,517.0,571.0
2025-06-27T08:00:00Z,624.8333333333334,537.5,636.0,701.0
2025-06-27T09:00:00Z,744.8333333333334,713.5,720.0,801.0
2025-06-27T10:00:00Z,791.6666666666666,752.0,761.0,862.0
2025-06-27T11:00:00Z,782.7666666666668,729.3,742.0,877.0
2025-06-27T12:00:00Z,746.4333333333334,728.3,675.0,836.0
2025-06-27T13:00:00Z,537.8333333333334,648.5,600.0,365.0
2025-06-27T14:00:00Z,594.6666666666666,573.0,542.0,669.0
2025-06-27T15:00:00Z,499.09999999999997,494.3,471.0,532.0
2025-06-27T16:00:00Z,355.43333333333334,352.3,359.0,355.0
2025-06-27T17:00:00Z,217.4333333333333,205.3,218.0,229.0
2025-06-27T18:00:00Z,87.26666666666667,77.8,93.0,91.0
2025-06-27T19:00:00Z,9.266666666666667,7.8,12.0,8.0
2025-06-27T20:00:00Z,0.0,0.0,0.0,0.0
2025-06-27T21:00:00Z,0.0,0.0,0.0,0.0
2025-06-27T22:00:00Z,0.09999999999999999,0.3,0.0,0.0
2025-06-27T23:00:00Z,0.0,0.0,0.0,0.0
2025-06-28T00:00:00Z,0.0,0.0,0.0,0.0
2025-06-28T01:00:00Z,0.0,0.0,0.0,0.0
2025-06-28T02:00:00Z,0.0,0.0,0.0,0.0
2025-06-28T03:00:00Z,20.333333333333332,17.0,27.0,17.0
2025-06-28T04:00:00Z,111.76666666666667,99.3,119.0,117.0
2025-06-28T05:00:00Z,238.1,229.3,223.0,262.0
2025-06-28T06:00:00Z,371.0,363.0,331.0,419.0
2025-06-28T07:00:00Z,487.59999999999997,452.8,442.0,568.0
2025-06-28T08:00:00Z,600.6666666666666,541.0,563.0,698.0
2025-06-28T09:00:00Z,690.6666666666666,593.0,681.0,798.0
2025-06-28T10:00:00Z,730.3333333333334,575.0,757.0,859.0
2025-06-28T11:00:00Z,775.6,691.8,760.0,875.0
2025-06-28T12:00:00Z,747.6,686.8,707.0,849.0
2025-06-28T13:00:00Z,688.6666666666666,656.0,630.0,780.0
2025-06-28T14:00:00Z,603.0,588.0,546.0,675.0
2025-06-28T15:00:00Z,487.1666666666667,474.5,446.0,541.0
2025-06-28T16:00:00Z,343.09999999999997,313.3,326.0,390.0
2025-06-28T17:00:00Z,209.83333333333334,198.5,197.0,234.0
2025-06-28T18:00:00Z,87.5,83.5,85.0,94.0
2025-06-28T19:00:00Z,9.1,8.3,11.0,8.0
2025-06-28T20:00:00Z,0.0,0.0,0.0,0.0
2025-06-28T21:00:00Z,0.0,0.0,0.0,0.0
2025-06-28T22:00:00Z,0.0,0.0,0.0,0.0
2025-06-28T23:00:00Z,0.0,0.0,0.0,0.0
2025-06-29T00:00:00Z,0.0,0.0,0.0,0.0
2025-06-29T01:00:00Z,0.0,0.0,0.0,0.0
2025-06-29T02:00:00Z,0.0,0.0,0.0,0.0
2025-06-29T03:00:00Z,21.166666666666668,17.5,28.0,18.0
2025-06-29T04:00:00Z,118.66666666666667,104.0,129.0,123.0
2025-06-29T05:00:00Z,256.0,237.0,257.0,274.0
2025-06-29T06:00:00Z,412.6666666666667,392.0,412.0,434.0
2025-06-29T07:00:00Z,565.6666666666666,541.0,570.0,586.0
2025-06-29T08:00:00Z,697.8333333333334,673.5,703.0,717.0
2025-06-29T09:00:00Z,799.1666666666666,779.5,801.0,817.0
2025-06-29T10:00:00Z,859.5,840.5,861.0,877.0
2025-06-29T11:00:00Z,881.0,869.0,878.0,896.0
2025-06-29T12:00:00Z,853.6666666666666,845.0,850.0,866.0
2025-06-29T13:00:00Z,780.4333333333334,771.3,777.0,793.0
2025-06-29T14:00:00Z,670.9333333333333,661.8,667.0,684.0
2025-06-29T15:00:00Z,533.9333333333333,524.8,530.0,547.0
2025-06-29T16:00:00Z,381.6666666666667,370.0,380.0,395.0
2025-06-29T17:00:00Z,228.16666666666666,217.5,227.0,240.0
2025-06-29T18:00:00Z,93.43333333333334,86.3,97.0,97.0
2025-06-29T19:00:00Z,9.766666666666667,8.3,12.0,9.0
2025-06-29T20:00:00Z,0.0,0.0,0.0,0.0
2025-06-29T21:00:00Z,0.0,0.0,0.0,0.0
2025-06-29T22:00:00Z,0.0,0.0,0.0,0.0
2025-06-29T23:00:00Z,0.0,0.0,0.0,0.0
2025-06-30T00:00:00Z,0.0,0.0,0.0,0.0
2025-06-30T01:00:00Z,0.09999999999999999,0.3,0.0,0.0
2025-06-30T02:00:00Z,0.0,0.0,0.0,0.0
2025-06-30T03:00:00Z,21.333333333333332,18.0,28.0,18.0
2025-06-30T04:00:00Z,120.26666666666667,107.8,129.0,124.0
2025-06-30T05:00:00Z,257.93333333333334,243.8,257.0,273.0
2025-06-30T06:00:00Z,414.0,398.0,411.0,433.0
2025-06-30T07:00:00Z,567.4333333333333,549.3,568.0,585.0
2025-06-30T08:00:00Z,700.4333333333334,683.3,701.0,717.0
2025-06-30T09:00:00Z,803.0,791.0,801.0,817.0
2025-06-30T10:00:00Z,865.2666666666668,854.8,862.0,879.0
2025-06-30T11:00:00Z,882.4333333333334,872.3,880.0,895.0
2025-06-30T12:00:00Z,853.2666666666668,842.8,852.0,865.0
2025-06-30T13:00:00Z,782.1,773.3,780.0,793.0
2025-06-30T14:00:00Z,673.9333333333333,665.8,672.0,684.0
2025-06-30T15:00:00Z,537.8333333333334,528.5,538.0,547.0
2025-06-30T16:00:00Z,385.6666666666667,376.0,387.0,394.0
2025-06-30T17:00:00Z,230.1,222.3,230.0,238.0
2025-06-30T18:00:00Z,93.83333333333333,87.5,98.0,96.0
2025-06-30T19:00:00Z,9.433333333333334,8.3,12.0,8.0
2025-06-30T20:00:00Z,0.09999999999999999,0.3,0.0,0.0
2025-06-30T21:00:00Z,0.09999999999999999,0.3,0.0,0.0
2025-06-30T22:00:00Z,0.0,0.0,0.0,0.0
2025-06-30T23:00:00Z,0.0,0.0,0.0,0.0
2025-07-01T00:00:00Z,0.0,0.0,0.0,0.0
2025-07-01T01:00:00Z,0.0,0.0,0.0,0.0
2025-07-01T02:00:00Z,0.0,0.0,0.0,0.0
2025-07-01T03:00:00Z,20.166666666666668,17.5,27.0,16.0
2025-07-01T04:00:00Z,117.66666666666667,106.0,127.0,120.0
2025-07-01T05:00:00Z,254.33333333333334,242.0,254.0,267.0
2025-07-01T06:00:00Z,408.76666666666665,394.3,406.0,426.0
2025-07-01T07:00:00Z,560.2666666666667,544.8,560.0,576.0
2025-07-01T08:00:00Z,691.1,677.3,690.0,706.0
2025-07-01T09:00:00Z,790.7666666666668,781.3,786.0,805.0
2025-07-01T10:00:00Z,851.1,847.3,841.0,865.0
2025-07-01T11:00:00Z,868.6666666666666,864.0,853.0,889.0
2025-07-01T12:00:00Z,836.6,830.8,817.0,862.0
2025-07-01T13:00:00Z,763.0,758.0,739.0,792.0
2025-07-01T14:00:00Z,659.0,667.0,627.0,683.0
2025-07-01T15:00:00Z,525.3333333333334,538.0,492.0,546.0
2025-07-01T16:00:00Z,373.93333333333334,381.8,348.0,392.0
2025-07-01T17:00:00Z,222.1,224.3,207.0,235.0
2025-07-01T18:00:00Z,90.33333333333333,87.0,89.0,95.0
2025-07-01T19:00:00Z,9.166666666666666,8.5,11.0,8.0
2025-07-01T20:00:00Z,0.0,0.0,0.0,0.0
2025-07-01T21:00:00Z,0.0,0.0,0.0,0.0
2025-07-01T22:00:00Z,0.0,0.0,0.0,0.0
2025-07-01T23:00:00Z,0.0,0.0,0.0,0.0
2025-07-02T00:00:00Z,0.0,0.0,0.0,0.0
2025-07-02T01:00:00Z,0.0,0.0,0.0,0.0
2025-07-02T02:00:00Z,0.09999999999999999,0.3,0.0,0.0
2025-07-02T03:00:00Z,9.433333333333334,6.3,11.0,11.0
2025-07-02T04:00:00Z,30.433333333333334,13.3,58.0,20.0
2025-07-02T05:00:00Z,112.0,36.0,130.0,170.0
2025-07-02T06:00:00Z,198.5,107.5,238.0,250.0
2025-07-02T07:00:00Z,339.76666666666665,214.3,372.0,433.0
2025-07-02T08:00:00Z,436.26666666666665,449.8,527.0,332.0
2025-07-02T09:00:00Z,701.4333333333334,601.3,688.0,815.0
2025-07-02T10:00:00Z,813.6666666666666,749.0,808.0,884.0
2025-07-02T11:00:00Z,852.2666666666668,805.8,850.0,901.0
2025-07-02T12:00:00Z,846.1666666666666,834.5,825.0,879.0
2025-07-02T13:00:00Z,775.6,765.8,754.0,807.0
2025-07-02T14:00:00Z,668.4333333333333,654.3,652.0,699.0
2025-07-02T15:00:00Z,522.3333333333334,486.0,521.0,560.0
2025-07-02T16:00:00Z,379.76666666666665,363.3,374.0,402.0
2025-07-02T17:00:00Z,228.26666666666665,223.8,221.0,240.0
2025-07-02T18:00:00Z,91.66666666666667,87.0,93.0,95.0
2025-07-02T19:00:00Z,9.1,8.3,11.0,8.0
2025-07-02T20:00:00Z,0.0,0.0,0.0,0.0
2025-07-02T21:00:00Z,0.0,0.0,0.0,0.0
2025-07-02T22:00:00Z,0.0,0.0,0.0,0.0
2025-07-02T23:00:00Z,0.0,0.0,0.0,0.0
2025-07-03T00:00:00Z,0.0,0.0,0.0,0.0
2025-07-03T01:00:00Z,0.0,0.0,0.0,0.0
2025-07-03T02:00:00Z,0.0,0.0,0.0,0.0
2025-07-03T03:00:00Z,16.099999999999998,14.3,19.0,15.0
2025-07-03T04:00:00Z,105.0,99.0,98.0,118.0
2025-07-03T05:00:00Z,229.26666666666665,211.8,210.0,266.0
2025-07-03T06:00:00Z,381.26666666666665,357.8,360.0,426.0
2025-07-03T07:00:00Z,532.0,499.0,517.0,580.0
2025-07-03T08:00:00Z,661.7666666666667,630.3,642.0,713.0
2025-07-03T09:00:00Z,775.2666666666668,782.8,729.0,814.0
2025-07-03T10:00:00Z,823.1,844.3,782.0,843.0
2025-07-03T11:00:00Z,822.6666666666666,767.0,801.0,900.0
2025-07-03T12:00:00Z,774.6,671.8,779.0,873.0
2025-07-03T13:00:00Z,682.3333333333334,573.0,714.0,760.0
2025-07-03T14:00:00Z,599.8333333333334,565.5,615.0,619.0
2025-07-03T15:00:00Z,476.3333333333333,483.0,490.0,456.0
2025-07-03T16:00:00Z,322.1666666666667,343.5,344.0,279.0
2025-07-03T17:00:00Z,189.33333333333334,215.0,193.0,160.0
2025-07-03T18:00:00Z,75.33333333333333,86.0,74.0,66.0
2025-07-03T19:00:00Z,7.766666666666667,8.3,8.0,7.0
2025-07-03T20:00:00Z,0.09999999999999999,0.3,0.0,0.0
2025-07-03T21:00:00Z,0.0,0.0,0.0,0.0
2025-07-03T22:00:00Z,0.09999999999999999,0.3,0.0,0.0
2025-07-03T23:00:00Z,0.0,0.0,0.0,0.0
2025-07-04T00:00:00Z,0.0,0.0,0.0,0.0
2025-07-04T01:00:00Z,0.09999999999999999,0.3,0.0,0.0
2025-07-04T02:00:00Z,0.0,0.0,0.0,0.0
2025-07-04T03:00:00Z,16.933333333333334,15.8,24.0,11.0
2025-07-04T04:00:00Z,91.93333333333334,91.8,121.0,63.0
2025-07-04T05:00:00Z,183.83333333333334,198.5,220.0,133.0
2025-07-04T06:00:00Z,273.59999999999997,306.8,308.0,206.0
2025-07-04T07:00:00Z,395.5,463.5,388.0,335.0
2025-07-04T08:00:00Z,489.5,504.5,467.0,497.0
2025-07-04T09:00:00Z,540.3333333333334,506.0,540.0,575.0
2025-07-04T10:00:00Z,567.6,543.8,613.0,546.0
2025-07-04T11:00:00Z,660.2666666666667,476.8,706.0,798.0
2025-07-04T12:00:00Z,771.6,657.8,787.0,870.0
2025-07-04T13:00:00Z,695.1,507.3,781.0,797.0
2025-07-04T14:00:00Z,603.1,475.3,674.0,660.0
2025-07-04T15:00:00Z,491.5,413.5,514.0,547.0
2025-07-04T16:00:00Z,338.0,301.0,338.0,375.0
2025-07-04T17:00:00Z,196.66666666666666,199.0,169.0,222.0
2025-07-04T18:00:00Z,51.43333333333334,81.3,50.0,23.0
2025-07-04T19:00:00Z,4.0,7.0,3.0,2.0
2025-07-04T20:00:00Z,0.0,0.0,0.0,0.0
2025-07-04T21:00:00Z,0.0,0.0,0.0,0.0
2025-07-04T22:00:00Z,0.09999999999999999,0.3,0.0,0.0
2025-07-04T23:00:00Z,0.0,0.0,0.0,0.0
2025-07-05T00:00:00Z,0.0,0.0,0.0,0.0
2025-07-05T01:00:00Z,0.0,0.0,0.0,0.0
2025-07-05T02:00:00Z,0.09999999999999999,0.3,0.0,0.0
2025-07-05T03:00:00Z,10.833333333333334,3.5,18.0,11.0
2025-07-05T04:00:00Z,71.83333333333333,66.5,91.0,58.0
2025-07-05T05:00:00Z,137.0,168.0,168.0,75.0
2025-07-05T06:00:00Z,185.1,253.3,237.0,65.0
2025-07-05T07:00:00Z,216.83333333333334,305.5,300.0,45.0
2025-07-05T08:00:00Z,263.43333333333334,390.3,369.0,31.0
2025-07-05T09:00:00Z,272.5,353.5,434.0,30.0
2025-07-05T10:00:00Z,227.83333333333334,195.5,457.0,31.0
2025-07-05T11:00:00Z,225.6,151.8,400.0,125.0
2025-07-05T12:00:00Z,280.3333333333333,400.0,300.0,141.0
2025-07-05T13:00:00Z,231.4333333333333,363.3,226.0,105.0
2025-07-05T14:00:00Z,155.26666666666668,202.8,214.0,49.0
2025-07-05T15:00:00Z,146.66666666666666,192.0,211.0,37.0
2025-07-05T16:00:00Z,123.93333333333334,172.8,172.0,27.0
2025-07-05T17:00:00Z,67.83333333333333,77.5,100.0,26.0
2025-07-05T18:00:00Z,19.833333333333332,17.5,38.0,4.0
2025-07-05T19:00:00Z,3.1,1.3,4.0,4.0
2025-07-05T20:00:00Z,0.0,0.0,0.0,0.0
2025-07-05T21:00:00Z,0.0,0.0,0.0,0.0
2025-07-05T22:00:00Z,0.0,0.0,0.0,0.0
2025-07-05T23:00:00Z,0.09999999999999999,0.3,0.0,0.0
2025-07-06T00:00:00Z,0.0,0.0,0.0,0.0
2025-07-06T01:00:00Z,0.0,0.0,0.0,0.0
2025-07-06T02:00:00Z,0.09999999999999999,0.3,0.0,0.0
2025-07-06T03:00:00Z,3.266666666666667,0.8,8.0,1.0
2025-07-06T04:00:00Z,26.433333333333334,26.3,43.0,10.0
2025-07-06T05:00:00Z,75.43333333333334,99.3,86.0,41.0
2025-07-06T06:00:00Z,124.5,157.5,136.0,80.0
2025-07-06T07:00:00Z,197.6,337.8,196.0,59.0
2025-07-06T08:00:00Z,232.33333333333334,350.0,271.0,76.0
2025-07-06T09:00:00Z,379.3333333333333,276.0,355.0,507.0
2025-07-06T10:00:00Z,364.5,324.5,434.0,335.0
2025-07-06T11:00:00Z,389.93333333333334,195.8,514.0,460.0
2025-07-06T12:00:00Z,626.9333333333333,581.8,571.0,728.0
2025-07-06T13:00:00Z,397.09999999999997,409.3,553.0,229.0
2025-07-06T14:00:00Z,288.1666666666667,379.5,438.0,47.0
2025-07-06T15:00:00Z,157.33333333333334,128.0,290.0,54.0
2025-07-06T16:00:00Z,125.0,96.0,176.0,103.0
2025-07-06T17:00:00Z,78.0,51.0,105.0,78.0
2025-07-06T18:00:00Z,29.5,16.5,49.0,23.0
2025-07-06T19:00:00Z,2.6666666666666665,1.0,6.0,1.0
2025-07-06T20:00:00Z,0.0,0.0,0.0,0.0
2025-07-06T21:00:00Z,0.0,0.0,0.0,0.0
2025-07-06T22:00:00Z,0.0,0.0,0.0,0.0
2025-07-06T23:00:00Z,0.0,0.0,0.0,0.0
2025-07-07T00:00:00Z,0.09999999999999999,0.3,0.0,0.0
2025-07-07T01:00:00Z,0.0,0.0,0.0,0.0
2025-07-07T02:00:00Z,0.09999999999999999,0.3,0.0,0.0
2025-07-07T03:00:00Z,12.0,11.0,13.0,12.0
2025-07-07T04:00:00Z,79.93333333333334,83.8,75.0,81.0
2025-07-07T05:00:00Z,199.1,202.3,170.0,225.0
2025-07-07T06:00:00Z,242.83333333333334,269.5,307.0,152.0
2025-07-07T07:00:00Z,337.0,424.0,453.0,134.0
2025-07-07T08:00:00Z,464.6666666666667,541.0,565.0,288.0
2025-07-07T09:00:00Z,619.9333333333333,537.8,636.0,686.0
2025-07-07T10:00:00Z,682.6666666666666,568.0,673.0,807.0
2025-07-07T11:00:00Z,716.7666666666668,674.3,676.0,800.0
2025-07-07T12:00:00Z,482.43333333333334,568.3,642.0,237.0
2025-07-07T13:00:00Z,505.1666666666667,706.5,581.0,228.0
2025-07-07T14:00:00Z,544.5,533.5,504.0,596.0
2025-07-07T15:00:00Z,330.1666666666667,376.5,410.0,204.0
2025-07-07T16:00:00Z,233.66666666666666,232.0,297.0,172.0
2025-07-07T17:00:00Z,192.4333333333333,165.3,176.0,236.0
2025-07-07T18:00:00Z,79.83333333333333,74.5,73.0,92.0
2025-07-07T19:00:00Z,6.6000000000000005,5.8,8.0,6.0
2025-07-07T20:00:00Z,0.0,0.0,0.0,0.0
2025-07-07T21:00:00Z,0.0,0.0,0.0,0.0
2025-07-07T22:00:00Z,0.0,0.0,0.0,0.0
2025-07-07T23:00:00Z,0.09999999999999999,0.3,0.0,0.0
2025-07-08T00:00:00Z,0.0,0.0,0.0,0.0
2025-07-08T01:00:00Z,0.0,0.0,0.0,0.0
2025-07-08T02:00:00Z,0.0,0.0,0.0,0.0
2025-07-08T03:00:00Z,5.433333333333334,6.3,5.0,5.0
2025-07-08T04:00:00Z,20.166666666666668,11.5,32.0,17.0
2025-07-08T05:00:00Z,62.1,82.3,89.0,15.0
2025-07-08T06:00:00Z,170.43333333333334,281.3,188.0,42.0
2025-07-08T07:00:00Z,243.9333333333333,370.8,314.0,47.0
2025-07-08T08:00:00Z,392.76666666666665,314.3,449.0,415.0
2025-07-08T09:00:00Z,547.8333333333334,274.5,582.0,787.0
2025-07-08T10:00:00Z,541.1666666666666,372.5,674.0,577.0
2025-07-08T11:00:00Z,495.8333333333333,458.5,691.0,338.0
2025-07-08T12:00:00Z,465.43333333333334,600.3,647.0,149.0
2025-07-08T13:00:00Z,436.0,590.0,575.0,143.0
2025-07-08T14:00:00Z,406.76666666666665,356.3,492.0,372.0
2025-07-08T15:00:00Z,365.43333333333334,206.3,394.0,496.0
2025-07-08T16:00:00Z,260.0,234.0,285.0,261.0
2025-07-08T17:00:00Z,146.33333333333334,160.0,173.0,106.0
2025-07-08T18:00:00Z,70.60000000000001,73.8,75.0,63.0
2025-07-08T19:00:00Z,6.833333333333333,6.5,8.0,6.0
2025-07-08T20:00:00Z,0.0,0.0,0.0,0.0
2025-07-08T21:00:00Z,0.0,0.0,0.0,0.0
2025-07-08T22:00:00Z,0.0,0.0,0.0,0.0
2025-07-08T23:00:00Z,0.0,0.0,0.0,0.0
2025-07-09T00:00:00Z,0.0,0.0,0.0,0.0
2025-07-09T01:00:00Z,0.0,0.0,0.0,0.0
2025-07-09T02:00:00Z,0.0,0.0,0.0,0.0
2025-07-09T03:00:00Z,9.6,8.8,15.0,5.0
2025-07-09T04:00:00Z,78.83333333333333,62.5,92.0,82.0
2025-07-09T05:00:00Z,165.0,139.0,191.0,165.0
2025-07-09T06:00:00Z,306.0,271.0,310.0,337.0
2025-07-09T07:00:00Z,443.1666666666667,417.5,435.0,477.0
2025-07-09T08:00:00Z,601.0,561.0,560.0,682.0
2025-07-09T09:00:00Z,591.5,748.5,667.0,359.0
2025-07-09T10:00:00Z,773.1666666666666,790.5,700.0,829.0
2025-07-09T11:00:00Z,767.5,823.5,590.0,889.0
2025-07-09T12:00:00Z,702.7666666666668,844.3,402.0,862.0
2025-07-09T13:00:00Z,610.6666666666666,774.0,276.0,782.0
2025-07-09T14:00:00Z,517.4333333333333,597.3,275.0,680.0
2025-07-09T15:00:00Z,412.3333333333333,402.0,300.0,535.0
2025-07-09T16:00:00Z,249.5,198.5,261.0,289.0
2025-07-09T17:00:00Z,129.26666666666668,147.8,161.0,79.0
2025-07-09T18:00:00Z,52.833333333333336,58.5,65.0,35.0
2025-07-09T19:00:00Z,5.766666666666667,6.3,6.0,5.0
2025-07-09T20:00:00Z,0.09999999999999999,0.3,0.0,0.0
2025-07-09T21:00:00Z,0.0,0.0,0.0,0.0
2025-07-09T22:00:00Z,0.0,0.0,0.0,0.0
2025-07-09T23:00:00Z,0.09999999999999999,0.3,0.0,0.0
2025-07-10T00:00:00Z,0.0,0.0,0.0,0.0
2025-07-10T01:00:00Z,0.0,0.0,0.0,0.0
2025-07-10T02:00:00Z,0.09999999999999999,0.3,0.0,0.0
2025-07-10T03:00:00Z,9.833333333333334,10.5,9.0,10.0
2025-07-10T04:00:00Z,77.33333333333333,74.0,58.0,100.0
2025-07-10T05:00:00Z,124.93333333333334,132.8,129.0,113.0
2025-07-10T06:00:00Z,179.1,224.3,227.0,86.0
2025-07-10T07:00:00Z,229.4333333333333,231.3,339.0,118.0
2025-07-10T08:00:00Z,343.3333333333333,361.0,448.0,221.0
2025-07-10T09:00:00Z,470.3333333333333,627.0,549.0,235.0
2025-07-10T10:00:00Z,496.3333333333333,654.0,626.0,209.0
2025-07-10T11:00:00Z,641.6,677.8,677.0,570.0
2025-07-10T12:00:00Z,729.9333333333334,683.8,691.0,815.0
2025-07-10T13:00:00Z,651.1,576.3,649.0,728.0
2025-07-10T14:00:00Z,395.5,557.5,552.0,77.0
2025-07-10T15:00:00Z,341.76666666666665,426.3,423.0,176.0
2025-07-10T16:00:00Z,232.83333333333334,263.5,289.0,146.0
2025-07-10T17:00:00Z,121.76666666666667,156.3,162.0,47.0
2025-07-10T18:00:00Z,48.93333333333334,64.8,62.0,20.0
2025-07-10T19:00:00Z,4.333333333333333,6.0,5.0,2.0
2025-07-10T20:00:00Z,0.0,0.0,0.0,0.0
2025-07-10T21:00:00Z,0.0,0.0,0.0,0.0
2025-07-10T22:00:00Z,0.09999999999999999,0.3,0.0,0.0
2025-07-10T23:00:00Z,0.0,0.0,0.0,0.0
2025-07-11T00:00:00Z,0.0,0.0,0.0,0.0
2025-07-11T01:00:00Z,0.0,0.0,0.0,0.0
2025-07-11T02:00:00Z,0.0,0.0,0.0,0.0
2025-07-11T03:00:00Z,4.166666666666667,2.5,9.0,1.0
2025-07-11T04:00:00Z,36.766666666666666,30.3,59.0,21.0
2025-07-11T05:00:00Z,69.76666666666667,54.3,115.0,40.0
2025-07-11T06:00:00Z,101.76666666666667,105.3,170.0,30.0
2025-07-11T07:00:00Z,145.33333333333334,148.0,231.0,57.0
2025-07-11T08:00:00Z,214.4333333333333,198.3,312.0,133.0
2025-07-11T09:00:00Z,287.3333333333333,245.0,404.0,213.0
2025-07-11T10:00:00Z,327.0,224.0,466.0,291.0
2025-07-11T11:00:00Z,330.3333333333333,144.0,464.0,383.0
2025-07-11T12:00:00Z,213.5,168.5,420.0,52.0
2025-07-11T13:00:00Z,224.76666666666665,207.3,368.0,99.0
2025-07-11T14:00:00Z,187.9333333333333,175.8,332.0,56.0
2025-07-11T15:00:00Z,224.76666666666665,115.3,286.0,273.0
2025-07-11T16:00:00Z,135.66666666666666,44.0,211.0,152.0
2025-07-11T17:00:00Z,55.333333333333336,30.0,114.0,22.0
2025-07-11T18:00:00Z,17.433333333333334,10.3,38.0,4.0
2025-07-11T19:00:00Z,1.4333333333333333,1.3,3.0,0.0
2025-07-11T20:00:00Z,0.0,0.0,0.0,0.0
2025-07-11T21:00:00Z,0.0,0.0,0.0,0.0
2025-07-11T22:00:00Z,0.09999999999999999,0.3,0.0,0.0
2025-07-11T23:00:00Z,0.0,0.0,0.0,0.0
2025-07-12T00:00:00Z,0.0,0.0,0.0,0.0
2025-07-12T01:00:00Z,0.0,0.0,0.0,0.0
2025-07-12T02:00:00Z,0.0,0.0,0.0,0.0
2025-07-12T03:00:00Z,5.433333333333334,3.3,6.0,7.0
2025-07-12T04:00:00Z,50.5,25.5,46.0,80.0
2025-07-12T05:00:00Z,131.1,39.3,129.0,225.0
2025-07-12T06:00:00Z,271.93333333333334,166.8,267.0,382.0
2025-07-12T07:00:00Z,356.0,208.0,404.0,456.0
2025-07-12T08:00:00Z,434.59999999999997,440.8,435.0,428.0
2025-07-12T09:00:00Z,474.6666666666667,559.0,374.0,491.0
2025-07-12T10:00:00Z,583.1666666666666,593.5,337.0,819.0
2025-07-12T11:00:00Z,621.8333333333334,597.5,415.0,853.0
2025-07-12T12:00:00Z,534.0,630.0,533.0,439.0
2025-07-12T13:00:00Z,474.3333333333333,563.0,583.0,277.0
2025-07-12T14:00:00Z,383.3333333333333,499.0,535.0,116.0
2025-07-12T15:00:00Z,269.0,227.0,436.0,144.0
2025-07-12T16:00:00Z,213.83333333333334,202.5,314.0,125.0
2025-07-12T17:00:00Z,194.16666666666666,180.5,186.0,216.0
2025-07-12T18:00:00Z,69.83333333333333,56.5,74.0,79.0
2025-07-12T19:00:00Z,4.5,2.5,6.0,5.0
2025-07-12T20:00:00Z,0.09999999999999999,0.3,0.0,0.0
2025-07-12T21:00:00Z,0.0,0.0,0.0,0.0
2025-07-12T22:00:00Z,0.0,0.0,0.0,0.0
2025-07-12T23:00:00Z,0.0,0.0,0.0,0.0
2025-07-13T00:00:00Z,0.0,0.0,0.0,0.0
2025-07-13T01:00:00Z,0.0,0.0,0.0,0.0
2025-07-13T02:00:00Z,0.0,0.0,0.0,0.0
2025-07-13T03:00:00Z,9.666666666666666,8.0,12.0,9.0
2025-07-13T04:00:00Z,86.93333333333334,76.8,90.0,94.0
2025-07-13T05:00:00Z,202.6,208.8,201.0,198.0
2025-07-13T06:00:00Z,342.09999999999997,370.3,346.0,310.0
2025-07-13T07:00:00Z,472.43333333333334,481.3,492.0,444.0
2025-07-13T08:00:00Z,503.76666666666665,479.3,592.0,440.0
2025-07-13T09:00:00Z,672.6666666666666,722.0,642.0,654.0
2025-07-13T10:00:00Z,692.6,646.8,659.0,772.0
2025-07-13T11:00:00Z,576.8333333333334,510.5,650.0,570.0
2025-07-13T12:00:00Z,648.9333333333333,602.8,611.0,733.0
2025-07-13T13:00:00Z,594.5,552.5,554.0,677.0
2025-07-13T14:00:00Z,556.8333333333334,547.5,492.0,631.0
2025-07-13T15:00:00Z,471.3333333333333,477.0,413.0,524.0
2025-07-13T16:00:00Z,329.0,321.0,306.0,360.0
2025-07-13T17:00:00Z,186.6,171.8,181.0,207.0
2025-07-13T18:00:00Z,66.43333333333334,50.3,72.0,77.0
2025-07-13T19:00:00Z,4.833333333333333,4.5,6.0,4.0
2025-07-13T20:00:00Z,0.0,0.0,0.0,0.0
2025-07-13T21:00:00Z,0.0,0.0,0.0,0.0
2025-07-13T22:00:00Z,0.0,0.0,0.0,0.0
2025-07-13T23:00:00Z,0.0,0.0,0.0,0.0
2025-07-14T00:00:00Z,0.0,0.0,0.0,0.0
2025-07-14T01:00:00Z,0.0,0.0,0.0,0.0
2025-07-14T02:00:00Z,0.0,0.0,0.0,0.0
2025-07-14T03:00:00Z,6.333333333333333,3.0,9.0,7.0
2025-07-14T04:00:00Z,59.833333333333336,44.5,62.0,73.0
2025-07-14T05:00:00Z,122.0,115.0,112.0,139.0
2025-07-14T06:00:00Z,156.5,138.5,143.0,188.0
2025-07-14T07:00:00Z,316.5,307.5,173.0,469.0
2025-07-14T08:00:00Z,251.16666666666666,132.5,225.0,396.0
2025-07-14T09:00:00Z,246.4333333333333,173.3,299.0,267.0
2025-07-14T10:00:00Z,299.0,123.0,391.0,383.0
2025-07-14T11:00:00Z,577.3333333333334,376.0,517.0,839.0
2025-07-14T12:00:00Z,725.6,686.8,643.0,847.0
2025-07-14T13:00:00Z,694.2666666666668,695.8,683.0,704.0
2025-07-14T14:00:00Z,631.8333333333334,611.5,613.0,671.0
2025-07-14T15:00:00Z,358.09999999999997,418.3,483.0,173.0
2025-07-14T16:00:00Z,259.6666666666667,246.0,339.0,194.0
2025-07-14T17:00:00Z,193.1,163.3,196.0,220.0
2025-07-14T18:00:00Z,66.60000000000001,44.8,76.0,79.0
2025-07-14T19:00:00Z,4.766666666666667,4.3,6.0,4.0
2025-07-14T20:00:00Z,0.16666666666666666,0.5,0.0,0.0
2025-07-14T21:00:00Z,0.0,0.0,0.0,0.0
2025-07-14T22:00:00Z,0.0,0.0,0.0,0.0
2025-07-14T23:00:00Z,0.0,0.0,0.0,0.0
2025-07-15T00:00:00Z,0.0,0.0,0.0,0.0
2025-07-15T01:00:00Z,0.0,0.0,0.0,0.0
2025-07-15T02:00:00Z,0.09999999999999999,0.3,0.0,0.0
2025-07-15T03:00:00Z,4.0,4.0,7.0,1.0
2025-07-15T04:00:00Z,57.43333333333334,34.3,56.0,82.0
2025-07-15T05:00:00Z,129.43333333333334,64.3,99.0,225.0
2025-07-15T06:00:00Z,134.76666666666668,120.3,121.0,163.0
2025-07-15T07:00:00Z,262.6666666666667,172.0,143.0,473.0
2025-07-15T08:00:00Z,154.93333333333334,151.8,204.0,109.0
2025-07-15T09:00:00Z,229.1,244.3,297.0,146.0
2025-07-15T10:00:00Z,270.26666666666665,374.8,378.0,58.0
2025-07-15T11:00:00Z,497.8333333333333,362.5,418.0,713.0
2025-07-15T12:00:00Z,369.93333333333334,360.8,427.0,322.0
2025-07-15T13:00:00Z,355.3333333333333,453.0,411.0,202.0
2025-07-15T14:00:00Z,224.1,180.3,376.0,116.0
2025-07-15T15:00:00Z,249.6,224.8,319.0,205.0
2025-07-15T16:00:00Z,209.83333333333334,108.5,238.0,283.0
2025-07-15T17:00:00Z,121.26666666666667,64.8,141.0,158.0
2025-07-15T18:00:00Z,43.333333333333336,19.0,56.0,55.0
2025-07-15T19:00:00Z,3.1,1.3,4.0,4.0
2025-07-15T20:00:00Z,0.0,0.0,0.0,0.0
2025-07-15T21:00:00Z,0.0,0.0,0.0,0.0
2025-07-15T22:00:00Z,0.0,0.0,0.0,0.0
2025-07-15T23:00:00Z,0.0,0.0,0.0,0.0
2025-07-16T00:00:00Z,0.0,0.0,0.0,0.0
2025-07-16T01:00:00Z,0.0,0.0,0.0,0.0
2025-07-16T02:00:00Z,0.09999999999999999,0.3,0.0,0.0
2025-07-16T03:00:00Z,5.833333333333333,5.5,6.0,6.0
2025-07-16T04:00:00Z,60.0,48.0,45.0,87.0
2025-07-16T05:00:00Z,104.93333333333334,114.8,89.0,111.0
2025-07-16T06:00:00Z,159.76666666666668,221.3,125.0,133.0
2025-07-16T07:00:00Z,197.26666666666665,249.8,160.0,182.0
2025-07-16T08:00:00Z,234.83333333333334,256.5,207.0,241.0
2025-07-16T09:00:00Z,256.59999999999997,116.8,260.0,393.0
2025-07-16T10:00:00Z,422.8333333333333,135.5,295.0,838.0
2025-07-16T11:00:00Z,380.6666666666667,153.0,298.0,691.0
2025-07-16T12:00:00Z,264.09999999999997,176.3,276.0,340.0
2025-07-16T13:00:00Z,308.1666666666667,108.5,236.0,580.0
2025-07-16T14:00:00Z,268.93333333333334,49.8,182.0,575.0
2025-07-16T15:00:00Z,116.43333333333334,37.3,125.0,187.0
2025-07-16T16:00:00Z,69.93333333333334,28.8,79.0,102.0
2025-07-16T17:00:00Z,74.33333333333333,20.0,46.0,157.0
2025-07-16T18:00:00Z,13.433333333333332,5.3,20.0,15.0
2025-07-16T19:00:00Z,1.6666666666666667,1.0,1.0,3.0
2025-07-16T20:00:00Z,0.0,0.0,0.0,0.0
2025-07-16T21:00:00Z,0.0,0.0,0.0,0.0
2025-07-16T22:00:00Z,0.0,0.0,0.0,0.0
2025-07-16T23:00:00Z,0.0,0.0,0.0,0.0
2025-07-17T00:00:00Z,0.0,0.0,0.0,0.0
2025-07-17T01:00:00Z,0.0,0.0,0.0,0.0
2025-07-17T02:00:00Z,0.0,0.0,0.0,0.0
2025-07-17T03:00:00Z,2.8333333333333335,2.5,3.0,3.0
2025-07-17T04:00:00Z,29.166666666666668,19.5,28.0,40.0
2025-07-17T05:00:00Z,47.833333333333336,42.5,62.0,39.0
2025-07-17T06:00:00Z,71.60000000000001,66.8,103.0,45.0
2025-07-17T07:00:00Z,92.26666666666667,61.8,157.0,58.0
2025-07-17T08:00:00Z,147.43333333333334,92.3,233.0,117.0
2025-07-17T09:00:00Z,230.33333333333334,227.0,326.0,138.0
2025-07-17T10:00:00Z,271.1666666666667,197.5,421.0,195.0
2025-07-17T11:00:00Z,384.5,190.5,515.0,448.0
2025-07-17T12:00:00Z,433.43333333333334,302.3,589.0,409.0
2025-07-17T13:00:00Z,456.59999999999997,455.8,605.0,309.0
2025-07-17T14:00:00Z,447.3333333333333,422.0,555.0,365.0
2025-07-17T15:00:00Z,456.09999999999997,502.3,459.0,407.0
2025-07-17T16:00:00Z,321.5,332.5,332.0,300.0
2025-07-17T17:00:00Z,142.0,188.0,189.0,49.0
2025-07-17T18:00:00Z,49.833333333333336,61.5,70.0,18.0
2025-07-17T19:00:00Z,2.9333333333333336,3.8,4.0,1.0
2025-07-17T20:00:00Z,0.0,0.0,0.0,0.0
2025-07-17T21:00:00Z,0.0,0.0,0.0,0.0
2025-07-17T22:00:00Z,0.0,0.0,0.0,0.0
2025-07-17T23:00:00Z,0.0,0.0,0.0,0.0
2025-07-18T00:00:00Z,0.09999999999999999,0.3,0.0,0.0
2025-07-18T01:00:00Z,0.0,0.0,0.0,0.0
2025-07-18T02:00:00Z,0.0,0.0,0.0,0.0
2025-07-18T03:00:00Z,7.1000000000000005,6.3,10.0,5.0
2025-07-18T04:00:00Z,86.0,77.0,96.0,85.0
2025-07-18T05:00:00Z,215.76666666666665,200.3,220.0,227.0
2025-07-18T06:00:00Z,376.5,374.5,371.0,384.0
2025-07-18T07:00:00Z,527.6666666666666,522.0,524.0,537.0
2025-07-18T08:00:00Z,616.6666666666666,530.0,649.0,671.0
2025-07-18T09:00:00Z,676.6,518.8,737.0,774.0
2025-07-18T10:00:00Z,788.1,747.3,780.0,837.0
2025-07-18T11:00:00Z,816.4333333333334,824.3,769.0,856.0
2025-07-18T12:00:00Z,744.2666666666668,692.8,711.0,829.0
2025-07-18T13:00:00Z,695.4333333333334,740.3,632.0,714.0
2025-07-18T14:00:00Z,583.5,593.5,553.0,604.0
2025-07-18T15:00:00Z,457.5,449.5,459.0,464.0
2025-07-18T16:00:00Z,313.0,276.0,336.0,327.0
2025-07-18T17:00:00Z,181.66666666666666,143.0,195.0,207.0
2025-07-18T18:00:00Z,65.60000000000001,58.8,74.0,64.0
2025-07-18T19:00:00Z,3.5,3.5,4.0,3.0
2025-07-18T20:00:00Z,0.0,0.0,0.0,0.0
2025-07-18T21:00:00Z,0.0,0.0,0.0,0.0
2025-07-18T22:00:00Z,0.0,0.0,0.0,0.0
2025-07-18T23:00:00Z,0.0,0.0,0.0,0.0
2025-07-19T00:00:00Z,0.0,0.0,0.0,0.0
2025-07-19T01:00:00Z,0.0,0.0,0.0,0.0
2025-07-19T02:00:00Z,0.0,0.0,0.0,0.0
2025-07-19T03:00:00Z,6.766666666666667,6.3,9.0,5.0
2025-07-19T04:00:00Z,75.93333333333334,76.8,90.0,61.0
2025-07-19T05:00:00Z,138.83333333333334,195.5,206.0,15.0
2025-07-19T06:00:00Z,235.9333333333333,293.8,345.0,69.0
2025-07-19T07:00:00Z,421.93333333333334,382.8,485.0,398.0
2025-07-19T08:00:00Z,527.1666666666666,432.5,592.0,557.0
2025-07-19T09:00:00Z,615.6,477.8,662.0,707.0
2025-07-19T10:00:00Z,665.7666666666667,574.3,705.0,718.0
2025-07-19T11:00:00Z,675.6,517.8,736.0,773.0
2025-07-19T12:00:00Z,662.6666666666666,681.0,736.0,571.0
2025-07-19T13:00:00Z,523.0,663.0,677.0,229.0
2025-07-19T14:00:00Z,429.8333333333333,485.5,561.0,243.0
2025-07-19T15:00:00Z,360.43333333333334,435.3,416.0,230.0
2025-07-19T16:00:00Z,283.0,311.0,265.0,273.0
2025-07-19T17:00:00Z,103.93333333333334,102.8,124.0,85.0
2025-07-19T18:00:00Z,36.766666666666666,44.3,31.0,35.0
2025-07-19T19:00:00Z,1.5,2.5,1.0,1.0
2025-07-19T20:00:00Z,0.0,0.0,0.0,0.0
2025-07-19T21:00:00Z,0.0,0.0,0.0,0.0
2025-07-19T22:00:00Z,0.0,0.0,0.0,0.0
2025-07-19T23:00:00Z,0.0,0.0,0.0,0.0
2025-07-20T00:00:00Z,0.0,0.0,0.0,0.0
2025-07-20T01:00:00Z,0.09999999999999999,0.3,0.0,0.0
2025-07-20T02:00:00Z,0.0,0.0,0.0,0.0
2025-07-20T03:00:00Z,1.6666666666666667,2.0,2.0,1.0
2025-07-20T04:00:00Z,16.766666666666666,22.3,19.0,9.0
2025-07-20T05:00:00Z,49.93333333333334,47.8,49.0,53.0
2025-07-20T06:00:00Z,74.60000000000001,65.8,90.0,68.0
2025-07-20T07:00:00Z,168.33333333333334,106.0,137.0,262.0
2025-07-20T08:00:00Z,288.59999999999997,164.8,181.0,520.0
2025-07-20T09:00:00Z,238.1,251.3,219.0,244.0
2025-07-20T10:00:00Z,259.3333333333333,287.0,238.0,253.0
2025-07-20T11:00:00Z,247.76666666666665,273.3,215.0,255.0
2025-07-20T12:00:00Z,375.93333333333334,315.8,170.0,642.0
2025-07-20T13:00:00Z,265.3333333333333,334.0,154.0,308.0
2025-07-20T14:00:00Z,258.59999999999997,412.8,196.0,167.0
2025-07-20T15:00:00Z,241.6,331.8,234.0,159.0
2025-07-20T16:00:00Z,236.66666666666666,332.0,208.0,170.0
2025-07-20T17:00:00Z,159.5,150.5,124.0,204.0
2025-07-20T18:00:00Z,40.766666666666666,34.3,44.0,44.0
2025-07-20T19:00:00Z,1.7666666666666666,1.3,2.0,2.0
2025-07-20T20:00:00Z,0.0,0.0,0.0,0.0
2025-07-20T21:00:00Z,0.09999999999999999,0.3,0.0,0.0
2025-07-20T22:00:00Z,0.0,0.0,0.0,0.0
2025-07-20T23:00:00Z,0.0,0.0,0.0,0.0
2025-07-21T00:00:00Z,0.0,0.0,0.0,0.0
2025-07-21T01:00:00Z,0.0,0.0,0.0,0.0
2025-07-21T02:00:00Z,0.09999999999999999,0.3,0.0,0.0
2025-07-21T03:00:00Z,2.433333333333333,2.3,5.0,0.0
2025-07-21T04:00:00Z,25.0,9.0,63.0,3.0
2025-07-21T05:00:00Z,116.93333333333334,17.8,143.0,190.0
2025-07-21T06:00:00Z,206.5,64.5,231.0,324.0
2025-07-21T07:00:00Z,326.93333333333334,191.8,325.0,464.0
2025-07-21T08:00:00Z,442.0,309.0,430.0,587.0
2025-07-21T09:00:00Z,524.1,361.3,534.0,677.0
2025-07-21T10:00:00Z,468.76666666666665,463.3,591.0,352.0
2025-07-21T11:00:00Z,624.1666666666666,516.5,555.0,801.0
2025-07-21T12:00:00Z,590.9333333333333,488.8,462.0,822.0
2025-07-21T13:00:00Z,527.3333333333334,457.0,387.0,738.0
2025-07-21T14:00:00Z,458.59999999999997,446.8,368.0,561.0
2025-07-21T15:00:00Z,332.5,173.5,348.0,476.0
2025-07-21T16:00:00Z,253.5,188.5,272.0,300.0
2025-07-21T17:00:00Z,128.5,84.5,153.0,148.0
2025-07-21T18:00:00Z,38.6,22.8,50.0,43.0
2025-07-21T19:00:00Z,1.6666666666666667,1.0,2.0,2.0
2025-07-21T20:00:00Z,0.0,0.0,0.0,0.0
2025-07-21T21:00:00Z,0.0,0.0,0.0,0.0
2025-07-21T22:00:00Z,0.0,0.0,0.0,0.0
2025-07-21T23:00:00Z,0.09999999999999999,0.3,0.0,0.0
2025-07-22T00:00:00Z,0.0,0.0,0.0,0.0
2025-07-22T01:00:00Z,0.0,0.0,0.0,0.0
2025-07-22T02:00:00Z,0.0,0.0,0.0,0.0
2025-07-22T03:00:00Z,2.1666666666666665,1.5,2.0,3.0
2025-07-22T04:00:00Z,37.166666666666664,15.5,24.0,72.0
2025-07-22T05:00:00Z,110.0,53.0,67.0,210.0
2025-07-22T06:00:00Z,198.33333333333334,91.0,137.0,367.0
2025-07-22T07:00:00Z,242.9333333333333,86.8,224.0,418.0
2025-07-22T08:00:00Z,227.6,102.8,314.0,266.0
2025-07-22T09:00:00Z,320.1666666666667,188.5,403.0,369.0
2025-07-22T10:00:00Z,406.76666666666665,330.3,477.0,413.0
2025-07-22T11:00:00Z,355.5,279.5,532.0,255.0
2025-07-22T12:00:00Z,329.3333333333333,265.0,557.0,166.0
2025-07-22T13:00:00Z,357.1666666666667,379.5,536.0,156.0
2025-07-22T14:00:00Z,352.1666666666667,156.5,469.0,431.0
2025-07-22T15:00:00Z,353.93333333333334,361.8,371.0,329.0
2025-07-22T16:00:00Z,274.1666666666667,222.5,256.0,344.0
2025-07-22T17:00:00Z,138.43333333333334,111.3,137.0,167.0
2025-07-22T18:00:00Z,43.666666666666664,32.0,44.0,55.0
2025-07-22T19:00:00Z,1.0999999999999999,1.3,1.0,1.0
2025-07-22T20:00:00Z,0.0,0.0,0.0,0.0
2025-07-22T21:00:00Z,0.09999999999999999,0.3,0.0,0.0
2025-07-22T22:00:00Z,0.0,0.0,0.0,0.0
2025-07-22T23:00:00Z,0.09999999999999999,0.3,0.0,0.0
2025-07-23T00:00:00Z,0.0,0.0,0.0,0.0
2025-07-23T01:00:00Z,0.0,0.0,0.0,0.0
2025-07-23T02:00:00Z,0.0,0.0,0.0,0.0
2025-07-23T03:00:00Z,3.6,3.8,4.0,3.0
2025-07-23T04:00:00Z,56.5,44.5,60.0,65.0
2025-07-23T05:00:00Z,154.16666666666666,114.5,139.0,209.0
2025-07-23T06:00:00Z,245.83333333333334,182.5,229.0,326.0
2025-07-23T07:00:00Z,345.26666666666665,269.8,332.0,434.0
2025-07-23T08:00:00Z,477.3333333333333,385.0,461.0,586.0
2025-07-23T09:00:00Z,539.9333333333333,628.8,602.0,389.0
2025-07-23T10:00:00Z,660.0,590.0,707.0,683.0
2025-07-23T11:00:00Z,672.3333333333334,533.0,744.0,740.0
2025-07-23T12:00:00Z,502.5,85.5,722.0,700.0
2025-07-23T13:00:00Z,478.3333333333333,198.0,647.0,590.0
2025-07-23T14:00:00Z,425.3333333333333,304.0,525.0,447.0
2025-07-23T15:00:00Z,353.93333333333334,385.8,380.0,296.0
2025-07-23T16:00:00Z,204.1,222.3,247.0,143.0
2025-07-23T17:00:00Z,113.5,167.5,134.0,39.0
2025-07-23T18:00:00Z,46.166666666666664,56.5,46.0,36.0
2025-07-23T19:00:00Z,1.0999999999999999,1.3,1.0,1.0
2025-07-23T20:00:00Z,0.0,0.0,0.0,0.0
2025-07-23T21:00:00Z,0.0,0.0,0.0,0.0
2025-07-23T22:00:00Z,0.09999999999999999,0.3,0.0,0.0
2025-07-23T23:00:00Z,0.0,0.0,0.0,0.0
2025-07-24T00:00:00Z,0.0,0.0,0.0,0.0
2025-07-24T01:00:00Z,0.0,0.0,0.0,0.0
2025-07-24T02:00:00Z,0.0,0.0,0.0,0.0
2025-07-24T03:00:00Z,2.9333333333333336,3.8,4.0,1.0
2025-07-24T04:00:00Z,61.333333333333336,69.0,64.0,51.0
2025-07-24T05:00:00Z,139.93333333333334,175.8,159.0,85.0
2025-07-24T06:00:00Z,225.26666666666665,228.8,278.0,169.0
2025-07-24T07:00:00Z,350.93333333333334,327.8,403.0,322.0
2025-07-24T08:00:00Z,499.09999999999997,430.3,510.0,557.0
2025-07-24T09:00:00Z,606.0,582.0,590.0,646.0
2025-07-24T10:00:00Z,563.6666666666666,599.0,637.0,455.0
2025-07-24T11:00:00Z,559.6666666666666,617.0,644.0,418.0
2025-07-24T12:00:00Z,495.6666666666667,369.0,610.0,508.0
2025-07-24T13:00:00Z,402.6666666666667,254.0,545.0,409.0
2025-07-24T14:00:00Z,378.43333333333334,278.3,457.0,400.0
2025-07-24T15:00:00Z,401.09999999999997,382.3,354.0,467.0
2025-07-24T16:00:00Z,204.66666666666666,201.0,242.0,171.0
2025-07-24T17:00:00Z,129.93333333333334,70.8,132.0,187.0
2025-07-24T18:00:00Z,38.266666666666666,27.8,44.0,43.0
2025-07-24T19:00:00Z,0.43333333333333335,0.3,1.0,0.0
2025-07-24T20:00:00Z,0.09999999999999999,0.3,0.0,0.0
2025-07-24T21:00:00Z,0.0,0.0,0.0,0.0
2025-07-24T22:00:00Z,0.0,0.0,0.0,0.0
2025-07-24T23:00:00Z,0.0,0.0,0.0,0.0
2025-07-25T00:00:00Z,0.0,0.0,0.0,0.0
2025-07-25T01:00:00Z,0.0,0.0,0.0,0.0
2025-07-25T02:00:00Z,0.0,0.0,0.0,0.0
2025-07-25T03:00:00Z,2.6,2.8,4.0,1.0
2025-07-25T04:00:00Z,53.833333333333336,65.5,70.0,26.0
2025-07-25T05:00:00Z,155.33333333333334,180.0,170.0,116.0
2025-07-25T06:00:00Z,271.93333333333334,260.8,286.0,269.0
2025-07-25T07:00:00Z,374.5,398.5,405.0,320.0
2025-07-25T08:00:00Z,450.76666666666665,423.3,505.0,424.0
2025-07-25T09:00:00Z,577.5,629.5,582.0,521.0
2025-07-25T10:00:00Z,706.1666666666666,734.5,638.0,746.0
2025-07-25T11:00:00Z,517.1666666666666,537.5,680.0,334.0
2025-07-25T12:00:00Z,660.3333333333334,579.0,695.0,707.0
2025-07-25T13:00:00Z,565.8333333333334,597.5,657.0,443.0
2025-07-25T14:00:00Z,388.8333333333333,364.5,565.0,237.0
2025-07-25T15:00:00Z,342.59999999999997,353.8,441.0,233.0
2025-07-25T16:00:00Z,258.26666666666665,254.8,307.0,213.0
2025-07-25T17:00:00Z,155.26666666666668,98.8,174.0,193.0
2025-07-25T18:00:00Z,58.166666666666664,58.5,61.0,55.0
2025-07-25T19:00:00Z,1.0,1.0,1.0,1.0
2025-07-25T20:00:00Z,0.0,0.0,0.0,0.0
2025-07-25T21:00:00Z,0.0,0.0,0.0,0.0
2025-07-25T22:00:00Z,0.0,0.0,0.0,0.0
2025-07-25T23:00:00Z,0.0,0.0,0.0,0.0
2025-07-26T00:00:00Z,0.0,0.0,0.0,0.0
2025-07-26T01:00:00Z,0.0,0.0,0.0,0.0
2025-07-26T02:00:00Z,0.0,0.0,0.0,0.0
2025-07-26T03:00:00Z,1.8333333333333333,1.5,2.0,2.0
2025-07-26T04:00:00Z,28.599999999999998,14.8,44.0,27.0
2025-07-26T05:00:00Z,63.666666666666664,47.0,105.0,39.0
2025-07-26T06:00:00Z,109.60000000000001,107.8,171.0,50.0
2025-07-26T07:00:00Z,235.26666666666665,229.8,242.0,234.0
2025-07-26T08:00:00Z,315.59999999999997,237.8,331.0,378.0
2025-07-26T09:00:00Z,247.66666666666666,171.0,427.0,145.0
2025-07-26T10:00:00Z,303.43333333333334,204.3,490.0,216.0
2025-07-26T11:00:00Z,397.26666666666665,216.8,484.0,491.0
2025-07-26T12:00:00Z,400.3333333333333,315.0,433.0,453.0
2025-07-26T13:00:00Z,332.09999999999997,260.3,380.0,356.0
2025-07-26T14:00:00Z,320.43333333333334,493.3,348.0,120.0
2025-07-26T15:00:00Z,326.76666666666665,467.3,306.0,207.0
2025-07-26T16:00:00Z,202.66666666666666,281.0,229.0,98.0
2025-07-26T17:00:00Z,94.60000000000001,137.8,126.0,20.0
2025-07-26T18:00:00Z,30.666666666666668,40.0,39.0,13.0
2025-07-26T19:00:00Z,0.6,0.8,1.0,0.0
2025-07-26T20:00:00Z,0.0,0.0,0.0,0.0
2025-07-26T21:00:00Z,0.0,0.0,0.0,0.0
2025-07-26T22:00:00Z,0.0,0.0,0.0,0.0
2025-07-26T23:00:00Z,0.0,0.0,0.0,0.0
2025-07-27T00:00:00Z,0.0,0.0,0.0,0.0
2025-07-27T01:00:00Z,0.0,0.0,0.0,0.0
2025-07-27T02:00:00Z,0.0,0.0,0.0,0.0
2025-07-27T03:00:00Z,1.7666666666666666,2.3,2.0,1.0
2025-07-27T04:00:00Z,48.76666666666667,51.3,51.0,44.0
2025-07-27T05:00:00Z,158.33333333333334,144.0,139.0,192.0
2025-07-27T06:00:00Z,256.09999999999997,242.3,259.0,267.0
2025-07-27T07:00:00Z,316.6666666666667,361.0,387.0,202.0
2025-07-27T08:00:00Z,428.26666666666665,355.8,490.0,439.0
2025-07-27T09:00:00Z,513.9333333333333,362.8,562.0,617.0
2025-07-27T10:00:00Z,531.9333333333333,362.8,599.0,634.0
2025-07-27T11:00:00Z,497.93333333333334,222.8,599.0,672.0
2025-07-27T12:00:00Z,400.93333333333334,278.8,561.0,363.0
2025-07-27T13:00:00Z,268.8333333333333,148.5,500.0,158.0
2025-07-27T14:00:00Z,321.6666666666667,286.0,425.0,254.0
2025-07-27T15:00:00Z,217.0,220.0,337.0,94.0
2025-07-27T16:00:00Z,217.76666666666665,235.3,235.0,183.0
2025-07-27T17:00:00Z,139.83333333333334,115.5,129.0,175.0
2025-07-27T18:00:00Z,43.26666666666667,39.8,41.0,49.0
2025-07-27T19:00:00Z,0.16666666666666666,0.5,0.0,0.0
2025-07-27T20:00:00Z,0.0,0.0,0.0,0.0
2025-07-27T21:00:00Z,0.0,0.0,0.0,0.0
2025-07-27T22:00:00Z,0.09999999999999999,0.3,0.0,0.0
2025-07-27T23:00:00Z,0.0,0.0,0.0,0.0
2025-07-28T00:00:00Z,0.16666666666666666,0.5,0.0,0.0
2025-07-28T01:00:00Z,0.0,0.0,0.0,0.0
2025-07-28T02:00:00Z,0.0,0.0,0.0,0.0
2025-07-28T03:00:00Z,1.2666666666666666,1.8,1.0,1.0
2025-07-28T04:00:00Z,39.333333333333336,53.0,36.0,29.0
2025-07-28T05:00:00Z,100.43333333333334,134.3,105.0,62.0
2025-07-28T06:00:00Z,187.76666666666665,256.3,210.0,97.0
2025-07-28T07:00:00Z,274.09999999999997,353.3,339.0,130.0
2025-07-28T08:00:00Z,398.0,495.0,479.0,220.0
2025-07-28T09:00:00Z,573.1,363.3,618.0,738.0
2025-07-28T10:00:00Z,599.0,401.0,718.0,678.0
2025-07-28T11:00:00Z,524.2666666666667,328.8,756.0,488.0
2025-07-28T12:00:00Z,613.0,446.0,734.0,659.0
2025-07-28T13:00:00Z,630.5,504.5,662.0,725.0
2025-07-28T14:00:00Z,321.93333333333334,263.8,553.0,149.0
2025-07-28T15:00:00Z,262.43333333333334,314.3,418.0,55.0
2025-07-28T16:00:00Z,199.1,268.3,276.0,53.0
2025-07-28T17:00:00Z,142.93333333333334,173.8,142.0,113.0
2025-07-28T18:00:00Z,38.833333333333336,31.5,41.0,44.0
2025-07-28T19:00:00Z,0.26666666666666666,0.8,0.0,0.0
2025-07-28T20:00:00Z,0.0,0.0,0.0,0.0
2025-07-28T21:00:00Z,0.0,0.0,0.0,0.0
2025-07-28T22:00:00Z,0.0,0.0,0.0,0.0
2025-07-28T23:00:00Z,0.0,0.0,0.0,0.0
2025-07-29T00:00:00Z,0.0,0.0,0.0,0.0
2025-07-29T01:00:00Z,0.09999999999999999,0.3,0.0,0.0
2025-07-29T02:00:00Z,0.0,0.0,0.0,0.0
2025-07-29T03:00:00Z,1.5,1.5,2.0,1.0
2025-07-29T04:00:00Z,49.5,41.5,71.0,36.0
2025-07-29T05:00:00Z,176.9333333333333,140.8,189.0,201.0
2025-07-29T06:00:00Z,332.1666666666667,307.5,329.0,360.0
2025-07-29T07:00:00Z,453.76666666666665,375.3,470.0,516.0
2025-07-29T08:00:00Z,567.3333333333334,465.0,583.0,654.0
2025-07-29T09:00:00Z,647.0,553.0,658.0,730.0
2025-07-29T10:00:00Z,697.2666666666668,663.8,686.0,742.0
2025-07-29T11:00:00Z,623.1,591.3,652.0,626.0
2025-07-29T12:00:00Z,481.8333333333333,380.5,571.0,494.0
2025-07-29T13:00:00Z,461.8333333333333,423.5,488.0,474.0
2025-07-29T14:00:00Z,351.0,272.0,426.0,355.0
2025-07-29T15:00:00Z,322.1666666666667,237.5,358.0,371.0
2025-07-29T16:00:00Z,184.6,228.8,261.0,64.0
2025-07-29T17:00:00Z,65.16666666666667,31.5,144.0,20.0
2025-07-29T18:00:00Z,35.6,18.8,44.0,44.0
2025-07-29T19:00:00Z,0.0,0.0,0.0,0.0
2025-07-29T20:00:00Z,0.0,0.0,0.0,0.0
2025-07-29T21:00:00Z,0.0,0.0,0.0,0.0
2025-07-29T22:00:00Z,0.0,0.0,0.0,0.0
2025-07-29T23:00:00Z,0.0,0.0,0.0,0.0
2025-07-30T00:00:00Z,0.0,0.0,0.0,0.0
2025-07-30T01:00:00Z,0.0,0.0,0.0,0.0
2025-07-30T02:00:00Z,0.0,0.0,0.0,0.0
2025-07-30T03:00:00Z,1.0,1.0,1.0,1.0
2025-07-30T04:00:00Z,33.166666666666664,32.5,25.0,42.0
2025-07-30T05:00:00Z,77.66666666666667,97.0,56.0,80.0
2025-07-30T06:00:00Z,121.26666666666667,175.8,79.0,109.0
2025-07-30T07:00:00Z,186.83333333333334,277.5,109.0,174.0
2025-07-30T08:00:00Z,215.1,244.3,182.0,219.0
2025-07-30T09:00:00Z,234.76666666666665,204.3,288.0,212.0
2025-07-30T10:00:00Z,329.5,297.5,374.0,317.0
2025-07-30T11:00:00Z,376.1666666666667,241.5,403.0,484.0
2025-07-30T12:00:00Z,303.93333333333334,194.8,392.0,325.0
2025-07-30T13:00:00Z,271.09999999999997,154.3,358.0,301.0
2025-07-30T14:00:00Z,357.26666666666665,161.8,311.0,599.0
2025-07-30T15:00:00Z,273.3333333333333,125.0,249.0,446.0
2025-07-30T16:00:00Z,163.66666666666666,73.0,174.0,244.0
2025-07-30T17:00:00Z,76.33333333333333,21.0,94.0,114.0
2025-07-30T18:00:00Z,23.099999999999998,12.3,28.0,29.0
2025-07-30T19:00:00Z,0.0,0.0,0.0,0.0
2025-07-30T20:00:00Z,0.0,0.0,0.0,0.0
2025-07-30T21:00:00Z,0.09999999999999999,0.3,0.0,0.0
2025-07-30T22:00:00Z,0.0,0.0,0.0,0.0
2025-07-30T23:00:00Z,0.0,0.0,0.0,0.0
2025-07-31T00:00:00Z,0.0,0.0,0.0,0.0
2025-07-31T01:00:00Z,0.0,0.0,0.0,0.0
2025-07-31T02:00:00Z,0.0,0.0,0.0,0.0
2025-07-31T03:00:00Z,0.26666666666666666,0.8,0.0,0.0
2025-07-31T04:00:00Z,17.433333333333334,26.3,20.0,6.0
2025-07-31T05:00:00Z,72.93333333333334,102.8,91.0,25.0
2025-07-31T06:00:00Z,166.66666666666666,120.0,232.0,148.0
2025-07-31T07:00:00Z,312.3333333333333,298.0,390.0,249.0
2025-07-31T08:00:00Z,466.76666666666665,423.3,472.0,505.0
2025-07-31T09:00:00Z,470.26666666666665,439.8,479.0,492.0
2025-07-31T10:00:00Z,450.1666666666667,509.5,480.0,361.0
2025-07-31T11:00:00Z,532.6,479.8,534.0,584.0
2025-07-31T12:00:00Z,592.1666666666666,391.5,590.0,795.0
2025-07-31T13:00:00Z,547.8333333333334,384.5,576.0,683.0
2025-07-31T14:00:00Z,426.8333333333333,301.5,468.0,511.0
2025-07-31T15:00:00Z,326.09999999999997,269.3,328.0,381.0
2025-07-31T16:00:00Z,215.83333333333334,171.5,205.0,271.0
2025-07-31T17:00:00Z,121.66666666666667,92.0,109.0,164.0
2025-07-31T18:00:00Z,34.166666666666664,34.5,33.0,35.0
2025-07-31T19:00:00Z,0.0,0.0,0.0,0.0
2025-07-31T20:00:00Z,0.0,0.0,0.0,0.0
2025-07-31T21:00:00Z,0.0,0.0,0.0,0.0
2025-07-31T22:00:00Z,0.0,0.0,0.0,0.0
2025-07-31T23:00:00Z,0.0,0.0,0.0,0.0
2025-08-01T00:00:00Z,0.0,0.0,0.0,0.0
2025-08-01T01:00:00Z,0.0,0.0,0.0,0.0
2025-08-01T02:00:00Z,0.0,0.0,0.0,0.0
2025-08-01T03:00:00Z,0.16666666666666666,0.5,0.0,0.0
2025-08-01T04:00:00Z,26.666666666666668,33.0,34.0,13.0
2025-08-01T05:00:00Z,87.66666666666667,116.0,113.0,34.0
2025-08-01T06:00:00Z,159.76666666666668,150.3,235.0,94.0
2025-08-01T07:00:00Z,293.09999999999997,260.3,370.0,249.0
2025-08-01T08:00:00Z,377.0,340.0,471.0,320.0
2025-08-01T09:00:00Z,322.1666666666667,209.5,530.0,227.0
2025-08-01T10:00:00Z,495.26666666666665,329.8,550.0,606.0
2025-08-01T11:00:00Z,322.5,262.5,522.0,183.0
2025-08-01T12:00:00Z,458.0,593.0,456.0,325.0
2025-08-01T13:00:00Z,449.5,269.5,398.0,681.0
2025-08-01T14:00:00Z,303.0,344.0,376.0,189.0
2025-08-01T15:00:00Z,260.09999999999997,208.3,345.0,227.0
2025-08-01T16:00:00Z,223.4333333333333,89.3,260.0,321.0
2025-08-01T17:00:00Z,130.6,92.8,136.0,163.0
2025-08-01T18:00:00Z,27.666666666666668,15.0,34.0,34.0
2025-08-01T19:00:00Z,0.0,0.0,0.0,0.0
2025-08-01T20:00:00Z,0.0,0.0,0.0,0.0
2025-08-01T21:00:00Z,0.0,0.0,0.0,0.0
2025-08-01T22:00:00Z,0.0,0.0,0.0,0.0
2025-08-01T23:00:00Z,0.0,0.0,0.0,0.0
2025-08-02T00:00:00Z,0.0,0.0,0.0,0.0
2025-08-02T01:00:00Z,0.0,0.0,0.0,0.0
2025-08-02T02:00:00Z,0.0,0.0,0.0,0.0
2025-08-02T03:00:00Z,0.09999999999999999,0.3,0.0,0.0
2025-08-02T04:00:00Z,20.166666666666668,20.5,17.0,23.0
2025-08-02T05:00:00Z,50.1,32.3,45.0,73.0
2025-08-02T06:00:00Z,120.16666666666667,98.5,74.0,188.0
2025-08-02T07:00:00Z,101.26666666666667,145.8,104.0,54.0
2025-08-02T08:00:00Z,122.26666666666667,182.8,145.0,39.0
2025-08-02T09:00:00Z,147.16666666666666,192.5,193.0,56.0
2025-08-02T10:00:00Z,153.0,173.0,230.0,56.0
2025-08-02T11:00:00Z,157.33333333333334,151.0,237.0,84.0
2025-08-02T12:00:00Z,128.66666666666666,118.0,225.0,43.0
2025-08-02T13:00:00Z,177.4333333333333,231.3,221.0,80.0
2025-08-02T14:00:00Z,273.6666666666667,203.0,241.0,377.0
2025-08-02T15:00:00Z,180.0,37.0,247.0,256.0
2025-08-02T16:00:00Z,195.33333333333334,102.0,202.0,282.0
2025-08-02T17:00:00Z,89.33333333333333,94.0,117.0,57.0
2025-08-02T18:00:00Z,24.099999999999998,24.3,33.0,15.0
2025-08-02T19:00:00Z,0.0,0.0,0.0,0.0
2025-08-02T20:00:00Z,0.0,0.0,0.0,0.0
2025-08-02T21:00:00Z,0.0,0.0,0.0,0.0
2025-08-02T22:00:00Z,0.0,0.0,0.0,0.0
2025-08-02T23:00:00Z,0.0,0.0,0.0,0.0
2025-08-03T00:00:00Z,0.09999999999999999,0.3,0.0,0.0
2025-08-03T01:00:00Z,0.09999999999999999,0.3,0.0,0.0
2025-08-03T02:00:00Z,0.0,0.0,0.0,0.0
2025-08-03T03:00:00Z,0.0,0.0,0.0,0.0
2025-08-03T04:00:00Z,11.833333333333334,8.5,12.0,15.0
2025-08-03T05:00:00Z,75.16666666666667,56.5,41.0,128.0
2025-08-03T06:00:00Z,150.26666666666668,156.8,89.0,205.0
2025-08-03T07:00:00Z,244.6,178.8,172.0,383.0
2025-08-03T08:00:00Z,355.8333333333333,180.5,326.0,561.0
2025-08-03T09:00:00Z,478.26666666666665,188.8,531.0,715.0
2025-08-03T10:00:00Z,550.1,213.3,691.0,746.0
2025-08-03T11:00:00Z,600.1,290.3,742.0,768.0
2025-08-03T12:00:00Z,554.6,280.8,704.0,679.0
2025-08-03T13:00:00Z,330.76666666666665,197.3,603.0,192.0
2025-08-03T14:00:00Z,374.59999999999997,116.8,443.0,564.0
2025-08-03T15:00:00Z,136.66666666666666,103.0,270.0,37.0
2025-08-03T16:00:00Z,120.43333333333334,81.3,143.0,137.0
2025-08-03T17:00:00Z,70.83333333333333,37.5,67.0,108.0
2025-08-03T18:00:00Z,16.433333333333334,11.3,17.0,21.0
2025-08-03T19:00:00Z,0.09999999999999999,0.3,0.0,0.0
2025-08-03T20:00:00Z,0.0,0.0,0.0,0.0
2025-08-03T21:00:00Z,0.0,0.0,0.0,0.0
2025-08-03T22:00:00Z,0.0,0.0,0.0,0.0
2025-08-03T23:00:00Z,0.0,0.0,0.0,0.0
2025-08-04T00:00:00Z,0.0,0.0,0.0,0.0
2025-08-04T01:00:00Z,0.0,0.0,0.0,0.0
2025-08-04T02:00:00Z,0.0,0.0,0.0,0.0
2025-08-04T03:00:00Z,0.0,0.0,0.0,0.0
2025-08-04T04:00:00Z,4.833333333333333,1.5,8.0,5.0
2025-08-04T05:00:00Z,11.933333333333332,7.8,22.0,6.0
2025-08-04T06:00:00Z,25.0,23.0,37.0,15.0
2025-08-04T07:00:00Z,38.93333333333333,46.8,62.0,8.0
2025-08-04T08:00:00Z,73.93333333333334,98.8,103.0,20.0
2025-08-04T09:00:00Z,157.5,253.5,164.0,55.0
2025-08-04T10:00:00Z,323.09999999999997,318.3,258.0,393.0
2025-08-04T11:00:00Z,597.5,547.5,418.0,827.0
2025-08-04T12:00:00Z,694.6666666666666,717.0,588.0,779.0
2025-08-04T13:00:00Z,682.4333333333333,649.3,653.0,745.0
2025-08-04T14:00:00Z,551.8333333333334,444.5,579.0,632.0
2025-08-04T15:00:00Z,448.09999999999997,420.3,436.0,488.0
2025-08-04T16:00:00Z,306.09999999999997,306.3,285.0,327.0
2025-08-04T17:00:00Z,155.76666666666668,157.3,146.0,164.0
2025-08-04T18:00:00Z,33.93333333333333,34.8,35.0,32.0
2025-08-04T19:00:00Z,0.0,0.0,0.0,0.0
2025-08-04T20:00:00Z,0.09999999999999999,0.3,0.0,0.0
2025-08-04T21:00:00Z,0.0,0.0,0.0,0.0
2025-08-04T22:00:00Z,0.0,0.0,0.0,0.0
2025-08-04T23:00:00Z,0.0,0.0,0.0,0.0
2025-08-05T00:00:00Z,0.0,0.0,0.0,0.0
2025-08-05T01:00:00Z,0.0,0.0,0.0,0.0
2025-08-05T02:00:00Z,0.09999999999999999,0.3,0.0,0.0
2025-08-05T03:00:00Z,0.09999999999999999,0.3,0.0,0.0
2025-08-05T04:00:00Z,46.333333333333336,44.0,53.0,42.0
2025-08-05T05:00:00Z,172.0,172.0,163.0,181.0
2025-08-05T06:00:00Z,320.6666666666667,331.0,288.0,343.0
2025-08-05T07:00:00Z,448.1666666666667,432.5,411.0,501.0
2025-08-05T08:00:00Z,533.9333333333333,454.8,507.0,640.0
2025-08-05T09:00:00Z,634.8333333333334,587.5,569.0,748.0
2025-08-05T10:00:00Z,685.2666666666668,636.8,606.0,813.0
2025-08-05T11:00:00Z,706.6,660.8,626.0,833.0
2025-08-05T12:00:00Z,680.6666666666666,618.0,619.0,805.0
2025-08-05T13:00:00Z,669.1666666666666,696.5,578.0,733.0
2025-08-05T14:00:00Z,563.3333333333334,559.0,510.0,621.0
2025-08-05T15:00:00Z,438.43333333333334,421.3,415.0,479.0
2025-08-05T16:00:00Z,305.8333333333333,308.5,290.0,319.0
2025-08-05T17:00:00Z,155.6,157.8,150.0,159.0
2025-08-05T18:00:00Z,32.766666666666666,34.3,35.0,29.0
2025-08-05T19:00:00Z,0.0,0.0,0.0,0.0
2025-08-05T20:00:00Z,0.0,0.0,0.0,0.0
2025-08-05T21:00:00Z,0.09999999999999999,0.3,0.0,0.0
2025-08-05T22:00:00Z,0.0,0.0,0.0,0.0
2025-08-05T23:00:00Z,0.0,0.0,0.0,0.0
2025-08-06T00:00:00Z,0.0,0.0,0.0,0.0
2025-08-06T01:00:00Z,0.0,0.0,0.0,0.0
2025-08-06T02:00:00Z,0.0,0.0,0.0,0.0
2025-08-06T03:00:00Z,0.09999999999999999,0.3,0.0,0.0
2025-08-06T04:00:00Z,42.1,38.3,52.0,36.0
2025-08-06T05:00:00Z,158.6,168.8,169.0,138.0
2025-08-06T06:00:00Z,290.0,314.0,313.0,243.0
2025-08-06T07:00:00Z,445.09999999999997,459.3,461.0,415.0
2025-08-06T08:00:00Z,579.5,565.5,580.0,593.0
2025-08-06T09:00:00Z,659.1666666666666,657.5,662.0,658.0
2025-08-06T10:00:00Z,742.6,793.8,715.0,719.0
2025-08-06T11:00:00Z,764.1666666666666,812.5,749.0,731.0
2025-08-06T12:00:00Z,760.9333333333334,748.8,749.0,785.0
2025-08-06T13:00:00Z,696.5,662.5,696.0,731.0
2025-08-06T14:00:00Z,607.0,611.0,594.0,616.0
2025-08-06T15:00:00Z,451.8333333333333,444.5,459.0,452.0
2025-08-06T16:00:00Z,304.26666666666665,296.8,304.0,312.0
2025-08-06T17:00:00Z,126.93333333333334,114.8,148.0,118.0
2025-08-06T18:00:00Z,27.666666666666668,29.0,30.0,24.0
2025-08-06T19:00:00Z,0.09999999999999999,0.3,0.0,0.0
2025-08-06T20:00:00Z,0.0,0.0,0.0,0.0
2025-08-06T21:00:00Z,0.0,0.0,0.0,0.0
2025-08-06T22:00:00Z,0.0,0.0,0.0,0.0
2025-08-06T23:00:00Z,0.0,0.0,0.0,0.0
2025-08-07T00:00:00Z,0.0,0.0,0.0,0.0
2025-08-07T01:00:00Z,0.0,0.0,0.0,0.0
2025-08-07T02:00:00Z,0.0,0.0,0.0,0.0
2025-08-07T03:00:00Z,0.0,0.0,0.0,0.0
2025-08-07T04:00:00Z,15.266666666666666,17.8,19.0,9.0
2025-08-07T05:00:00Z,96.93333333333334,75.8,91.0,124.0
2025-08-07T06:00:00Z,247.83333333333334,207.5,225.0,311.0
2025-08-07T07:00:00Z,389.09999999999997,359.3,381.0,427.0
2025-08-07T08:00:00Z,475.1666666666667,376.5,494.0,555.0
2025-08-07T09:00:00Z,525.1,507.3,555.0,513.0
2025-08-07T10:00:00Z,634.6,673.8,576.0,654.0
2025-08-07T11:00:00Z,682.3333333333334,761.0,560.0,726.0
2025-08-07T12:00:00Z,536.0,632.0,505.0,471.0
2025-08-07T13:00:00Z,483.09999999999997,539.3,436.0,474.0
2025-08-07T14:00:00Z,412.6666666666667,430.0,366.0,442.0
2025-08-07T15:00:00Z,340.26666666666665,386.8,288.0,346.0
2025-08-07T16:00:00Z,194.66666666666666,231.0,198.0,155.0
2025-08-07T17:00:00Z,100.10000000000001,109.3,103.0,88.0
2025-08-07T18:00:00Z,20.766666666666666,24.3,23.0,15.0
2025-08-07T19:00:00Z,0.0,0.0,0.0,0.0
2025-08-07T20:00:00Z,0.0,0.0,0.0,0.0
2025-08-07T21:00:00Z,0.0,0.0,0.0,0.0
2025-08-07T22:00:00Z,0.0,0.0,0.0,0.0
2025-08-07T23:00:00Z,0.0,0.0,0.0,0.0
2025-08-08T00:00:00Z,0.0,0.0,0.0,0.0
2025-08-08T01:00:00Z,0.09999999999999999,0.3,0.0,0.0
2025-08-08T02:00:00Z,0.09999999999999999,0.3,0.0,0.0
2025-08-08T03:00:00Z,0.0,0.0,0.0,0.0
2025-08-08T04:00:00Z,38.766666666666666,39.3,47.0,30.0
2025-08-08T05:00:00Z,144.93333333333334,146.8,157.0,131.0
2025-08-08T06:00:00Z,268.1666666666667,261.5,280.0,263.0
2025-08-08T07:00:00Z,401.43333333333334,385.3,407.0,412.0
2025-08-08T08:00:00Z,489.43333333333334,417.3,527.0,524.0
2025-08-08T09:00:00Z,627.1666666666666,629.5,632.0,620.0
2025-08-08T10:00:00Z,705.5,697.5,708.0,711.0
2025-08-08T11:00:00Z,770.1666666666666,758.5,750.0,802.0
2025-08-08T12:00:00Z,729.2666666666668,667.8,749.0,771.0
2025-08-08T13:00:00Z,677.1,688.3,689.0,654.0
2025-08-08T14:00:00Z,583.2666666666667,590.8,572.0,587.0
2025-08-08T15:00:00Z,439.1666666666667,444.5,424.0,449.0
2025-08-08T16:00:00Z,219.76666666666665,290.3,272.0,97.0
2025-08-08T17:00:00Z,106.43333333333334,113.3,131.0,75.0
2025-08-08T18:00:00Z,19.766666666666666,27.3,25.0,7.0
2025-08-08T19:00:00Z,0.09999999999999999,0.3,0.0,0.0
2025-08-08T20:00:00Z,0.0,0.0,0.0,0.0
2025-08-08T21:00:00Z,0.0,0.0,0.0,0.0
2025-08-08T22:00:00Z,0.0,0.0,0.0,0.0
2025-08-08T23:00:00Z,0.0,0.0,0.0,0.0
2025-08-09T00:00:00Z,0.0,0.0,0.0,0.0
2025-08-09T01:00:00Z,0.09999999999999999,0.3,0.0,0.0
2025-08-09T02:00:00Z,0.0,0.0,0.0,0.0
2025-08-09T03:00:00Z,0.0,0.0,0.0,0.0
2025-08-09T04:00:00Z,38.333333333333336,36.0,45.0,34.0
2025-08-09T05:00:00Z,164.5,159.5,165.0,169.0
2025-08-09T06:00:00Z,319.8333333333333,313.5,316.0,330.0
2025-08-09T07:00:00Z,479.8333333333333,473.5,476.0,490.0
2025-08-09T08:00:00Z,619.2666666666667,615.8,611.0,631.0
2025-08-09T09:00:00Z,708.3333333333334,674.0,712.0,739.0
2025-08-09T10:00:00Z,744.4333333333334,655.3,773.0,805.0
2025-08-09T11:00:00Z,754.3333333333334,652.0,788.0,823.0
2025-08-09T12:00:00Z,763.0,740.0,755.0,794.0
2025-08-09T13:00:00Z,678.7666666666667,666.3,679.0,691.0
2025-08-09T14:00:00Z,576.1,559.3,572.0,597.0
2025-08-09T15:00:00Z,449.8333333333333,442.5,441.0,466.0
2025-08-09T16:00:00Z,295.1666666666667,289.5,291.0,305.0
2025-08-09T17:00:00Z,142.0,142.0,140.0,144.0
2025-08-09T18:00:00Z,24.333333333333332,26.0,25.0,22.0
2025-08-09T19:00:00Z,0.0,0.0,0.0,0.0
2025-08-09T20:00:00Z,0.0,0.0,0.0,0.0
2025-08-09T21:00:00Z,0.0,0.0,0.0,0.0
2025-08-09T22:00:00Z,0.0,0.0,0.0,0.0
2025-08-09T23:00:00Z,0.0,0.0,0.0,0.0
2025-08-10T00:00:00Z,0.0,0.0,0.0,0.0
2025-08-10T01:00:00Z,0.0,0.0,0.0,0.0
2025-08-10T02:00:00Z,0.0,0.0,0.0,0.0
2025-08-10T03:00:00Z,0.0,0.0,0.0,0.0
2025-08-10T04:00:00Z,36.666666666666664,35.0,43.0,32.0
2025-08-10T05:00:00Z,163.0,157.0,164.0,168.0
2025-08-10T06:00:00Z,319.5,313.5,315.0,330.0
2025-08-10T07:00:00Z,479.0,473.0,475.0,489.0
2025-08-10T08:00:00Z,618.6666666666666,614.0,613.0,629.0
2025-08-10T09:00:00Z,726.1,724.3,719.0,735.0
2025-08-10T10:00:00Z,790.7666666666668,789.3,784.0,799.0
2025-08-10T11:00:00Z,811.8333333333334,811.5,806.0,818.0
2025-08-10T12:00:00Z,784.5,786.5,779.0,788.0
2025-08-10T13:00:00Z,709.8333333333334,711.5,704.0,714.0
2025-08-10T14:00:00Z,595.0,595.0,589.0,601.0
2025-08-10T15:00:00Z,451.3333333333333,449.0,447.0,458.0
2025-08-10T16:00:00Z,294.43333333333334,292.3,292.0,299.0
2025-08-10T17:00:00Z,138.5,136.5,140.0,139.0
2025-08-10T18:00:00Z,22.333333333333332,23.0,25.0,19.0
2025-08-10T19:00:00Z,0.0,0.0,0.0,0.0
2025-08-10T20:00:00Z,0.09999999999999999,0.3,0.0,0.0
2025-08-10T21:00:00Z,0.0,0.0,0.0,0.0
2025-08-10T22:00:00Z,0.09999999999999999,0.3,0.0,0.0
2025-08-10T23:00:00Z,0.0,0.0,0.0,0.0
2025-08-11T00:00:00Z,0.09999999999999999,0.3,0.0,0.0
2025-08-11T01:00:00Z,0.0,0.0,0.0,0.0
2025-08-11T02:00:00Z,0.0,0.0,0.0,0.0
2025-08-11T03:00:00Z,0.0,0.0,0.0,0.0
2025-08-11T04:00:00Z,34.266666666666666,32.8,40.0,30.0
2025-08-11T05:00:00Z,159.0,154.0,160.0,163.0
2025-08-11T06:00:00Z,313.3333333333333,306.0,310.0,324.0
2025-08-11T07:00:00Z,471.6666666666667,462.0,470.0,483.0
2025-08-11T08:00:00Z,610.7666666666667,603.3,608.0,621.0
2025-08-11T09:00:00Z,718.6666666666666,715.0,714.0,727.0
2025-08-11T10:00:00Z,784.7666666666668,786.3,779.0,789.0
2025-08-11T11:00:00Z,807.1666666666666,809.5,798.0,814.0
2025-08-11T12:00:00Z,771.6,783.8,767.0,764.0
2025-08-11T13:00:00Z,676.1666666666666,708.5,689.0,631.0
2025-08-11T14:00:00Z,494.3333333333333,592.0,575.0,316.0
2025-08-11T15:00:00Z,356.6666666666667,450.0,436.0,184.0
2025-08-11T16:00:00Z,281.0,291.0,283.0,269.0
2025-08-11T17:00:00Z,125.93333333333334,110.8,133.0,134.0
2025-08-11T18:00:00Z,20.0,21.0,22.0,17.0
2025-08-11T19:00:00Z,0.0,0.0,0.0,0.0
2025-08-11T20:00:00Z,0.0,0.0,0.0,0.0
2025-08-11T21:00:00Z,0.0,0.0,0.0,0.0
2025-08-11T22:00:00Z,0.0,0.0,0.0,0.0
2025-08-11T23:00:00Z,0.0,0.0,0.0,0.0
2025-08-12T00:00:00Z,0.0,0.0,0.0,0.0
2025-08-12T01:00:00Z,0.0,0.0,0.0,0.0
2025-08-12T02:00:00Z,0.0,0.0,0.0,0.0
2025-08-12T03:00:00Z,0.0,0.0,0.0,0.0
2025-08-12T04:00:00Z,31.266666666666666,29.8,37.0,27.0
2025-08-12T05:00:00Z,151.6,145.8,154.0,155.0
2025-08-12T06:00:00Z,303.26666666666665,296.8,300.0,313.0
2025-08-12T07:00:00Z,457.5,450.5,455.0,467.0
2025-08-12T08:00:00Z,593.7666666666667,587.3,591.0,603.0
2025-08-12T09:00:00Z,698.6,693.8,694.0,708.0
2025-08-12T10:00:00Z,763.7666666666668,761.3,757.0,773.0
2025-08-12T11:00:00Z,783.6666666666666,784.0,773.0,794.0
2025-08-12T12:00:00Z,755.0,760.0,739.0,766.0
2025-08-12T13:00:00Z,680.4333333333333,688.3,659.0,694.0
2025-08-12T14:00:00Z,568.3333333333334,578.0,545.0,582.0
2025-08-12T15:00:00Z,428.1666666666667,436.5,407.0,441.0
2025-08-12T16:00:00Z,275.3333333333333,281.0,261.0,284.0
2025-08-12T17:00:00Z,125.43333333333334,128.3,120.0,128.0
2025-08-12T18:00:00Z,17.433333333333334,19.3,18.0,15.0
2025-08-12T19:00:00Z,0.0,0.0,0.0,0.0
2025-08-12T20:00:00Z,0.0,0.0,0.0,0.0
2025-08-12T21:00:00Z,0.0,0.0,0.0,0.0
2025-08-12T22:00:00Z,0.0,0.0,0.0,0.0
2025-08-12T23:00:00Z,0.09999999999999999,0.3,0.0,0.0
2025-08-13T00:00:00Z,0.0,0.0,0.0,0.0
2025-08-13T01:00:00Z,0.0,0.0,0.0,0.0
2025-08-13T02:00:00Z,0.0,0.0,0.0,0.0
2025-08-13T03:00:00Z,0.0,0.0,0.0,0.0
2025-08-13T04:00:00Z,27.266666666666666,25.8,31.0,25.0
2025-08-13T05:00:00Z,140.93333333333334,132.8,139.0,151.0
2025-08-13T06:00:00Z,293.76666666666665,289.3,284.0,308.0
2025-08-13T07:00:00Z,445.3333333333333,442.0,443.0,451.0
2025-08-13T08:00:00Z,585.6666666666666,579.0,581.0,597.0
2025-08-13T09:00:00Z,692.1666666666666,688.5,685.0,703.0
2025-08-13T10:00:00Z,756.9333333333334,753.8,750.0,767.0
2025-08-13T11:00:00Z,772.7666666666668,771.3,772.0,775.0
2025-08-13T12:00:00Z,742.1666666666666,746.5,745.0,735.0
2025-08-13T13:00:00Z,675.7666666666667,676.3,667.0,684.0
2025-08-13T14:00:00Z,562.2666666666667,569.8,544.0,573.0
2025-08-13T15:00:00Z,417.93333333333334,423.8,397.0,433.0
2025-08-13T16:00:00Z,266.59999999999997,272.8,251.0,276.0
2025-08-13T17:00:00Z,119.66666666666667,120.0,117.0,122.0
2025-08-13T18:00:00Z,15.933333333333332,16.8,17.0,14.0
2025-08-13T19:00:00Z,0.0,0.0,0.0,0.0
2025-08-13T20:00:00Z,0.0,0.0,0.0,0.0
2025-08-13T21:00:00Z,0.0,0.0,0.0,0.0
2025-08-13T22:00:00Z,0.0,0.0,0.0,0.0
2025-08-13T23:00:00Z,0.0,0.0,0.0,0.0
2025-08-14T00:00:00Z,0.0,0.0,0.0,0.0
2025-08-14T01:00:00Z,0.0,0.0,0.0,0.0
2025-08-14T02:00:00Z,0.0,0.0,0.0,0.0
2025-08-14T03:00:00Z,0.0,0.0,0.0,0.0
2025-08-14T04:00:00Z,25.099999999999998,22.3,32.0,21.0
2025-08-14T05:00:00Z,125.66666666666667,120.0,143.0,114.0
2025-08-14T06:00:00Z,282.5,273.5,283.0,291.0
2025-08-14T07:00:00Z,426.76666666666665,413.3,433.0,434.0
2025-08-14T08:00:00Z,563.7666666666667,559.3,568.0,564.0
2025-08-14T09:00:00Z,667.1666666666666,667.5,675.0,659.0
2025-08-14T10:00:00Z,740.7666666666668,735.3,735.0,752.0
2025-08-14T11:00:00Z,750.5,752.5,726.0,773.0
2025-08-14T12:00:00Z,700.9333333333334,695.8,661.0,746.0
2025-08-14T13:00:00Z,632.3333333333334,648.0,575.0,674.0
2025-08-14T14:00:00Z,537.6666666666666,558.0,489.0,566.0
2025-08-14T15:00:00Z,412.0,421.0,387.0,428.0
2025-08-14T16:00:00Z,265.76666666666665,268.3,257.0,272.0
2025-08-14T17:00:00Z,117.26666666666667,117.8,116.0,118.0
2025-08-14T18:00:00Z,14.1,15.3,15.0,12.0
2025-08-14T19:00:00Z,0.0,0.0,0.0,0.0
2025-08-14T20:00:00Z,0.0,0.0,0.0,0.0
2025-08-14T21:00:00Z,0.0,0.0,0.0,0.0
2025-08-14T22:00:00Z,0.0,0.0,0.0,0.0
2025-08-14T23:00:00Z,0.0,0.0,0.0,0.0
2025-08-15T00:00:00Z,0.0,0.0,0.0,0.0
2025-08-15T01:00:00Z,0.0,0.0,0.0,0.0
2025-08-15T02:00:00Z,0.0,0.0,0.0,0.0
2025-08-15T03:00:00Z,0.0,0.0,0.0,0.0
2025-08-15T04:00:00Z,17.099999999999998,17.3,13.0,21.0
2025-08-15T05:00:00Z,89.66666666666667,74.0,60.0,135.0
2025-08-15T06:00:00Z,129.26666666666668,130.8,122.0,135.0
2025-08-15T07:00:00Z,182.33333333333334,247.0,196.0,104.0
2025-08-15T08:00:00Z,230.33333333333334,289.0,281.0,121.0
2025-08-15T09:00:00Z,284.3333333333333,305.0,368.0,180.0
2025-08-15T10:00:00Z,350.76666666666665,411.3,433.0,208.0
2025-08-15T11:00:00Z,372.76666666666665,447.3,455.0,216.0
2025-08-15T12:00:00Z,429.8333333333333,487.5,440.0,362.0
2025-08-15T13:00:00Z,406.93333333333334,477.8,396.0,347.0
2025-08-15T14:00:00Z,397.0,468.0,327.0,396.0
2025-08-15T15:00:00Z,336.3333333333333,352.0,243.0,414.0
2025-08-15T16:00:00Z,219.6,228.8,160.0,270.0
2025-08-15T17:00:00Z,101.26666666666667,109.8,81.0,113.0
2025-08-15T18:00:00Z,11.833333333333334,13.5,12.0,10.0
2025-08-15T19:00:00Z,0.09999999999999999,0.3,0.0,0.0
2025-08-15T20:00:00Z,0.0,0.0,0.0,0.0
2025-08-15T21:00:00Z,0.0,0.0,0.0,0.0
2025-08-15T22:00:00Z,0.0,0.0,0.0,0.0
2025-08-15T23:00:00Z,0.0,0.0,0.0,0.0
2025-08-16T00:00:00Z,0.0,0.0,0.0,0.0
2025-08-16T01:00:00Z,0.0,0.0,0.0,0.0
2025-08-16T02:00:00Z,0.0,0.0,0.0,0.0
2025-08-16T03:00:00Z,0.0,0.0,0.0,0.0
2025-08-16T04:00:00Z,18.5,21.5,14.0,20.0
2025-08-16T05:00:00Z,112.33333333333333,120.0,77.0,140.0
2025-08-16T06:00:00Z,242.5,257.5,172.0,298.0
2025-08-16T07:00:00Z,247.5,347.5,268.0,127.0
2025-08-16T08:00:00Z,284.93333333333334,411.8,314.0,129.0
2025-08-16T09:00:00Z,337.43333333333334,512.3,308.0,192.0
2025-08-16T10:00:00Z,351.0,529.0,294.0,230.0
2025-08-16T11:00:00Z,361.76666666666665,609.3,305.0,171.0
2025-08-16T12:00:00Z,339.09999999999997,498.3,319.0,200.0
2025-08-16T13:00:00Z,319.59999999999997,406.8,309.0,243.0
2025-08-16T14:00:00Z,272.26666666666665,398.8,271.0,147.0
2025-08-16T15:00:00Z,202.76666666666665,313.3,215.0,80.0
2025-08-16T16:00:00Z,135.66666666666666,188.0,147.0,72.0
2025-08-16T17:00:00Z,70.5,110.5,72.0,29.0
2025-08-16T18:00:00Z,10.1,12.3,9.0,9.0
2025-08-16T19:00:00Z,0.0,0.0,0.0,0.0
2025-08-16T20:00:00Z,0.0,0.0,0.0,0.0
2025-08-16T21:00:00Z,0.0,0.0,0.0,0.0
2025-08-16T22:00:00Z,0.0,0.0,0.0,0.0
2025-08-16T23:00:00Z,0.0,0.0,0.0,0.0
2025-08-17T00:00:00Z,0.09999999999999999,0.3,0.0,0.0
2025-08-17T01:00:00Z,0.0,0.0,0.0,0.0
2025-08-17T02:00:00Z,0.0,0.0,0.0,0.0
2025-08-17T03:00:00Z,0.0,0.0,0.0,0.0
2025-08-17T04:00:00Z,20.266666666666666,14.8,27.0,19.0
2025-08-17T05:00:00Z,120.93333333333334,82.8,140.0,140.0
2025-08-17T06:00:00Z,251.5,166.5,288.0,300.0
2025-08-17T07:00:00Z,405.59999999999997,309.8,447.0,460.0
2025-08-17T08:00:00Z,576.6,546.8,583.0,600.0
2025-08-17T09:00:00Z,662.2666666666667,593.8,686.0,707.0
2025-08-17T10:00:00Z,756.1,749.3,747.0,772.0
2025-08-17T11:00:00Z,764.0,740.0,763.0,789.0
2025-08-17T12:00:00Z,742.3333333333334,738.0,729.0,760.0
2025-08-17T13:00:00Z,647.6666666666666,608.0,650.0,685.0
2025-08-17T14:00:00Z,541.4333333333333,516.3,538.0,570.0
2025-08-17T15:00:00Z,408.26666666666665,397.8,401.0,426.0
2025-08-17T16:00:00Z,256.8333333333333,251.5,253.0,266.0
2025-08-17T17:00:00Z,110.10000000000001,112.3,109.0,109.0
2025-08-17T18:00:00Z,10.1,11.3,11.0,8.0
2025-08-17T19:00:00Z,0.0,0.0,0.0,0.0
2025-08-17T20:00:00Z,0.09999999999999999,0.3,0.0,0.0
2025-08-17T21:00:00Z,0.0,0.0,0.0,0.0
2025-08-17T22:00:00Z,0.0,0.0,0.0,0.0
2025-08-17T23:00:00Z,0.0,0.0,0.0,0.0
2025-08-18T00:00:00Z,0.0,0.0,0.0,0.0
2025-08-18T01:00:00Z,0.0,0.0,0.0,0.0
2025-08-18T02:00:00Z,0.09999999999999999,0.3,0.0,0.0
2025-08-18T03:00:00Z,0.09999999999999999,0.3,0.0,0.0
2025-08-18T04:00:00Z,21.333333333333332,20.0,26.0,18.0
2025-08-18T05:00:00Z,136.43333333333334,131.3,140.0,138.0
2025-08-18T06:00:00Z,290.76666666666665,285.3,289.0,298.0
2025-08-18T07:00:00Z,449.3333333333333,444.0,447.0,457.0
2025-08-18T08:00:00Z,588.6666666666666,586.0,584.0,596.0
2025-08-18T09:00:00Z,696.5,697.5,689.0,703.0
2025-08-18T10:00:00Z,761.5,763.5,753.0,768.0
2025-08-18T11:00:00Z,781.0,783.0,773.0,787.0
2025-08-18T12:00:00Z,751.4333333333334,754.3,743.0,757.0
2025-08-18T13:00:00Z,675.6,678.8,666.0,682.0
2025-08-18T14:00:00Z,561.9333333333333,567.8,551.0,567.0
2025-08-18T15:00:00Z,419.1666666666667,424.5,411.0,422.0
2025-08-18T16:00:00Z,262.0,265.0,259.0,262.0
2025-08-18T17:00:00Z,108.93333333333334,109.8,112.0,105.0
2025-08-18T18:00:00Z,9.433333333333334,10.3,11.0,7.0
2025-08-18T19:00:00Z,0.0,0.0,0.0,0.0
2025-08-18T20:00:00Z,0.0,0.0,0.0,0.0
2025-08-18T21:00:00Z,0.0,0.0,0.0,0.0
2025-08-18T22:00:00Z,0.0,0.0,0.0,0.0
2025-08-18T23:00:00Z,0.0,0.0,0.0,0.0
2025-08-19T00:00:00Z,0.09999999999999999,0.3,0.0,0.0
2025-08-19T01:00:00Z,0.0,0.0,0.0,0.0
2025-08-19T02:00:00Z,0.0,0.0,0.0,0.0
2025-08-19T03:00:00Z,0.0,0.0,0.0,0.0
2025-08-19T04:00:00Z,17.833333333333332,17.5,20.0,16.0
2025-08-19T05:00:00Z,114.43333333333334,110.3,121.0,112.0
2025-08-19T06:00:00Z,256.93333333333334,248.8,262.0,260.0
2025-08-19T07:00:00Z,403.3333333333333,414.0,419.0,377.0
2025-08-19T08:00:00Z,546.2666666666667,565.8,561.0,512.0
2025-08-19T09:00:00Z,679.0,681.0,674.0,682.0
2025-08-19T10:00:00Z,732.1,741.3,745.0,710.0
2025-08-19T11:00:00Z,742.1,765.3,765.0,696.0
2025-08-19T12:00:00Z,719.6,736.8,732.0,690.0
2025-08-19T13:00:00Z,647.7666666666667,667.3,653.0,623.0
2025-08-19T14:00:00Z,550.5,554.5,543.0,554.0
2025-08-19T15:00:00Z,409.5,410.5,407.0,411.0
2025-08-19T16:00:00Z,246.83333333333334,247.5,253.0,240.0
2025-08-19T17:00:00Z,98.60000000000001,95.8,102.0,98.0
2025-08-19T18:00:00Z,7.5,8.5,8.0,6.0
2025-08-19T19:00:00Z,0.0,0.0,0.0,0.0
2025-08-19T20:00:00Z,0.0,0.0,0.0,0.0
2025-08-19T21:00:00Z,0.0,0.0,0.0,0.0
2025-08-19T22:00:00Z,0.0,0.0,0.0,0.0
2025-08-19T23:00:00Z,0.0,0.0,0.0,0.0
2025-08-20T00:00:00Z,0.0,0.0,0.0,0.0
2025-08-20T01:00:00Z,0.0,0.0,0.0,0.0
2025-08-20T02:00:00Z,0.0,0.0,0.0,0.0
2025-08-20T03:00:00Z,0.0,0.0,0.0,0.0
2025-08-20T04:00:00Z,13.833333333333334,16.5,22.0,3.0
2025-08-20T05:00:00Z,92.43333333333334,121.3,132.0,24.0
2025-08-20T06:00:00Z,207.4333333333333,282.3,279.0,61.0
2025-08-20T07:00:00Z,333.43333333333334,436.3,429.0,135.0
2025-08-20T08:00:00Z,493.6666666666667,572.0,536.0,373.0
2025-08-20T09:00:00Z,616.6,568.8,591.0,690.0
2025-08-20T10:00:00Z,598.3333333333334,425.0,607.0,763.0
2025-08-20T11:00:00Z,654.4333333333333,598.3,586.0,779.0
2025-08-20T12:00:00Z,622.5,585.5,531.0,751.0
2025-08-20T13:00:00Z,585.9333333333333,618.8,464.0,675.0
2025-08-20T14:00:00Z,495.6666666666667,525.0,403.0,559.0
2025-08-20T15:00:00Z,371.3333333333333,374.0,327.0,413.0
2025-08-20T16:00:00Z,229.26666666666665,217.8,218.0,252.0
2025-08-20T17:00:00Z,94.10000000000001,92.3,94.0,96.0
2025-08-20T18:00:00Z,6.433333333333334,7.3,7.0,5.0
2025-08-20T19:00:00Z,0.0,0.0,0.0,0.0
2025-08-20T20:00:00Z,0.0,0.0,0.0,0.0
2025-08-20T21:00:00Z,0.0,0.0,0.0,0.0
2025-08-20T22:00:00Z,0.0,0.0,0.0,0.0
2025-08-20T23:00:00Z,0.0,0.0,0.0,0.0
2025-08-21T00:00:00Z,0.0,0.0,0.0,0.0
2025-08-21T01:00:00Z,0.0,0.0,0.0,0.0
2025-08-21T02:00:00Z,0.0,0.0,0.0,0.0
2025-08-21T03:00:00Z,0.0,0.0,0.0,0.0
2025-08-21T04:00:00Z,13.266666666666666,16.8,9.0,14.0
2025-08-21T05:00:00Z,105.93333333333334,112.8,76.0,129.0
2025-08-21T06:00:00Z,147.83333333333334,147.5,200.0,96.0
2025-08-21T07:00:00Z,251.33333333333334,297.0,334.0,123.0
2025-08-21T08:00:00Z,355.3333333333333,488.0,396.0,182.0
2025-08-21T09:00:00Z,337.5,395.5,382.0,235.0
2025-08-21T10:00:00Z,396.8333333333333,421.5,360.0,409.0
2025-08-21T11:00:00Z,510.8333333333333,378.5,382.0,772.0
2025-08-21T12:00:00Z,540.1666666666666,450.5,410.0,760.0
2025-08-21T13:00:00Z,497.26666666666665,409.8,399.0,683.0
2025-08-21T14:00:00Z,425.43333333333334,380.3,336.0,560.0
2025-08-21T15:00:00Z,275.59999999999997,225.8,249.0,352.0
2025-08-21T16:00:00Z,151.93333333333334,121.8,160.0,174.0
2025-08-21T17:00:00Z,63.6,54.8,74.0,62.0
2025-08-21T18:00:00Z,5.0,5.0,6.0,4.0
2025-08-21T19:00:00Z,0.0,0.0,0.0,0.0
2025-08-21T20:00:00Z,0.0,0.0,0.0,0.0
2025-08-21T21:00:00Z,0.0,0.0,0.0,0.0
2025-08-21T22:00:00Z,0.09999999999999999,0.3,0.0,0.0
2025-08-21T23:00:00Z,0.0,0.0,0.0,0.0
2025-08-22T00:00:00Z,0.0,0.0,0.0,0.0
2025-08-22T01:00:00Z,0.0,0.0,0.0,0.0
2025-08-22T02:00:00Z,0.0,0.0,0.0,0.0
2025-08-22T03:00:00Z,0.0,0.0,0.0,0.0
2025-08-22T04:00:00Z,5.166666666666667,8.5,5.0,2.0
2025-08-22T05:00:00Z,45.5,93.5,37.0,6.0
2025-08-22T06:00:00Z,150.93333333333334,183.8,95.0,174.0
2025-08-22T07:00:00Z,177.26666666666665,264.8,178.0,89.0
2025-08-22T08:00:00Z,340.0,412.0,297.0,311.0
2025-08-22T09:00:00Z,420.0,255.0,438.0,567.0
2025-08-22T10:00:00Z,521.8333333333334,277.5,536.0,752.0
2025-08-22T11:00:00Z,557.9333333333333,575.8,533.0,565.0
2025-08-22T12:00:00Z,533.2666666666667,388.8,462.0,749.0
2025-08-22T13:00:00Z,456.6666666666667,316.0,381.0,673.0
2025-08-22T14:00:00Z,377.1666666666667,268.5,312.0,551.0
2025-08-22T15:00:00Z,193.6,227.8,237.0,116.0
2025-08-22T16:00:00Z,131.0,169.0,156.0,68.0
2025-08-22T17:00:00Z,43.6,45.8,70.0,15.0
2025-08-22T18:00:00Z,4.1000000000000005,5.3,5.0,2.0
2025-08-22T19:00:00Z,0.0,0.0,0.0,0.0
2025-08-22T20:00:00Z,0.0,0.0,0.0,0.0
2025-08-22T21:00:00Z,0.09999999999999999,0.3,0.0,0.0
2025-08-22T22:00:00Z,0.0,0.0,0.0,0.0
2025-08-22T23:00:00Z,0.0,0.0,0.0,0.0
2025-08-23T00:00:00Z,0.0,0.0,0.0,0.0
2025-08-23T01:00:00Z,0.0,0.0,0.0,0.0
2025-08-23T02:00:00Z,0.09999999999999999,0.3,0.0,0.0
2025-08-23T03:00:00Z,0.0,0.0,0.0,0.0
2025-08-23T04:00:00Z,14.0,14.0,17.0,11.0
2025-08-23T05:00:00Z,106.93333333333334,120.8,122.0,78.0
2025-08-23T06:00:00Z,215.1,272.3,268.0,105.0
2025-08-23T07:00:00Z,326.1666666666667,432.5,412.0,134.0
2025-08-23T08:00:00Z,440.09999999999997,571.3,494.0,255.0
2025-08-23T09:00:00Z,531.1666666666666,599.5,508.0,486.0
2025-08-23T10:00:00Z,630.7666666666667,644.3,491.0,757.0
2025-08-23T11:00:00Z,543.0,385.0,469.0,775.0
2025-08-23T12:00:00Z,567.4333333333333,526.3,431.0,745.0
2025-08-23T13:00:00Z,438.93333333333334,274.8,375.0,667.0
2025-08-23T14:00:00Z,389.6666666666667,319.0,301.0,549.0
2025-08-23T15:00:00Z,305.6666666666667,293.0,221.0,403.0
2025-08-23T16:00:00Z,193.6,200.8,140.0,240.0
2025-08-23T17:00:00Z,75.60000000000001,82.8,61.0,83.0
2025-08-23T18:00:00Z,3.4333333333333336,4.3,3.0,3.0
2025-08-23T19:00:00Z,0.09999999999999999,0.3,0.0,0.0
2025-08-23T20:00:00Z,0.0,0.0,0.0,0.0
2025-08-23T21:00:00Z,0.0,0.0,0.0,0.0
2025-08-23T22:00:00Z,0.0,0.0,0.0,0.0
2025-08-23T23:00:00Z,0.09999999999999999,0.3,0.0,0.0
2025-08-24T00:00:00Z,0.09999999999999999,0.3,0.0,0.0
2025-08-24T01:00:00Z,0.0,0.0,0.0,0.0
2025-08-24T02:00:00Z,0.0,0.0,0.0,0.0
2025-08-24T03:00:00Z,0.0,0.0,0.0,0.0
2025-08-24T04:00:00Z,12.933333333333332,12.8,16.0,10.0
2025-08-24T05:00:00Z,118.60000000000001,113.8,123.0,119.0
2025-08-24T06:00:00Z,273.6666666666667,268.0,273.0,280.0
2025-08-24T07:00:00Z,434.5,427.5,434.0,442.0
2025-08-24T08:00:00Z,575.6666666666666,570.0,572.0,585.0
2025-08-24T09:00:00Z,674.2666666666667,654.8,673.0,695.0
2025-08-24T10:00:00Z,744.8333333333334,739.5,733.0,762.0
2025-08-24T11:00:00Z,755.1,738.3,747.0,780.0
2025-08-24T12:00:00Z,723.4333333333334,709.3,711.0,750.0
2025-08-24T13:00:00Z,649.5,652.5,625.0,671.0
2025-08-24T14:00:00Z,501.09999999999997,523.3,491.0,489.0
2025-08-24T15:00:00Z,345.93333333333334,366.8,339.0,332.0
2025-08-24T16:00:00Z,202.1,216.3,203.0,187.0
2025-08-24T17:00:00Z,71.10000000000001,71.3,86.0,56.0
2025-08-24T18:00:00Z,3.1666666666666665,3.5,4.0,2.0
2025-08-24T19:00:00Z,0.0,0.0,0.0,0.0
2025-08-24T20:00:00Z,0.0,0.0,0.0,0.0
2025-08-24T21:00:00Z,0.0,0.0,0.0,0.0
2025-08-24T22:00:00Z,0.0,0.0,0.0,0.0
2025-08-24T23:00:00Z,0.0,0.0,0.0,0.0
2025-08-25T00:00:00Z,0.0,0.0,0.0,0.0
2025-08-25T01:00:00Z,0.0,0.0,0.0,0.0
2025-08-25T02:00:00Z,0.0,0.0,0.0,0.0
2025-08-25T03:00:00Z,0.0,0.0,0.0,0.0
2025-08-25T04:00:00Z,11.0,11.0,13.0,9.0
2025-08-25T05:00:00Z,108.16666666666667,105.5,111.0,108.0
2025-08-25T06:00:00Z,235.1,237.3,247.0,221.0
2025-08-25T07:00:00Z,384.1666666666667,388.5,394.0,370.0
2025-08-25T08:00:00Z,539.1666666666666,540.5,532.0,545.0
2025-08-25T09:00:00Z,664.0,669.0,646.0,677.0
2025-08-25T10:00:00Z,731.0,735.0,717.0,741.0
2025-08-25T11:00:00Z,739.1,751.3,735.0,731.0
2025-08-25T12:00:00Z,694.2666666666668,681.8,698.0,703.0
2025-08-25T13:00:00Z,586.1,634.3,609.0,515.0
2025-08-25T14:00:00Z,475.0,516.0,472.0,437.0
2025-08-25T15:00:00Z,325.43333333333334,378.3,320.0,278.0
2025-08-25T16:00:00Z,174.76666666666665,199.3,187.0,138.0
2025-08-25T17:00:00Z,64.76666666666667,70.3,77.0,47.0
2025-08-25T18:00:00Z,2.1,2.3,3.0,1.0
2025-08-25T19:00:00Z,0.0,0.0,0.0,0.0
2025-08-25T20:00:00Z,0.0,0.0,0.0,0.0
2025-08-25T21:00:00Z,0.0,0.0,0.0,0.0
2025-08-25T22:00:00Z,0.0,0.0,0.0,0.0
2025-08-25T23:00:00Z,0.0,0.0,0.0,0.0
2025-08-26T00:00:00Z,0.0,0.0,0.0,0.0
2025-08-26T01:00:00Z,0.0,0.0,0.0,0.0
2025-08-26T02:00:00Z,0.0,0.0,0.0,0.0
2025-08-26T03:00:00Z,0.0,0.0,0.0,0.0
2025-08-26T04:00:00Z,9.266666666666667,9.8,10.0,8.0
2025-08-26T05:00:00Z,93.26666666666667,94.8,98.0,87.0
2025-08-26T06:00:00Z,232.26666666666665,231.8,230.0,235.0
2025-08-26T07:00:00Z,379.0,388.0,377.0,372.0
2025-08-26T08:00:00Z,535.3333333333334,540.0,509.0,557.0
2025-08-26T09:00:00Z,642.7666666666667,651.3,613.0,664.0
2025-08-26T10:00:00Z,696.7666666666668,688.3,673.0,729.0
2025-08-26T11:00:00Z,703.2666666666668,690.8,676.0,743.0
2025-08-26T12:00:00Z,655.1,627.3,626.0,712.0
2025-08-26T13:00:00Z,488.76666666666665,527.3,542.0,397.0
2025-08-26T14:00:00Z,323.09999999999997,450.3,431.0,88.0
2025-08-26T15:00:00Z,209.83333333333334,302.5,307.0,20.0
2025-08-26T16:00:00Z,170.5,160.5,187.0,164.0
2025-08-26T17:00:00Z,42.76666666666667,44.3,75.0,9.0
2025-08-26T18:00:00Z,1.5999999999999999,1.8,2.0,1.0
2025-08-26T19:00:00Z,0.0,0.0,0.0,0.0
2025-08-26T20:00:00Z,0.0,0.0,0.0,0.0
2025-08-26T21:00:00Z,0.0,0.0,0.0,0.0
2025-08-26T22:00:00Z,0.0,0.0,0.0,0.0
2025-08-26T23:00:00Z,0.0,0.0,0.0,0.0
2025-08-27T00:00:00Z,0.0,0.0,0.0,0.0
2025-08-27T01:00:00Z,0.0,0.0,0.0,0.0
2025-08-27T02:00:00Z,0.0,0.0,0.0,0.0
2025-08-27T03:00:00Z,0.0,0.0,0.0,0.0
2025-08-27T04:00:00Z,3.4333333333333336,3.3,4.0,3.0
2025-08-27T05:00:00Z,23.266666666666666,26.8,29.0,14.0
2025-08-27T06:00:00Z,30.266666666666666,43.8,41.0,6.0
2025-08-27T07:00:00Z,43.5,76.5,43.0,11.0
2025-08-27T08:00:00Z,59.333333333333336,99.0,49.0,30.0
2025-08-27T09:00:00Z,79.43333333333334,135.3,62.0,41.0
2025-08-27T10:00:00Z,86.10000000000001,117.3,80.0,61.0
2025-08-27T11:00:00Z,108.26666666666667,117.8,106.0,101.0
2025-08-27T12:00:00Z,111.26666666666667,106.8,133.0,94.0
2025-08-27T13:00:00Z,131.93333333333334,111.8,142.0,142.0
2025-08-27T14:00:00Z,118.60000000000001,82.8,124.0,149.0
2025-08-27T15:00:00Z,97.66666666666667,81.0,93.0,119.0
2025-08-27T16:00:00Z,72.60000000000001,60.8,59.0,98.0
2025-08-27T17:00:00Z,24.333333333333332,19.0,23.0,31.0
2025-08-27T18:00:00Z,0.16666666666666666,0.5,0.0,0.0
2025-08-27T19:00:00Z,0.0,0.0,0.0,0.0
2025-08-27T20:00:00Z,0.0,0.0,0.0,0.0
2025-08-27T21:00:00Z,0.0,0.0,0.0,0.0
2025-08-27T22:00:00Z,0.0,0.0,0.0,0.0
2025-08-27T23:00:00Z,0.0,0.0,0.0,0.0
2025-08-28T00:00:00Z,0.0,0.0,0.0,0.0
2025-08-28T01:00:00Z,0.0,0.0,0.0,0.0
2025-08-28T02:00:00Z,0.0,0.0,0.0,0.0
2025-08-28T03:00:00Z,0.0,0.0,0.0,0.0
2025-08-28T04:00:00Z,3.0,2.0,2.0,5.0
2025-08-28T05:00:00Z,32.833333333333336,33.5,18.0,47.0
2025-08-28T06:00:00Z,77.0,98.0,30.0,103.0
2025-08-28T07:00:00Z,196.0,215.0,64.0,309.0
2025-08-28T08:00:00Z,345.0,473.0,179.0,383.0
2025-08-28T09:00:00Z,467.1666666666667,606.5,364.0,431.0
2025-08-28T10:00:00Z,620.3333333333334,608.0,530.0,723.0
2025-08-28T11:00:00Z,638.2666666666667,559.8,614.0,741.0
2025-08-28T12:00:00Z,585.1,608.3,628.0,519.0
2025-08-28T13:00:00Z,457.59999999999997,481.8,576.0,315.0
2025-08-28T14:00:00Z,353.3333333333333,465.0,459.0,136.0
2025-08-28T15:00:00Z,226.9333333333333,304.8,313.0,63.0
2025-08-28T16:00:00Z,117.5,134.5,181.0,37.0
2025-08-28T17:00:00Z,47.5,57.5,68.0,17.0
2025-08-28T18:00:00Z,0.6666666666666666,1.0,1.0,0.0
2025-08-28T19:00:00Z,0.0,0.0,0.0,0.0
2025-08-28T20:00:00Z,0.0,0.0,0.0,0.0
2025-08-28T21:00:00Z,0.0,0.0,0.0,0.0
2025-08-28T22:00:00Z,0.0,0.0,0.0,0.0
2025-08-28T23:00:00Z,0.0,0.0,0.0,0.0
2025-08-29T00:00:00Z,0.0,0.0,0.0,0.0
2025-08-29T01:00:00Z,0.0,0.0,0.0,0.0
2025-08-29T02:00:00Z,0.0,0.0,0.0,0.0
2025-08-29T03:00:00Z,0.0,0.0,0.0,0.0
2025-08-29T04:00:00Z,6.1000000000000005,6.3,8.0,4.0
2025-08-29T05:00:00Z,85.10000000000001,70.3,93.0,92.0
2025-08-29T06:00:00Z,179.4333333333333,151.3,207.0,180.0
2025-08-29T07:00:00Z,314.76666666666665,288.3,328.0,328.0
2025-08-29T08:00:00Z,437.09999999999997,383.3,450.0,478.0
2025-08-29T09:00:00Z,550.6666666666666,525.0,564.0,563.0
2025-08-29T10:00:00Z,592.5,488.5,637.0,652.0
2025-08-29T11:00:00Z,572.2666666666667,496.8,649.0,571.0
2025-08-29T12:00:00Z,443.93333333333334,610.8,607.0,114.0
2025-08-29T13:00:00Z,395.93333333333334,549.8,526.0,112.0
2025-08-29T14:00:00Z,292.8333333333333,346.5,415.0,117.0
2025-08-29T15:00:00Z,218.16666666666666,259.5,289.0,106.0
2025-08-29T16:00:00Z,138.83333333333334,167.5,170.0,79.0
2025-08-29T17:00:00Z,42.93333333333334,47.8,61.0,20.0
2025-08-29T18:00:00Z,0.16666666666666666,0.5,0.0,0.0
2025-08-29T19:00:00Z,0.0,0.0,0.0,0.0
2025-08-29T20:00:00Z,0.0,0.0,0.0,0.0
2025-08-29T21:00:00Z,0.0,0.0,0.0,0.0
2025-08-29T22:00:00Z,0.0,0.0,0.0,0.0
2025-08-29T23:00:00Z,0.0,0.0,0.0,0.0
2025-08-30T00:00:00Z,0.0,0.0,0.0,0.0
2025-08-30T01:00:00Z,0.0,0.0,0.0,0.0
2025-08-30T02:00:00Z,0.0,0.0,0.0,0.0
2025-08-30T03:00:00Z,0.09999999999999999,0.3,0.0,0.0
2025-08-30T04:00:00Z,5.5,5.5,7.0,4.0
2025-08-30T05:00:00Z,91.26666666666667,82.8,99.0,92.0
2025-08-30T06:00:00Z,236.33333333333334,225.0,238.0,246.0
2025-08-30T07:00:00Z,386.59999999999997,376.8,382.0,401.0
2025-08-30T08:00:00Z,506.3333333333333,505.0,487.0,527.0
2025-08-30T09:00:00Z,531.1,489.3,541.0,563.0
2025-08-30T10:00:00Z,527.1,437.3,543.0,601.0
2025-08-30T11:00:00Z,481.3333333333333,340.0,484.0,620.0
2025-08-30T12:00:00Z,315.76666666666665,206.3,382.0,359.0
2025-08-30T13:00:00Z,234.5,131.5,292.0,280.0
2025-08-30T14:00:00Z,203.66666666666666,133.0,234.0,244.0
2025-08-30T15:00:00Z,163.83333333333334,109.5,182.0,200.0
2025-08-30T16:00:00Z,110.16666666666667,91.5,117.0,122.0
2025-08-30T17:00:00Z,30.766666666666666,28.3,41.0,23.0
2025-08-30T18:00:00Z,0.0,0.0,0.0,0.0
2025-08-30T19:00:00Z,0.0,0.0,0.0,0.0
2025-08-30T20:00:00Z,0.0,0.0,0.0,0.0
2025-08-30T21:00:00Z,0.0,0.0,0.0,0.0
2025-08-30T22:00:00Z,0.0,0.0,0.0,0.0
2025-08-30T23:00:00Z,0.0,0.0,0.0,0.0
2025-08-31T00:00:00Z,0.09999999999999999,0.3,0.0,0.0
2025-08-31T01:00:00Z,0.0,0.0,0.0,0.0
2025-08-31T02:00:00Z,0.0,0.0,0.0,0.0
2025-08-31T03:00:00Z,0.0,0.0,0.0,0.0
2025-08-31T04:00:00Z,4.933333333333334,4.8,6.0,4.0
2025-08-31T05:00:00Z,71.66666666666667,55.0,80.0,80.0
2025-08-31T06:00:00Z,166.16666666666666,103.5,167.0,228.0
2025-08-31T07:00:00Z,224.9333333333333,104.8,242.0,328.0
2025-08-31T08:00:00Z,282.3333333333333,170.0,300.0,377.0
2025-08-31T09:00:00Z,239.0,146.0,336.0,235.0
2025-08-31T10:00:00Z,329.8333333333333,148.5,343.0,498.0
2025-08-31T11:00:00Z,218.1,143.3,305.0,206.0
2025-08-31T12:00:00Z,178.9333333333333,169.8,242.0,125.0
2025-08-31T13:00:00Z,157.26666666666668,207.8,198.0,66.0
2025-08-31T14:00:00Z,142.26666666666668,177.8,189.0,60.0
2025-08-31T15:00:00Z,199.16666666666666,128.5,176.0,293.0
2025-08-31T16:00:00Z,102.76666666666667,58.3,124.0,126.0
2025-08-31T17:00:00Z,29.166666666666668,27.5,43.0,17.0
2025-08-31T18:00:00Z,0.0,0.0,0.0,0.0
2025-08-31T19:00:00Z,0.0,0.0,0.0,0.0
2025-08-31T20:00:00Z,0.0,0.0,0.0,0.0
2025-08-31T21:00:00Z,0.0,0.0,0.0,0.0
2025-08-31T22:00:00Z,0.0,0.0,0.0,0.0
2025-08-31T23:00:00Z,0.0,0.0,0.0,0.0
2025-09-01T00:00:00Z,0.0,0.0,0.0,0.0
2025-09-01T01:00:00Z,0.0,0.0,0.0,0.0
2025-09-01T02:00:00Z,0.0,0.0,0.0,0.0
2025-09-01T03:00:00Z,0.0,0.0,0.0,0.0
2025-09-01T04:00:00Z,3.5,3.5,4.0,3.0
2025-09-01T05:00:00Z,63.76666666666667,53.3,65.0,73.0
2025-09-01T06:00:00Z,162.0,123.0,170.0,193.0
2025-09-01T07:00:00Z,304.1666666666667,251.5,295.0,366.0
2025-09-01T08:00:00Z,395.59999999999997,373.8,426.0,387.0
2025-09-01T09:00:00Z,515.5,460.5,549.0,537.0
2025-09-01T10:00:00Z,555.2666666666667,389.8,634.0,642.0
2025-09-01T11:00:00Z,604.2666666666667,446.8,660.0,706.0
2025-09-01T12:00:00Z,468.0,568.0,630.0,206.0
2025-09-01T13:00:00Z,392.26666666666665,488.8,554.0,134.0
2025-09-01T14:00:00Z,404.8333333333333,332.5,438.0,444.0
2025-09-01T15:00:00Z,204.76666666666665,269.3,303.0,42.0
2025-09-01T16:00:00Z,134.93333333333334,162.8,174.0,68.0
2025-09-01T17:00:00Z,44.833333333333336,38.5,55.0,41.0
2025-09-01T18:00:00Z,0.0,0.0,0.0,0.0
2025-09-01T19:00:00Z,0.0,0.0,0.0,0.0
2025-09-01T20:00:00Z,0.0,0.0,0.0,0.0
2025-09-01T21:00:00Z,0.0,0.0,0.0,0.0
2025-09-01T22:00:00Z,0.0,0.0,0.0,0.0
2025-09-01T23:00:00Z,0.0,0.0,0.0,0.0
2025-09-02T00:00:00Z,0.0,0.0,0.0,0.0
2025-09-02T01:00:00Z,0.0,0.0,0.0,0.0
2025-09-02T02:00:00Z,0.0,0.0,0.0,0.0
2025-09-02T03:00:00Z,0.0,0.0,0.0,0.0
2025-09-02T04:00:00Z,3.1,2.3,4.0,3.0
2025-09-02T05:00:00Z,52.76666666666667,31.3,77.0,50.0
2025-09-02T06:00:00Z,153.83333333333334,105.5,182.0,174.0
2025-09-02T07:00:00Z,300.76666666666665,286.3,281.0,335.0
2025-09-02T08:00:00Z,399.43333333333334,361.3,346.0,491.0
2025-09-02T09:00:00Z,439.0,518.0,371.0,428.0
2025-09-02T10:00:00Z,369.5,525.5,372.0,211.0
2025-09-02T11:00:00Z,437.43333333333334,515.3,357.0,440.0
2025-09-02T12:00:00Z,358.26666666666665,458.8,325.0,291.0
2025-09-02T13:00:00Z,326.0,402.0,289.0,287.0
2025-09-02T14:00:00Z,336.1666666666667,285.5,254.0,469.0
2025-09-02T15:00:00Z,249.83333333333334,215.5,207.0,327.0
2025-09-02T16:00:00Z,144.6,133.8,133.0,167.0
2025-09-02T17:00:00Z,33.1,40.3,41.0,18.0
2025-09-02T18:00:00Z,0.0,0.0,0.0,0.0
2025-09-02T19:00:00Z,0.0,0.0,0.0,0.0
2025-09-02T20:00:00Z,0.0,0.0,0.0,0.0
2025-09-02T21:00:00Z,0.0,0.0,0.0,0.0
2025-09-02T22:00:00Z,0.0,0.0,0.0,0.0
2025-09-02T23:00:00Z,0.0,0.0,0.0,0.0
2025-09-03T00:00:00Z,0.0,0.0,0.0,0.0
2025-09-03T01:00:00Z,0.0,0.0,0.0,0.0
2025-09-03T02:00:00Z,0.0,0.0,0.0,0.0
2025-09-03T03:00:00Z,0.0,0.0,0.0,0.0
2025-09-03T04:00:00Z,3.1666666666666665,3.5,4.0,2.0
2025-09-03T05:00:00Z,78.93333333333334,78.8,79.0,79.0
2025-09-03T06:00:00Z,214.66666666666666,211.0,202.0,231.0
2025-09-03T07:00:00Z,327.1666666666667,299.5,332.0,350.0
2025-09-03T08:00:00Z,455.3333333333333,451.0,439.0,476.0
2025-09-03T09:00:00Z,553.1,573.3,513.0,573.0
2025-09-03T10:00:00Z,622.6,645.8,554.0,668.0
2025-09-03T11:00:00Z,593.0,605.0,565.0,609.0
2025-09-03T12:00:00Z,548.8333333333334,645.5,539.0,462.0
2025-09-03T13:00:00Z,515.6666666666666,545.0,467.0,535.0
2025-09-03T14:00:00Z,362.76666666666665,361.3,349.0,378.0
2025-09-03T15:00:00Z,238.0,171.0,221.0,322.0
2025-09-03T16:00:00Z,99.5,81.5,115.0,102.0
2025-09-03T17:00:00Z,20.166666666666668,12.5,32.0,16.0
2025-09-03T18:00:00Z,0.0,0.0,0.0,0.0
2025-09-03T19:00:00Z,0.0,0.0,0.0,0.0
2025-09-03T20:00:00Z,0.0,0.0,0.0,0.0
2025-09-03T21:00:00Z,0.0,0.0,0.0,0.0
2025-09-03T22:00:00Z,0.0,0.0,0.0,0.0
2025-09-03T23:00:00Z,0.0,0.0,0.0,0.0
2025-09-04T00:00:00Z,0.0,0.0,0.0,0.0
2025-09-04T01:00:00Z,0.0,0.0,0.0,0.0
2025-09-04T02:00:00Z,0.0,0.0,0.0,0.0
2025-09-04T03:00:00Z,0.0,0.0,0.0,0.0
2025-09-04T04:00:00Z,1.1666666666666667,1.5,2.0,0.0
2025-09-04T05:00:00Z,44.0,38.0,46.0,48.0
2025-09-04T06:00:00Z,119.26666666666667,128.8,131.0,98.0
2025-09-04T07:00:00Z,277.8333333333333,252.5,242.0,339.0
2025-09-04T08:00:00Z,379.26666666666665,304.8,375.0,458.0
2025-09-04T09:00:00Z,463.59999999999997,402.8,513.0,475.0
2025-09-04T10:00:00Z,511.1666666666667,431.5,606.0,496.0
2025-09-04T11:00:00Z,509.09999999999997,388.3,610.0,529.0
2025-09-04T12:00:00Z,347.43333333333334,376.3,546.0,120.0
2025-09-04T13:00:00Z,317.26666666666665,303.8,455.0,193.0
2025-09-04T14:00:00Z,299.43333333333334,204.3,352.0,342.0
2025-09-04T15:00:00Z,176.26666666666665,177.8,241.0,110.0
2025-09-04T16:00:00Z,92.26666666666667,94.8,135.0,47.0
2025-09-04T17:00:00Z,24.333333333333332,28.0,36.0,9.0
2025-09-04T18:00:00Z,0.09999999999999999,0.3,0.0,0.0
2025-09-04T19:00:00Z,0.0,0.0,0.0,0.0
2025-09-04T20:00:00Z,0.0,0.0,0.0,0.0
2025-09-04T21:00:00Z,0.0,0.0,0.0,0.0
2025-09-04T22:00:00Z,0.0,0.0,0.0,0.0
2025-09-04T23:00:00Z,0.09999999999999999,0.3,0.0,0.0
2025-09-05T00:00:00Z,0.0,0.0,0.0,0.0
2025-09-05T01:00:00Z,0.0,0.0,0.0,0.0
2025-09-05T02:00:00Z,0.09999999999999999,0.3,0.0,0.0
2025-09-05T03:00:00Z,0.0,0.0,0.0,0.0
2025-09-05T04:00:00Z,2.1,2.3,3.0,1.0
2025-09-05T05:00:00Z,76.16666666666667,73.5,82.0,73.0
2025-09-05T06:00:00Z,221.5,215.5,222.0,227.0
2025-09-05T07:00:00Z,375.43333333333334,367.3,374.0,385.0
2025-09-05T08:00:00Z,509.1666666666667,503.5,501.0,523.0
2025-09-05T09:00:00Z,608.0,606.0,589.0,629.0
2025-09-05T10:00:00Z,664.8333333333334,671.5,630.0,693.0
2025-09-05T11:00:00Z,666.3333333333334,676.0,616.0,707.0
2025-09-05T12:00:00Z,616.8333333333334,624.5,553.0,673.0
2025-09-05T13:00:00Z,516.1,498.3,458.0,592.0
2025-09-05T14:00:00Z,410.59999999999997,417.8,341.0,473.0
2025-09-05T15:00:00Z,283.6666666666667,308.0,220.0,323.0
2025-09-05T16:00:00Z,134.43333333333334,157.3,116.0,130.0
2025-09-05T17:00:00Z,27.766666666666666,33.3,29.0,21.0
2025-09-05T18:00:00Z,0.0,0.0,0.0,0.0
2025-09-05T19:00:00Z,0.0,0.0,0.0,0.0
2025-09-05T20:00:00Z,0.0,0.0,0.0,0.0
2025-09-05T21:00:00Z,0.0,0.0,0.0,0.0
2025-09-05T22:00:00Z,0.0,0.0,0.0,0.0
2025-09-05T23:00:00Z,0.0,0.0,0.0,0.0
2025-09-06T00:00:00Z,0.09999999999999999,0.3,0.0,0.0
2025-09-06T01:00:00Z,0.0,0.0,0.0,0.0
2025-09-06T02:00:00Z,0.09999999999999999,0.3,0.0,0.0
2025-09-06T03:00:00Z,0.0,0.0,0.0,0.0
2025-09-06T04:00:00Z,1.5999999999999999,1.8,2.0,1.0
2025-09-06T05:00:00Z,56.6,56.8,64.0,49.0
2025-09-06T06:00:00Z,181.66666666666666,181.0,194.0,170.0
2025-09-06T07:00:00Z,332.26666666666665,311.8,347.0,338.0
2025-09-06T08:00:00Z,448.8333333333333,452.5,489.0,405.0
2025-09-06T09:00:00Z,508.26666666666665,538.8,601.0,385.0
2025-09-06T10:00:00Z,573.6,654.8,667.0,399.0
2025-09-06T11:00:00Z,565.6,591.8,670.0,435.0
2025-09-06T12:00:00Z,540.6666666666666,621.0,616.0,385.0
2025-09-06T13:00:00Z,509.3333333333333,544.0,528.0,456.0
2025-09-06T14:00:00Z,409.09999999999997,432.3,416.0,379.0
2025-09-06T15:00:00Z,282.59999999999997,279.8,289.0,279.0
2025-09-06T16:00:00Z,143.33333333333334,138.0,160.0,132.0
2025-09-06T17:00:00Z,28.599999999999998,27.8,38.0,20.0
2025-09-06T18:00:00Z,0.0,0.0,0.0,0.0
2025-09-06T19:00:00Z,0.0,0.0,0.0,0.0
2025-09-06T20:00:00Z,0.0,0.0,0.0,0.0
2025-09-06T21:00:00Z,0.0,0.0,0.0,0.0
2025-09-06T22:00:00Z,0.0,0.0,0.0,0.0
2025-09-06T23:00:00Z,0.0,0.0,0.0,0.0
2025-09-07T00:00:00Z,0.0,0.0,0.0,0.0
2025-09-07T01:00:00Z,0.0,0.0,0.0,0.0
2025-09-07T02:00:00Z,0.0,0.0,0.0,0.0
2025-09-07T03:00:00Z,0.09999999999999999,0.3,0.0,0.0
2025-09-07T04:00:00Z,1.5999999999999999,1.8,2.0,1.0
2025-09-07T05:00:00Z,70.0,66.0,76.0,68.0
2025-09-07T06:00:00Z,199.0,207.0,203.0,187.0
2025-09-07T07:00:00Z,320.8333333333333,360.5,334.0,268.0
2025-09-07T08:00:00Z,464.76666666666665,462.3,444.0,488.0
2025-09-07T09:00:00Z,554.2666666666667,531.8,522.0,609.0
2025-09-07T10:00:00Z,585.9333333333333,509.8,560.0,688.0
2025-09-07T11:00:00Z,603.0,549.0,561.0,699.0
2025-09-07T12:00:00Z,562.6666666666666,539.0,520.0,629.0
2025-09-07T13:00:00Z,435.3333333333333,418.0,434.0,454.0
2025-09-07T14:00:00Z,311.6666666666667,289.0,305.0,341.0
2025-09-07T15:00:00Z,167.6,151.8,175.0,176.0
2025-09-07T16:00:00Z,78.26666666666667,73.8,81.0,80.0
2025-09-07T17:00:00Z,12.766666666666666,16.3,17.0,5.0
2025-09-07T18:00:00Z,0.0,0.0,0.0,0.0
2025-09-07T19:00:00Z,0.0,0.0,0.0,0.0
2025-09-07T20:00:00Z,0.0,0.0,0.0,0.0
2025-09-07T21:00:00Z,0.0,0.0,0.0,0.0
2025-09-07T22:00:00Z,0.0,0.0,0.0,0.0
2025-09-07T23:00:00Z,0.0,0.0,0.0,0.0
2025-09-08T00:00:00Z,0.0,0.0,0.0,0.0
2025-09-08T01:00:00Z,0.0,0.0,0.0,0.0
2025-09-08T02:00:00Z,0.0,0.0,0.0,0.0
2025-09-08T03:00:00Z,0.0,0.0,0.0,0.0
2025-09-08T04:00:00Z,1.0999999999999999,1.3,1.0,1.0
2025-09-08T05:00:00Z,58.6,63.8,62.0,50.0
2025-09-08T06:00:00Z,174.5,176.5,194.0,153.0
2025-09-08T07:00:00Z,299.8333333333333,225.5,349.0,325.0
2025-09-08T08:00:00Z,451.59999999999997,397.8,486.0,471.0
2025-09-08T09:00:00Z,505.3333333333333,429.0,587.0,500.0
2025-09-08T10:00:00Z,532.3333333333334,421.0,614.0,562.0
2025-09-08T11:00:00Z,511.1666666666667,338.5,530.0,665.0
2025-09-08T12:00:00Z,414.26666666666665,325.8,375.0,542.0
2025-09-08T13:00:00Z,202.5,133.5,237.0,237.0
2025-09-08T14:00:00Z,97.10000000000001,125.3,146.0,20.0
2025-09-08T15:00:00Z,43.26666666666667,31.8,82.0,16.0
2025-09-08T16:00:00Z,27.933333333333334,19.8,37.0,27.0
2025-09-08T17:00:00Z,4.433333333333334,5.3,7.0,1.0
2025-09-08T18:00:00Z,0.0,0.0,0.0,0.0
2025-09-08T19:00:00Z,0.0,0.0,0.0,0.0
2025-09-08T20:00:00Z,0.0,0.0,0.0,0.0
2025-09-08T21:00:00Z,0.0,0.0,0.0,0.0
2025-09-08T22:00:00Z,0.0,0.0,0.0,0.0
2025-09-08T23:00:00Z,0.0,0.0,0.0,0.0
2025-09-09T00:00:00Z,0.0,0.0,0.0,0.0
2025-09-09T01:00:00Z,0.0,0.0,0.0,0.0
2025-09-09T02:00:00Z,0.0,0.0,0.0,0.0
2025-09-09T03:00:00Z,0.0,0.0,0.0,0.0
2025-09-09T04:00:00Z,0.16666666666666666,0.5,0.0,0.0
2025-09-09T05:00:00Z,22.0,19.0,24.0,23.0
2025-09-09T06:00:00Z,93.26666666666667,80.8,75.0,124.0
2025-09-09T07:00:00Z,169.26666666666668,165.8,147.0,195.0
2025-09-09T08:00:00Z,315.59999999999997,284.8,252.0,410.0
2025-09-09T09:00:00Z,405.26666666666665,381.8,380.0,454.0
2025-09-09T10:00:00Z,424.6666666666667,452.0,476.0,346.0
2025-09-09T11:00:00Z,496.3333333333333,508.0,501.0,480.0
2025-09-09T12:00:00Z,450.26666666666665,441.8,468.0,441.0
2025-09-09T13:00:00Z,399.5,440.5,390.0,368.0
2025-09-09T14:00:00Z,282.1666666666667,363.5,275.0,208.0
2025-09-09T15:00:00Z,158.33333333333334,224.0,157.0,94.0
2025-09-09T16:00:00Z,91.60000000000001,127.8,70.0,77.0
2025-09-09T17:00:00Z,17.0,21.0,13.0,17.0
2025-09-09T18:00:00Z,0.0,0.0,0.0,0.0
2025-09-09T19:00:00Z,0.0,0.0,0.0,0.0
2025-09-09T20:00:00Z,0.0,0.0,0.0,0.0
2025-09-09T21:00:00Z,0.0,0.0,0.0,0.0
2025-09-09T22:00:00Z,0.0,0.0,0.0,0.0
2025-09-09T23:00:00Z,0.0,0.0,0.0,0.0
2025-09-10T00:00:00Z,0.0,0.0,0.0,0.0
2025-09-10T01:00:00Z,0.0,0.0,0.0,0.0
2025-09-10T02:00:00Z,0.0,0.0,0.0,0.0
2025-09-10T03:00:00Z,0.0,0.0,0.0,0.0
2025-09-10T04:00:00Z,0.09999999999999999,0.3,0.0,0.0
2025-09-10T05:00:00Z,26.333333333333332,25.0,52.0,2.0
2025-09-10T06:00:00Z,91.16666666666667,108.5,141.0,24.0
2025-09-10T07:00:00Z,234.4333333333333,161.3,218.0,324.0
2025-09-10T08:00:00Z,248.16666666666666,85.5,255.0,404.0
2025-09-10T09:00:00Z,240.9333333333333,106.8,250.0,366.0
2025-09-10T10:00:00Z,245.4333333333333,218.3,249.0,269.0
2025-09-10T11:00:00Z,441.43333333333334,433.3,290.0,601.0
2025-09-10T12:00:00Z,266.6666666666667,364.0,341.0,95.0
2025-09-10T13:00:00Z,320.8333333333333,358.5,350.0,254.0
2025-09-10T14:00:00Z,260.5,185.5,303.0,293.0
2025-09-10T15:00:00Z,214.33333333333334,193.0,223.0,227.0
2025-09-10T16:00:00Z,82.33333333333333,70.0,124.0,53.0
2025-09-10T17:00:00Z,16.5,13.5,22.0,14.0
2025-09-10T18:00:00Z,0.0,0.0,0.0,0.0
2025-09-10T19:00:00Z,0.0,0.0,0.0,0.0
2025-09-10T20:00:00Z,0.0,0.0,0.0,0.0
2025-09-10T21:00:00Z,0.0,0.0,0.0,0.0
2025-09-10T22:00:00Z,0.0,0.0,0.0,0.0
2025-09-10T23:00:00Z,0.0,0.0,0.0,0.0
2025-09-11T00:00:00Z,0.0,0.0,0.0,0.0
2025-09-11T01:00:00Z,0.0,0.0,0.0,0.0
2025-09-11T02:00:00Z,0.0,0.0,0.0,0.0
2025-09-11T03:00:00Z,0.0,0.0,0.0,0.0
2025-09-11T04:00:00Z,0.09999999999999999,0.3,0.0,0.0
2025-09-11T05:00:00Z,47.0,50.0,44.0,47.0
2025-09-11T06:00:00Z,178.33333333333334,173.0,162.0,200.0
2025-09-11T07:00:00Z,309.59999999999997,269.8,300.0,359.0
2025-09-11T08:00:00Z,433.26666666666665,411.8,391.0,497.0
2025-09-11T09:00:00Z,504.43333333333334,486.3,424.0,603.0
2025-09-11T10:00:00Z,568.4333333333333,613.3,427.0,665.0
2025-09-11T11:00:00Z,562.6,597.8,420.0,670.0
2025-09-11T12:00:00Z,385.26666666666665,453.8,393.0,309.0
2025-09-11T13:00:00Z,258.6666666666667,339.0,347.0,90.0
2025-09-11T14:00:00Z,313.76666666666665,392.3,288.0,261.0
2025-09-11T15:00:00Z,170.26666666666668,243.8,211.0,56.0
2025-09-11T16:00:00Z,88.66666666666667,111.0,116.0,39.0
2025-09-11T17:00:00Z,15.833333333333334,15.5,19.0,13.0
2025-09-11T18:00:00Z,0.0,0.0,0.0,0.0
2025-09-11T19:00:00Z,0.0,0.0,0.0,0.0
2025-09-11T20:00:00Z,0.0,0.0,0.0,0.0
2025-09-11T21:00:00Z,0.0,0.0,0.0,0.0
2025-09-11T22:00:00Z,0.0,0.0,0.0,0.0
2025-09-11T23:00:00Z,0.0,0.0,0.0,0.0
2025-09-12T00:00:00Z,0.0,0.0,0.0,0.0
2025-09-12T01:00:00Z,0.0,0.0,0.0,0.0
2025-09-12T02:00:00Z,0.0,0.0,0.0,0.0
2025-09-12T03:00:00Z,0.0,0.0,0.0,0.0
2025-09-12T04:00:00Z,0.09999999999999999,0.3,0.0,0.0
2025-09-12T05:00:00Z,31.099999999999998,33.3,33.0,27.0
2025-09-12T06:00:00Z,82.93333333333334,34.8,92.0,122.0
2025-09-12T07:00:00Z,142.83333333333334,137.5,159.0,132.0
2025-09-12T08:00:00Z,162.26666666666668,152.8,256.0,78.0
2025-09-12T09:00:00Z,209.83333333333334,173.5,375.0,81.0
2025-09-12T10:00:00Z,400.0,171.0,462.0,567.0
2025-09-12T11:00:00Z,273.59999999999997,247.8,473.0,100.0
2025-09-12T12:00:00Z,306.09999999999997,345.3,430.0,143.0
2025-09-12T13:00:00Z,437.09999999999997,404.3,372.0,535.0
2025-09-12T14:00:00Z,321.8333333333333,233.5,313.0,419.0
2025-09-12T15:00:00Z,192.83333333333334,119.5,234.0,225.0
2025-09-12T16:00:00Z,102.33333333333333,96.0,128.0,83.0
2025-09-12T17:00:00Z,13.666666666666666,11.0,19.0,11.0
2025-09-12T18:00:00Z,0.0,0.0,0.0,0.0
2025-09-12T19:00:00Z,0.0,0.0,0.0,0.0
2025-09-12T20:00:00Z,0.0,0.0,0.0,0.0
2025-09-12T21:00:00Z,0.0,0.0,0.0,0.0
2025-09-12T22:00:00Z,0.0,0.0,0.0,0.0
2025-09-12T23:00:00Z,0.0,0.0,0.0,0.0
2025-09-13T00:00:00Z,0.0,0.0,0.0,0.0
2025-09-13T01:00:00Z,0.0,0.0,0.0,0.0
2025-09-13T02:00:00Z,0.0,0.0,0.0,0.0
2025-09-13T03:00:00Z,0.0,0.0,0.0,0.0
2025-09-13T04:00:00Z,0.0,0.0,0.0,0.0
2025-09-13T05:00:00Z,29.599999999999998,18.8,37.0,33.0
2025-09-13T06:00:00Z,109.0,29.0,147.0,151.0
2025-09-13T07:00:00Z,228.83333333333334,121.5,288.0,277.0
2025-09-13T08:00:00Z,399.59999999999997,336.8,415.0,447.0
2025-09-13T09:00:00Z,508.1666666666667,456.5,513.0,555.0
2025-09-13T10:00:00Z,538.8333333333334,391.5,573.0,652.0
2025-09-13T11:00:00Z,569.1,500.3,590.0,617.0
2025-09-13T12:00:00Z,400.3333333333333,329.0,558.0,314.0
2025-09-13T13:00:00Z,357.26666666666665,455.8,480.0,136.0
2025-09-13T14:00:00Z,287.3333333333333,364.0,361.0,137.0
2025-09-13T15:00:00Z,187.83333333333334,243.5,229.0,91.0
2025-09-13T16:00:00Z,89.76666666666667,111.3,109.0,49.0
2025-09-13T17:00:00Z,11.0,10.0,14.0,9.0
2025-09-13T18:00:00Z,0.0,0.0,0.0,0.0
2025-09-13T19:00:00Z,0.0,0.0,0.0,0.0
2025-09-13T20:00:00Z,0.0,0.0,0.0,0.0
2025-09-13T21:00:00Z,0.0,0.0,0.0,0.0
2025-09-13T22:00:00Z,0.0,0.0,0.0,0.0
2025-09-13T23:00:00Z,0.0,0.0,0.0,0.0
2025-09-14T00:00:00Z,0.0,0.0,0.0,0.0
2025-09-14T01:00:00Z,0.0,0.0,0.0,0.0
2025-09-14T02:00:00Z,0.0,0.0,0.0,0.0
2025-09-14T03:00:00Z,0.0,0.0,0.0,0.0
2025-09-14T04:00:00Z,0.0,0.0,0.0,0.0
2025-09-14T05:00:00Z,20.666666666666668,21.0,38.0,3.0
2025-09-14T06:00:00Z,120.0,47.0,134.0,179.0
2025-09-14T07:00:00Z,161.6,153.8,246.0,85.0
2025-09-14T08:00:00Z,381.09999999999997,326.3,359.0,458.0
2025-09-14T09:00:00Z,291.59999999999997,374.8,462.0,38.0
2025-09-14T10:00:00Z,489.8333333333333,291.5,536.0,642.0
2025-09-14T11:00:00Z,324.1666666666667,275.5,570.0,127.0
2025-09-14T12:00:00Z,534.5,425.5,558.0,620.0
2025-09-14T13:00:00Z,491.09999999999997,440.3,493.0,540.0
2025-09-14T14:00:00Z,357.26666666666665,279.8,374.0,418.0
2025-09-14T15:00:00Z,213.33333333333334,136.0,235.0,269.0
2025-09-14T16:00:00Z,77.0,65.0,110.0,56.0
2025-09-14T17:00:00Z,9.833333333333334,8.5,13.0,8.0
2025-09-14T18:00:00Z,0.0,0.0,0.0,0.0
2025-09-14T19:00:00Z,0.0,0.0,0.0,0.0
2025-09-14T20:00:00Z,0.0,0.0,0.0,0.0
2025-09-14T21:00:00Z,0.0,0.0,0.0,0.0
2025-09-14T22:00:00Z,0.0,0.0,0.0,0.0
2025-09-14T23:00:00Z,0.0,0.0,0.0,0.0
2025-09-15T00:00:00Z,0.0,0.0,0.0,0.0
2025-09-15T01:00:00Z,0.0,0.0,0.0,0.0
2025-09-15T02:00:00Z,0.0,0.0,0.0,0.0
2025-09-15T03:00:00Z,0.0,0.0,0.0,0.0
2025-09-15T04:00:00Z,0.0,0.0,0.0,0.0
2025-09-15T05:00:00Z,22.166666666666668,37.5,24.0,5.0
2025-09-15T06:00:00Z,83.33333333333333,150.0,90.0,10.0
2025-09-15T07:00:00Z,243.6,287.8,177.0,266.0
2025-09-15T08:00:00Z,241.5,364.5,296.0,64.0
2025-09-15T09:00:00Z,314.0,406.0,436.0,100.0
2025-09-15T10:00:00Z,541.0,476.0,542.0,605.0
2025-09-15T11:00:00Z,442.1666666666667,509.5,583.0,234.0
2025-09-15T12:00:00Z,459.09999999999997,463.3,560.0,354.0
2025-09-15T13:00:00Z,361.0,414.0,467.0,202.0
2025-09-15T14:00:00Z,242.9333333333333,266.8,307.0,155.0
2025-09-15T15:00:00Z,66.83333333333333,43.5,147.0,10.0
2025-09-15T16:00:00Z,27.833333333333332,26.5,49.0,8.0
2025-09-15T17:00:00Z,2.6,2.8,4.0,1.0
2025-09-15T18:00:00Z,0.0,0.0,0.0,0.0
2025-09-15T19:00:00Z,0.0,0.0,0.0,0.0
2025-09-15T20:00:00Z,0.0,0.0,0.0,0.0
2025-09-15T21:00:00Z,0.0,0.0,0.0,0.0
2025-09-15T22:00:00Z,0.0,0.0,0.0,0.0
2025-09-15T23:00:00Z,0.0,0.0,0.0,0.0
2025-09-16T00:00:00Z,0.0,0.0,0.0,0.0
2025-09-16T01:00:00Z,0.0,0.0,0.0,0.0
2025-09-16T02:00:00Z,0.0,0.0,0.0,0.0
2025-09-16T03:00:00Z,0.0,0.0,0.0,0.0
2025-09-16T04:00:00Z,0.0,0.0,0.0,0.0
2025-09-16T05:00:00Z,35.833333333333336,39.5,38.0,30.0
2025-09-16T06:00:00Z,140.66666666666666,154.0,141.0,127.0
2025-09-16T07:00:00Z,242.1,253.3,251.0,222.0
2025-09-16T08:00:00Z,345.1666666666667,340.5,334.0,361.0
2025-09-16T09:00:00Z,354.59999999999997,292.8,378.0,393.0
2025-09-16T10:00:00Z,312.8333333333333,270.5,400.0,268.0
2025-09-16T11:00:00Z,285.5,182.5,419.0,255.0
2025-09-16T12:00:00Z,292.76666666666665,190.3,415.0,273.0
2025-09-16T13:00:00Z,247.1,143.3,356.0,242.0
2025-09-16T14:00:00Z,118.93333333333334,76.8,235.0,45.0
2025-09-16T15:00:00Z,63.166666666666664,54.5,112.0,23.0
2025-09-16T16:00:00Z,24.599999999999998,28.8,37.0,8.0
2025-09-16T17:00:00Z,1.7666666666666666,1.3,3.0,1.0
2025-09-16T18:00:00Z,0.0,0.0,0.0,0.0
2025-09-16T19:00:00Z,0.0,0.0,0.0,0.0
2025-09-16T20:00:00Z,0.0,0.0,0.0,0.0
2025-09-16T21:00:00Z,0.0,0.0,0.0,0.0
2025-09-16T22:00:00Z,0.0,0.0,0.0,0.0
2025-09-16T23:00:00Z,0.0,0.0,0.0,0.0
2025-09-17T00:00:00Z,0.0,0.0,0.0,0.0
2025-09-17T01:00:00Z,0.0,0.0,0.0,0.0
2025-09-17T02:00:00Z,0.0,0.0,0.0,0.0
2025-09-17T03:00:00Z,0.0,0.0,0.0,0.0
2025-09-17T04:00:00Z,0.0,0.0,0.0,0.0
2025-09-17T05:00:00Z,17.266666666666666,3.8,15.0,33.0
2025-09-17T06:00:00Z,35.1,29.3,55.0,21.0
2025-09-17T07:00:00Z,174.33333333333334,96.0,109.0,318.0
2025-09-17T08:00:00Z,268.59999999999997,142.8,209.0,454.0
2025-09-17T09:00:00Z,372.5,218.5,343.0,556.0
2025-09-17T10:00:00Z,322.8333333333333,253.5,438.0,277.0
2025-09-17T11:00:00Z,257.0,142.0,427.0,202.0
2025-09-17T12:00:00Z,239.6,153.8,351.0,214.0
2025-09-17T13:00:00Z,215.16666666666666,202.5,279.0,164.0
2025-09-17T14:00:00Z,194.4333333333333,237.3,236.0,110.0
2025-09-17T15:00:00Z,130.1,151.3,180.0,59.0
2025-09-17T16:00:00Z,57.76666666666667,64.3,93.0,16.0
2025-09-17T17:00:00Z,5.1000000000000005,4.3,7.0,4.0
2025-09-17T18:00:00Z,0.0,0.0,0.0,0.0
2025-09-17T19:00:00Z,0.0,0.0,0.0,0.0
2025-09-17T20:00:00Z,0.0,0.0,0.0,0.0
2025-09-17T21:00:00Z,0.0,0.0,0.0,0.0
2025-09-17T22:00:00Z,0.0,0.0,0.0,0.0
2025-09-17T23:00:00Z,0.0,0.0,0.0,0.0
2025-09-18T00:00:00Z,0.0,0.0,0.0,0.0
2025-09-18T01:00:00Z,0.0,0.0,0.0,0.0
2025-09-18T02:00:00Z,0.0,0.0,0.0,0.0
2025-09-18T03:00:00Z,0.0,0.0,0.0,0.0
2025-09-18T04:00:00Z,0.0,0.0,0.0,0.0
2025-09-18T05:00:00Z,35.166666666666664,33.5,41.0,31.0
2025-09-18T06:00:00Z,161.26666666666668,149.8,168.0,166.0
2025-09-18T07:00:00Z,307.59999999999997,292.8,311.0,319.0
2025-09-18T08:00:00Z,426.0,416.0,440.0,422.0
2025-09-18T09:00:00Z,526.1666666666666,492.5,540.0,546.0
2025-09-18T10:00:00Z,582.1,532.3,600.0,614.0
2025-09-18T11:00:00Z,603.3333333333334,559.0,618.0,633.0
2025-09-18T12:00:00Z,580.1,558.3,586.0,596.0
2025-09-18T13:00:00Z,497.59999999999997,477.8,503.0,512.0
2025-09-18T14:00:00Z,360.6666666666667,352.0,375.0,355.0
2025-09-18T15:00:00Z,218.0,222.0,231.0,201.0
2025-09-18T16:00:00Z,82.43333333333334,85.3,99.0,63.0
2025-09-18T17:00:00Z,4.666666666666667,5.0,6.0,3.0
2025-09-18T18:00:00Z,0.0,0.0,0.0,0.0
2025-09-18T19:00:00Z,0.0,0.0,0.0,0.0
2025-09-18T20:00:00Z,0.0,0.0,0.0,0.0
2025-09-18T21:00:00Z,0.0,0.0,0.0,0.0
2025-09-18T22:00:00Z,0.0,0.0,0.0,0.0
2025-09-18T23:00:00Z,0.0,0.0,0.0,0.0
2025-09-19T00:00:00Z,0.0,0.0,0.0,0.0
2025-09-19T01:00:00Z,0.0,0.0,0.0,0.0
2025-09-19T02:00:00Z,0.0,0.0,0.0,0.0
2025-09-19T03:00:00Z,0.0,0.0,0.0,0.0
2025-09-19T04:00:00Z,0.0,0.0,0.0,0.0
2025-09-19T05:00:00Z,30.166666666666668,28.5,38.0,24.0
2025-09-19T06:00:00Z,149.76666666666668,140.3,163.0,146.0
2025-09-19T07:00:00Z,296.93333333333334,283.8,307.0,300.0
2025-09-19T08:00:00Z,431.8333333333333,417.5,440.0,438.0
2025-09-19T09:00:00Z,524.5,500.5,547.0,526.0
2025-09-19T10:00:00Z,600.0,574.0,611.0,615.0
2025-09-19T11:00:00Z,606.6666666666666,576.0,620.0,624.0
2025-09-19T12:00:00Z,561.6666666666666,528.0,575.0,582.0
2025-09-19T13:00:00Z,472.1666666666667,458.5,487.0,471.0
2025-09-19T14:00:00Z,370.0,364.0,364.0,382.0
2025-09-19T15:00:00Z,209.0,210.0,226.0,191.0
2025-09-19T16:00:00Z,72.93333333333334,60.8,96.0,62.0
2025-09-19T17:00:00Z,4.0,4.0,5.0,3.0
2025-09-19T18:00:00Z,0.0,0.0,0.0,0.0
2025-09-19T19:00:00Z,0.0,0.0,0.0,0.0
2025-09-19T20:00:00Z,0.0,0.0,0.0,0.0
2025-09-19T21:00:00Z,0.0,0.0,0.0,0.0
2025-09-19T22:00:00Z,0.0,0.0,0.0,0.0
2025-09-19T23:00:00Z,0.0,0.0,0.0,0.0
2025-09-20T00:00:00Z,0.0,0.0,0.0,0.0
2025-09-20T01:00:00Z,0.0,0.0,0.0,0.0
2025-09-20T02:00:00Z,0.0,0.0,0.0,0.0
2025-09-20T03:00:00Z,0.0,0.0,0.0,0.0
2025-09-20T04:00:00Z,0.0,0.0,0.0,0.0
2025-09-20T05:00:00Z,22.599999999999998,16.8,25.0,26.0
2025-09-20T06:00:00Z,76.33333333333333,36.0,115.0,78.0
2025-09-20T07:00:00Z,114.60000000000001,47.8,208.0,88.0
2025-09-20T08:00:00Z,97.5,32.5,245.0,15.0
2025-09-20T09:00:00Z,102.16666666666667,69.5,221.0,16.0
2025-09-20T10:00:00Z,92.5,52.5,182.0,43.0
2025-09-20T11:00:00Z,134.76666666666668,160.3,168.0,76.0
2025-09-20T12:00:00Z,121.33333333333333,157.0,159.0,48.0
2025-09-20T13:00:00Z,127.66666666666667,206.0,133.0,44.0
2025-09-20T14:00:00Z,83.66666666666667,109.0,87.0,55.0
2025-09-20T15:00:00Z,45.333333333333336,70.0,42.0,24.0
2025-09-20T16:00:00Z,13.166666666666666,22.5,14.0,3.0
2025-09-20T17:00:00Z,0.6666666666666666,1.0,1.0,0.0
2025-09-20T18:00:00Z,0.0,0.0,0.0,0.0
2025-09-20T19:00:00Z,0.0,0.0,0.0,0.0
2025-09-20T20:00:00Z,0.0,0.0,0.0,0.0
2025-09-20T21:00:00Z,0.0,0.0,0.0,0.0
2025-09-20T22:00:00Z,0.0,0.0,0.0,0.0
2025-09-20T23:00:00Z,0.0,0.0,0.0,0.0
2025-09-21T00:00:00Z,0.0,0.0,0.0,0.0
2025-09-21T01:00:00Z,0.0,0.0,0.0,0.0
2025-09-21T02:00:00Z,0.0,0.0,0.0,0.0
2025-09-21T03:00:00Z,0.0,0.0,0.0,0.0
2025-09-21T04:00:00Z,0.0,0.0,0.0,0.0
2025-09-21T05:00:00Z,17.666666666666668,16.0,16.0,21.0
2025-09-21T06:00:00Z,67.5,75.5,89.0,38.0
2025-09-21T07:00:00Z,185.16666666666666,142.5,180.0,233.0
2025-09-21T08:00:00Z,271.5,296.5,251.0,267.0
2025-09-21T09:00:00Z,303.0,282.0,290.0,337.0
2025-09-21T10:00:00Z,371.76666666666665,305.3,298.0,512.0
2025-09-21T11:00:00Z,334.59999999999997,364.8,272.0,367.0
2025-09-21T12:00:00Z,231.33333333333334,332.0,219.0,143.0
2025-09-21T13:00:00Z,175.1,279.3,164.0,82.0
2025-09-21T14:00:00Z,140.6,191.8,116.0,114.0
2025-09-21T15:00:00Z,92.60000000000001,115.8,71.0,91.0
2025-09-21T16:00:00Z,48.0,47.0,28.0,69.0
2025-09-21T17:00:00Z,1.0999999999999999,1.3,1.0,1.0
2025-09-21T18:00:00Z,0.0,0.0,0.0,0.0
2025-09-21T19:00:00Z,0.0,0.0,0.0,0.0
2025-09-21T20:00:00Z,0.0,0.0,0.0,0.0
2025-09-21T21:00:00Z,0.0,0.0,0.0,0.0
2025-09-21T22:00:00Z,0.0,0.0,0.0,0.0
2025-09-21T23:00:00Z,0.0,0.0,0.0,0.0
2025-09-22T00:00:00Z,0.0,0.0,0.0,0.0
2025-09-22T01:00:00Z,0.0,0.0,0.0,0.0
2025-09-22T02:00:00Z,0.0,0.0,0.0,0.0
2025-09-22T03:00:00Z,0.0,0.0,0.0,0.0
2025-09-22T04:00:00Z,0.0,0.0,0.0,0.0
2025-09-22T05:00:00Z,28.5,28.5,32.0,25.0
2025-09-22T06:00:00Z,154.43333333333334,150.3,159.0,154.0
2025-09-22T07:00:00Z,301.93333333333334,297.8,302.0,306.0
2025-09-22T08:00:00Z,427.43333333333334,434.3,406.0,442.0
2025-09-22T09:00:00Z,513.4333333333333,540.3,456.0,544.0
2025-09-22T10:00:00Z,554.5,597.5,463.0,603.0
2025-09-22T11:00:00Z,497.76666666666665,565.3,436.0,492.0
2025-09-22T12:00:00Z,394.6666666666667,369.0,376.0,439.0
2025-09-22T13:00:00Z,290.3333333333333,317.0,300.0,254.0
2025-09-22T14:00:00Z,199.83333333333334,270.5,216.0,113.0
2025-09-22T15:00:00Z,159.6,148.8,131.0,199.0
2025-09-22T16:00:00Z,59.76666666666667,60.3,51.0,68.0
2025-09-22T17:00:00Z,1.1666666666666667,1.5,1.0,1.0
2025-09-22T18:00:00Z,0.0,0.0,0.0,0.0
2025-09-22T19:00:00Z,0.0,0.0,0.0,0.0
2025-09-22T20:00:00Z,0.0,0.0,0.0,0.0
2025-09-22T21:00:00Z,0.0,0.0,0.0,0.0
2025-09-22T22:00:00Z,0.0,0.0,0.0,0.0
2025-09-22T23:00:00Z,0.0,0.0,0.0,0.0
2025-09-23T00:00:00Z,0.0,0.0,0.0,0.0
2025-09-23T01:00:00Z,0.0,0.0,0.0,0.0
2025-09-23T02:00:00Z,0.0,0.0,0.0,0.0
2025-09-23T03:00:00Z,0.0,0.0,0.0,0.0
2025-09-23T04:00:00Z,0.0,0.0,0.0,0.0
2025-09-23T05:00:00Z,26.933333333333334,27.8,29.0,24.0
2025-09-23T06:00:00Z,154.93333333333334,150.8,156.0,158.0
2025-09-23T07:00:00Z,306.43333333333334,298.3,307.0,314.0
2025-09-23T08:00:00Z,438.3333333333333,432.0,432.0,451.0
2025-09-23T09:00:00Z,524.5,507.5,511.0,555.0
2025-09-23T10:00:00Z,547.1,554.3,547.0,540.0
2025-09-23T11:00:00Z,524.6,512.8,542.0,519.0
2025-09-23T12:00:00Z,479.6666666666667,418.0,493.0,528.0
2025-09-23T13:00:00Z,383.0,313.0,399.0,437.0
2025-09-23T14:00:00Z,302.8333333333333,302.5,268.0,338.0
2025-09-23T15:00:00Z,159.33333333333334,166.0,139.0,173.0
2025-09-23T16:00:00Z,54.5,68.5,45.0,50.0
2025-09-23T17:00:00Z,1.0999999999999999,1.3,1.0,1.0
2025-09-23T18:00:00Z,0.0,0.0,0.0,0.0
2025-09-23T19:00:00Z,0.0,0.0,0.0,0.0
2025-09-23T20:00:00Z,0.0,0.0,0.0,0.0
2025-09-23T21:00:00Z,0.0,0.0,0.0,0.0
2025-09-23T22:00:00Z,0.0,0.0,0.0,0.0
2025-09-23T23:00:00Z,0.0,0.0,0.0,0.0
2025-09-24T00:00:00Z,0.0,0.0,0.0,0.0
2025-09-24T01:00:00Z,0.0,0.0,0.0,0.0
2025-09-24T02:00:00Z,0.0,0.0,0.0,0.0
2025-09-24T03:00:00Z,0.0,0.0,0.0,0.0
2025-09-24T04:00:00Z,0.0,0.0,0.0,0.0
2025-09-24T05:00:00Z,6.933333333333334,5.8,7.0,8.0
2025-09-24T06:00:00Z,34.93333333333333,29.8,42.0,33.0
2025-09-24T07:00:00Z,58.833333333333336,70.5,83.0,23.0
2025-09-24T08:00:00Z,100.16666666666667,131.5,113.0,56.0
2025-09-24T09:00:00Z,107.16666666666667,135.5,127.0,59.0
2025-09-24T10:00:00Z,117.0,159.0,135.0,57.0
2025-09-24T11:00:00Z,123.16666666666667,173.5,147.0,49.0
2025-09-24T12:00:00Z,107.33333333333333,136.0,153.0,33.0
2025-09-24T13:00:00Z,83.10000000000001,91.3,138.0,20.0
2025-09-24T14:00:00Z,59.333333333333336,60.0,100.0,18.0
2025-09-24T15:00:00Z,33.1,35.3,56.0,8.0
2025-09-24T16:00:00Z,10.833333333333334,10.5,19.0,3.0
2025-09-24T17:00:00Z,0.09999999999999999,0.3,0.0,0.0
2025-09-24T18:00:00Z,0.0,0.0,0.0,0.0
2025-09-24T19:00:00Z,0.0,0.0,0.0,0.0
2025-09-24T20:00:00Z,0.0,0.0,0.0,0.0
2025-09-24T21:00:00Z,0.0,0.0,0.0,0.0
2025-09-24T22:00:00Z,0.0,0.0,0.0,0.0
2025-09-24T23:00:00Z,0.0,0.0,0.0,0.0
2025-09-25T00:00:00Z,0.0,0.0,0.0,0.0
2025-09-25T01:00:00Z,0.0,0.0,0.0,0.0
2025-09-25T02:00:00Z,0.0,0.0,0.0,0.0
2025-09-25T03:00:00Z,0.0,0.0,0.0,0.0
2025-09-25T04:00:00Z,0.0,0.0,0.0,0.0
2025-09-25T05:00:00Z,13.166666666666666,13.5,16.0,10.0
2025-09-25T06:00:00Z,62.0,42.0,82.0,62.0
2025-09-25T07:00:00Z,99.5,63.5,150.0,85.0
2025-09-25T08:00:00Z,111.0,95.0,196.0,42.0
2025-09-25T09:00:00Z,180.26666666666665,117.8,217.0,206.0
2025-09-25T10:00:00Z,160.83333333333334,234.5,222.0,26.0
2025-09-25T11:00:00Z,222.6,224.8,220.0,223.0
2025-09-25T12:00:00Z,154.5,217.5,207.0,39.0
2025-09-25T13:00:00Z,127.5,144.5,181.0,57.0
2025-09-25T14:00:00Z,103.43333333333334,119.3,144.0,47.0
2025-09-25T15:00:00Z,47.1,39.3,95.0,7.0
2025-09-25T16:00:00Z,16.933333333333334,8.8,36.0,6.0
2025-09-25T17:00:00Z,0.0,0.0,0.0,0.0
2025-09-25T18:00:00Z,0.0,0.0,0.0,0.0
2025-09-25T19:00:00Z,0.0,0.0,0.0,0.0
2025-09-25T20:00:00Z,0.0,0.0,0.0,0.0
2025-09-25T21:00:00Z,0.0,0.0,0.0,0.0
2025-09-25T22:00:00Z,0.0,0.0,0.0,0.0
2025-09-25T23:00:00Z,0.0,0.0,0.0,0.0
2025-09-26T00:00:00Z,0.0,0.0,0.0,0.0
2025-09-26T01:00:00Z,0.0,0.0,0.0,0.0
2025-09-26T02:00:00Z,0.0,0.0,0.0,0.0
2025-09-26T03:00:00Z,0.0,0.0,0.0,0.0
2025-09-26T04:00:00Z,0.0,0.0,0.0,0.0
2025-09-26T05:00:00Z,10.833333333333334,11.5,16.0,5.0
2025-09-26T06:00:00Z,80.26666666666667,64.8,113.0,63.0
2025-09-26T07:00:00Z,163.83333333333334,139.5,228.0,124.0
2025-09-26T08:00:00Z,232.66666666666666,162.0,280.0,256.0
2025-09-26T09:00:00Z,301.0,246.0,257.0,400.0
2025-09-26T10:00:00Z,209.33333333333334,169.0,221.0,238.0
2025-09-26T11:00:00Z,189.1,171.3,224.0,172.0
2025-09-26T12:00:00Z,187.33333333333334,136.0,234.0,192.0
2025-09-26T13:00:00Z,176.6,121.8,218.0,190.0
2025-09-26T14:00:00Z,186.83333333333334,80.5,170.0,310.0
2025-09-26T15:00:00Z,104.16666666666667,47.5,106.0,159.0
2025-09-26T16:00:00Z,33.0,18.0,37.0,44.0
2025-09-26T17:00:00Z,0.0,0.0,0.0,0.0
2025-09-26T18:00:00Z,0.0,0.0,0.0,0.0
2025-09-26T19:00:00Z,0.0,0.0,0.0,0.0
2025-09-26T20:00:00Z,0.0,0.0,0.0,0.0
2025-09-26T21:00:00Z,0.0,0.0,0.0,0.0
2025-09-26T22:00:00Z,0.0,0.0,0.0,0.0
2025-09-26T23:00:00Z,0.0,0.0,0.0,0.0
2025-09-27T00:00:00Z,0.0,0.0,0.0,0.0
2025-09-27T01:00:00Z,0.0,0.0,0.0,0.0
2025-09-27T02:00:00Z,0.0,0.0,0.0,0.0
2025-09-27T03:00:00Z,0.0,0.0,0.0,0.0
2025-09-27T04:00:00Z,0.0,0.0,0.0,0.0
2025-09-27T05:00:00Z,15.6,12.8,19.0,15.0
2025-09-27T06:00:00Z,123.5,110.5,129.0,131.0
2025-09-27T07:00:00Z,271.1666666666667,269.5,266.0,278.0
2025-09-27T08:00:00Z,324.1666666666667,343.5,374.0,255.0
2025-09-27T09:00:00Z,363.76666666666665,394.3,437.0,260.0
2025-09-27T10:00:00Z,431.09999999999997,441.3,464.0,388.0
2025-09-27T11:00:00Z,474.43333333333334,404.3,465.0,554.0
2025-09-27T12:00:00Z,349.76666666666665,238.3,432.0,379.0
2025-09-27T13:00:00Z,295.09999999999997,292.3,360.0,233.0
2025-09-27T14:00:00Z,193.0,236.0,254.0,89.0
2025-09-27T15:00:00Z,110.76666666666667,147.3,142.0,43.0
2025-09-27T16:00:00Z,35.666666666666664,39.0,43.0,25.0
2025-09-27T17:00:00Z,0.0,0.0,0.0,0.0
2025-09-27T18:00:00Z,0.0,0.0,0.0,0.0
2025-09-27T19:00:00Z,0.0,0.0,0.0,0.0
2025-09-27T20:00:00Z,0.0,0.0,0.0,0.0
2025-09-27T21:00:00Z,0.0,0.0,0.0,0.0
2025-09-27T22:00:00Z,0.0,0.0,0.0,0.0
2025-09-27T23:00:00Z,0.0,0.0,0.0,0.0
2025-09-28T00:00:00Z,0.0,0.0,0.0,0.0
2025-09-28T01:00:00Z,0.0,0.0,0.0,0.0
2025-09-28T02:00:00Z,0.0,0.0,0.0,0.0
2025-09-28T03:00:00Z,0.0,0.0,0.0,0.0
2025-09-28T04:00:00Z,0.0,0.0,0.0,0.0
2025-09-28T05:00:00Z,14.266666666666666,12.8,16.0,14.0
2025-09-28T06:00:00Z,101.66666666666667,77.0,98.0,130.0
2025-09-28T07:00:00Z,211.9333333333333,162.8,194.0,279.0
2025-09-28T08:00:00Z,314.8333333333333,228.5,303.0,413.0
2025-09-28T09:00:00Z,435.8333333333333,381.5,413.0,513.0
2025-09-28T10:00:00Z,512.4333333333333,480.3,489.0,568.0
2025-09-28T11:00:00Z,382.3333333333333,429.0,503.0,215.0
2025-09-28T12:00:00Z,274.26666666666665,152.8,462.0,208.0
2025-09-28T13:00:00Z,226.76666666666665,130.3,382.0,168.0
2025-09-28T14:00:00Z,170.1,127.3,270.0,113.0
2025-09-28T15:00:00Z,98.60000000000001,80.8,150.0,65.0
2025-09-28T16:00:00Z,26.833333333333332,21.5,43.0,16.0
2025-09-28T17:00:00Z,0.0,0.0,0.0,0.0
2025-09-28T18:00:00Z,0.0,0.0,0.0,0.0
2025-09-28T19:00:00Z,0.0,0.0,0.0,0.0
2025-09-28T20:00:00Z,0.0,0.0,0.0,0.0
2025-09-28T21:00:00Z,0.0,0.0,0.0,0.0
2025-09-28T22:00:00Z,0.0,0.0,0.0,0.0
2025-09-28T23:00:00Z,0.0,0.0,0.0,0.0
2025-09-29T00:00:00Z,0.0,0.0,0.0,0.0
2025-09-29T01:00:00Z,0.0,0.0,0.0,0.0
2025-09-29T02:00:00Z,0.0,0.0,0.0,0.0
2025-09-29T03:00:00Z,0.0,0.0,0.0,0.0
2025-09-29T04:00:00Z,0.0,0.0,0.0,0.0
2025-09-29T05:00:00Z,13.333333333333334,16.0,13.0,11.0
2025-09-29T06:00:00Z,115.26666666666667,126.8,114.0,105.0
2025-09-29T07:00:00Z,268.76666666666665,273.3,258.0,275.0
2025-09-29T08:00:00Z,399.0,398.0,390.0,409.0
2025-09-29T09:00:00Z,474.3333333333333,425.0,488.0,510.0
2025-09-29T10:00:00Z,539.2666666666667,517.8,531.0,569.0
2025-09-29T11:00:00Z,536.8333333333334,535.5,504.0,571.0
2025-09-29T12:00:00Z,302.1666666666667,279.5,418.0,209.0
2025-09-29T13:00:00Z,223.76666666666665,251.3,310.0,110.0
2025-09-29T14:00:00Z,162.66666666666666,181.0,194.0,113.0
2025-09-29T15:00:00Z,107.83333333333333,156.5,92.0,75.0
2025-09-29T16:00:00Z,27.5,40.5,22.0,20.0
2025-09-29T17:00:00Z,0.0,0.0,0.0,0.0
2025-09-29T18:00:00Z,0.0,0.0,0.0,0.0
2025-09-29T19:00:00Z,0.0,0.0,0.0,0.0
2025-09-29T20:00:00Z,0.0,0.0,0.0,0.0
2025-09-29T21:00:00Z,0.0,0.0,0.0,0.0
2025-09-29T22:00:00Z,0.0,0.0,0.0,0.0
2025-09-29T23:00:00Z,0.0,0.0,0.0,0.0
2025-09-30T00:00:00Z,0.0,0.0,0.0,0.0
2025-09-30T01:00:00Z,0.0,0.0,0.0,0.0
2025-09-30T02:00:00Z,0.0,0.0,0.0,0.0
2025-09-30T03:00:00Z,0.0,0.0,0.0,0.0
2025-09-30T04:00:00Z,0.0,0.0,0.0,0.0
2025-09-30T05:00:00Z,14.833333333333334,15.5,17.0,12.0
2025-09-30T06:00:00Z,126.83333333333333,123.5,134.0,123.0
2025-09-30T07:00:00Z,270.76666666666665,267.3,273.0,272.0
2025-09-30T08:00:00Z,391.5,393.5,375.0,406.0
2025-09-30T09:00:00Z,454.93333333333334,433.8,423.0,508.0
2025-09-30T10:00:00Z,481.3333333333333,441.0,439.0,564.0
2025-09-30T11:00:00Z,488.6666666666667,455.0,438.0,573.0
2025-09-30T12:00:00Z,469.43333333333334,467.3,410.0,531.0
2025-09-30T13:00:00Z,399.93333333333334,407.8,348.0,444.0
2025-09-30T14:00:00Z,290.09999999999997,305.3,253.0,312.0
2025-09-30T15:00:00Z,136.1,165.3,145.0,98.0
2025-09-30T16:00:00Z,31.266666666666666,35.8,39.0,19.0
2025-09-30T17:00:00Z,0.0,0.0,0.0,0.0
2025-09-30T18:00:00Z,0.0,0.0,0.0,0.0
2025-09-30T19:00:00Z,0.0,0.0,0.0,0.0
2025-09-30T20:00:00Z,0.0,0.0,0.0,0.0
2025-09-30T21:00:00Z,0.0,0.0,0.0,0.0
2025-09-30T22:00:00Z,0.0,0.0,0.0,0.0
2025-09-30T23:00:00Z,0.0,0.0,0.0,0.0
2025-10-01T00:00:00Z,0.0,0.0,0.0,0.0
2025-10-01T01:00:00Z,0.0,0.0,0.0,0.0
2025-10-01T02:00:00Z,0.0,0.0,0.0,0.0
2025-10-01T03:00:00Z,0.0,0.0,0.0,0.0
2025-10-01T04:00:00Z,0.0,0.0,0.0,0.0
2025-10-01T05:00:00Z,11.666666666666666,11.0,14.0,10.0
2025-10-01T06:00:00Z,111.76666666666667,89.3,126.0,120.0
2025-10-01T07:00:00Z,256.09999999999997,229.3,269.0,270.0
2025-10-01T08:00:00Z,380.0,346.0,389.0,405.0
2025-10-01T09:00:00Z,455.5,392.5,467.0,507.0
2025-10-01T10:00:00Z,529.6666666666666,521.0,505.0,563.0
2025-10-01T11:00:00Z,539.0,545.0,503.0,569.0
2025-10-01T12:00:00Z,488.5,479.5,459.0,527.0
2025-10-01T13:00:00Z,401.09999999999997,385.3,379.0,439.0
2025-10-01T14:00:00Z,280.26666666666665,257.8,270.0,313.0
2025-10-01T15:00:00Z,157.26666666666668,154.8,151.0,166.0
2025-10-01T16:00:00Z,34.166666666666664,34.5,38.0,30.0
2025-10-01T17:00:00Z,0.0,0.0,0.0,0.0
2025-10-01T18:00:00Z,0.0,0.0,0.0,0.0
2025-10-01T19:00:00Z,0.0,0.0,0.0,0.0
2025-10-01T20:00:00Z,0.0,0.0,0.0,0.0
2025-10-01T21:00:00Z,0.0,0.0,0.0,0.0
2025-10-01T22:00:00Z,0.0,0.0,0.0,0.0
2025-10-01T23:00:00Z,0.0,0.0,0.0,0.0
2025-10-02T00:00:00Z,0.0,0.0,0.0,0.0
2025-10-02T01:00:00Z,0.0,0.0,0.0,0.0
2025-10-02T02:00:00Z,0.0,0.0,0.0,0.0
2025-10-02T03:00:00Z,0.0,0.0,0.0,0.0
2025-10-02T04:00:00Z,0.0,0.0,0.0,0.0
2025-10-02T05:00:00Z,12.0,12.0,14.0,10.0
2025-10-02T06:00:00Z,116.76666666666667,113.3,122.0,115.0
2025-10-02T07:00:00Z,237.66666666666666,252.0,255.0,206.0
2025-10-02T08:00:00Z,371.3333333333333,387.0,362.0,365.0
2025-10-02T09:00:00Z,470.6666666666667,493.0,426.0,493.0
2025-10-02T10:00:00Z,510.26666666666665,550.8,443.0,537.0
2025-10-02T11:00:00Z,434.26666666666665,547.8,404.0,351.0
2025-10-02T12:00:00Z,377.3333333333333,466.0,324.0,342.0
2025-10-02T13:00:00Z,255.4333333333333,267.3,244.0,255.0
2025-10-02T14:00:00Z,186.4333333333333,167.3,180.0,212.0
2025-10-02T15:00:00Z,106.0,95.0,110.0,113.0
2025-10-02T16:00:00Z,22.5,17.5,28.0,22.0
2025-10-02T17:00:00Z,0.0,0.0,0.0,0.0
2025-10-02T18:00:00Z,0.0,0.0,0.0,0.0
2025-10-02T19:00:00Z,0.0,0.0,0.0,0.0
2025-10-02T20:00:00Z,0.0,0.0,0.0,0.0
2025-10-02T21:00:00Z,0.0,0.0,0.0,0.0
2025-10-02T22:00:00Z,0.0,0.0,0.0,0.0
2025-10-02T23:00:00Z,0.0,0.0,0.0,0.0
2025-10-03T00:00:00Z,0.0,0.0,0.0,0.0
2025-10-03T01:00:00Z,0.0,0.0,0.0,0.0
2025-10-03T02:00:00Z,0.0,0.0,0.0,0.0
2025-10-03T03:00:00Z,0.0,0.0,0.0,0.0
2025-10-03T04:00:00Z,0.0,0.0,0.0,0.0
2025-10-03T05:00:00Z,0.6,0.8,1.0,0.0
2025-10-03T06:00:00Z,10.433333333333334,6.3,19.0,6.0
2025-10-03T07:00:00Z,35.266666666666666,13.8,49.0,43.0
2025-10-03T08:00:00Z,62.93333333333334,22.8,63.0,103.0
2025-10-03T09:00:00Z,38.5,33.5,55.0,27.0
2025-10-03T10:00:00Z,31.266666666666666,21.8,54.0,18.0
2025-10-03T11:00:00Z,43.1,42.3,79.0,8.0
2025-10-03T12:00:00Z,71.16666666666667,82.5,112.0,19.0
2025-10-03T13:00:00Z,150.0,290.0,137.0,23.0
2025-10-03T14:00:00Z,137.1,156.3,144.0,111.0
2025-10-03T15:00:00Z,107.10000000000001,103.3,112.0,106.0
2025-10-03T16:00:00Z,28.099999999999998,29.3,31.0,24.0
2025-10-03T17:00:00Z,0.0,0.0,0.0,0.0
2025-10-03T18:00:00Z,0.0,0.0,0.0,0.0
2025-10-03T19:00:00Z,0.0,0.0,0.0,0.0
2025-10-03T20:00:00Z,0.0,0.0,0.0,0.0
2025-10-03T21:00:00Z,0.0,0.0,0.0,0.0
2025-10-03T22:00:00Z,0.0,0.0,0.0,0.0
2025-10-03T23:00:00Z,0.0,0.0,0.0,0.0
2025-10-04T00:00:00Z,0.0,0.0,0.0,0.0
2025-10-04T01:00:00Z,0.0,0.0,0.0,0.0
2025-10-04T02:00:00Z,0.0,0.0,0.0,0.0
2025-10-04T03:00:00Z,0.0,0.0,0.0,0.0
2025-10-04T04:00:00Z,0.0,0.0,0.0,0.0
2025-10-04T05:00:00Z,3.5,2.5,5.0,3.0
2025-10-04T06:00:00Z,48.0,48.0,61.0,35.0
2025-10-04T07:00:00Z,97.76666666666667,108.3,147.0,38.0
2025-10-04T08:00:00Z,144.26666666666668,161.8,214.0,57.0
2025-10-04T09:00:00Z,293.26666666666665,214.8,249.0,416.0
2025-10-04T10:00:00Z,270.1666666666667,161.5,268.0,381.0
2025-10-04T11:00:00Z,258.76666666666665,119.3,289.0,368.0
2025-10-04T12:00:00Z,268.93333333333334,117.8,292.0,397.0
2025-10-04T13:00:00Z,171.1,76.3,247.0,190.0
2025-10-04T14:00:00Z,74.93333333333334,49.8,150.0,25.0
2025-10-04T15:00:00Z,30.933333333333334,29.8,58.0,5.0
2025-10-04T16:00:00Z,5.6000000000000005,6.8,8.0,2.0
2025-10-04T17:00:00Z,0.0,0.0,0.0,0.0
2025-10-04T18:00:00Z,0.0,0.0,0.0,0.0
2025-10-04T19:00:00Z,0.0,0.0,0.0,0.0
2025-10-04T20:00:00Z,0.0,0.0,0.0,0.0
2025-10-04T21:00:00Z,0.0,0.0,0.0,0.0
2025-10-04T22:00:00Z,0.0,0.0,0.0,0.0
2025-10-04T23:00:00Z,0.0,0.0,0.0,0.0
2025-10-05T00:00:00Z,0.0,0.0,0.0,0.0
2025-10-05T01:00:00Z,0.0,0.0,0.0,0.0
2025-10-05T02:00:00Z,0.0,0.0,0.0,0.0
2025-10-05T03:00:00Z,0.0,0.0,0.0,0.0
2025-10-05T04:00:00Z,0.0,0.0,0.0,0.0
2025-10-05T05:00:00Z,3.5,4.5,5.0,1.0
2025-10-05T06:00:00Z,43.26666666666667,73.8,45.0,11.0
2025-10-05T07:00:00Z,86.16666666666667,142.5,75.0,41.0
2025-10-05T08:00:00Z,73.26666666666667,81.8,103.0,35.0
2025-10-05T09:00:00Z,75.26666666666667,32.8,130.0,63.0
2025-10-05T10:00:00Z,79.60000000000001,50.8,139.0,49.0
2025-10-05T11:00:00Z,68.66666666666667,36.0,116.0,54.0
2025-10-05T12:00:00Z,60.43333333333334,32.3,78.0,71.0
2025-10-05T13:00:00Z,33.333333333333336,28.0,47.0,25.0
2025-10-05T14:00:00Z,19.266666666666666,13.8,30.0,14.0
2025-10-05T15:00:00Z,8.666666666666666,6.0,17.0,3.0
2025-10-05T16:00:00Z,1.6666666666666667,1.0,4.0,0.0
2025-10-05T17:00:00Z,0.0,0.0,0.0,0.0
2025-10-05T18:00:00Z,0.0,0.0,0.0,0.0
2025-10-05T19:00:00Z,0.0,0.0,0.0,0.0
2025-10-05T20:00:00Z,0.0,0.0,0.0,0.0
2025-10-05T21:00:00Z,0.0,0.0,0.0,0.0
2025-10-05T22:00:00Z,0.0,0.0,0.0,0.0
2025-10-05T23:00:00Z,0.0,0.0,0.0,0.0
2025-10-06T00:00:00Z,0.0,0.0,0.0,0.0
2025-10-06T01:00:00Z,0.0,0.0,0.0,0.0
2025-10-06T02:00:00Z,0.0,0.0,0.0,0.0
2025-10-06T03:00:00Z,0.0,0.0,0.0,0.0
2025-10-06T04:00:00Z,0.0,0.0,0.0,0.0
2025-10-06T05:00:00Z,0.6,0.8,1.0,0.0
2025-10-06T06:00:00Z,10.166666666666666,10.5,15.0,5.0
2025-10-06T07:00:00Z,24.666666666666668,17.0,42.0,15.0
2025-10-06T08:00:00Z,42.93333333333334,31.8,66.0,31.0
2025-10-06T09:00:00Z,54.5,46.5,79.0,38.0
2025-10-06T10:00:00Z,71.33333333333333,93.0,85.0,36.0
2025-10-06T11:00:00Z,76.93333333333334,110.8,86.0,34.0
2025-10-06T12:00:00Z,71.83333333333333,95.5,79.0,41.0
2025-10-06T13:00:00Z,78.93333333333334,115.8,67.0,54.0
2025-10-06T14:00:00Z,58.6,77.8,51.0,47.0
2025-10-06T15:00:00Z,30.433333333333334,34.3,30.0,27.0
2025-10-06T16:00:00Z,5.266666666666667,6.8,6.0,3.0
2025-10-06T17:00:00Z,0.0,0.0,0.0,0.0
2025-10-06T18:00:00Z,0.0,0.0,0.0,0.0
2025-10-06T19:00:00Z,0.0,0.0,0.0,0.0
2025-10-06T20:00:00Z,0.0,0.0,0.0,0.0
2025-10-06T21:00:00Z,0.0,0.0,0.0,0.0
2025-10-06T22:00:00Z,0.0,0.0,0.0,0.0
2025-10-06T23:00:00Z,0.0,0.0,0.0,0.0
2025-10-07T00:00:00Z,0.0,0.0,0.0,0.0
2025-10-07T01:00:00Z,0.0,0.0,0.0,0.0
2025-10-07T02:00:00Z,0.0,0.0,0.0,0.0
2025-10-07T03:00:00Z,0.0,0.0,0.0,0.0
2025-10-07T04:00:00Z,0.0,0.0,0.0,0.0
2025-10-07T05:00:00Z,1.7666666666666666,1.3,3.0,1.0
2025-10-07T06:00:00Z,21.333333333333332,12.0,34.0,18.0
2025-10-07T07:00:00Z,46.666666666666664,29.0,70.0,41.0
2025-10-07T08:00:00Z,82.66666666666667,80.0,101.0,67.0
2025-10-07T09:00:00Z,105.26666666666667,105.8,124.0,86.0
2025-10-07T10:00:00Z,114.43333333333334,117.3,136.0,90.0
2025-10-07T11:00:00Z,83.33333333333333,59.0,136.0,55.0
2025-10-07T12:00:00Z,68.0,41.0,124.0,39.0
2025-10-07T13:00:00Z,57.5,36.5,101.0,35.0
2025-10-07T14:00:00Z,43.666666666666664,25.0,68.0,38.0
2025-10-07T15:00:00Z,30.766666666666666,30.3,34.0,28.0
2025-10-07T16:00:00Z,7.166666666666667,9.5,5.0,7.0
2025-10-07T17:00:00Z,0.0,0.0,0.0,0.0
2025-10-07T18:00:00Z,0.0,0.0,0.0,0.0
2025-10-07T19:00:00Z,0.0,0.0,0.0,0.0
2025-10-07T20:00:00Z,0.0,0.0,0.0,0.0
2025-10-07T21:00:00Z,0.0,0.0,0.0,0.0
2025-10-07T22:00:00Z,0.0,0.0,0.0,0.0
2025-10-07T23:00:00Z,0.0,0.0,0.0,0.0
2025-10-08T00:00:00Z,0.0,0.0,0.0,0.0
2025-10-08T01:00:00Z,0.0,0.0,0.0,0.0
2025-10-08T02:00:00Z,0.0,0.0,0.0,0.0
2025-10-08T03:00:00Z,0.0,0.0,0.0,0.0
2025-10-08T04:00:00Z,0.0,0.0,0.0,0.0
2025-10-08T05:00:00Z,3.266666666666667,3.8,5.0,1.0
2025-10-08T06:00:00Z,50.76666666666667,65.3,70.0,17.0
2025-10-08T07:00:00Z,130.26666666666668,179.8,144.0,67.0
2025-10-08T08:00:00Z,176.1,248.3,192.0,88.0
2025-10-08T09:00:00Z,217.9333333333333,306.8,209.0,138.0
2025-10-08T10:00:00Z,365.43333333333334,376.3,221.0,499.0
2025-10-08T11:00:00Z,293.5,358.5,253.0,269.0
2025-10-08T12:00:00Z,275.76666666666665,325.3,278.0,224.0
2025-10-08T13:00:00Z,298.5,303.5,254.0,338.0
2025-10-08T14:00:00Z,162.16666666666666,178.5,173.0,135.0
2025-10-08T15:00:00Z,93.5,95.5,81.0,104.0
2025-10-08T16:00:00Z,10.766666666666666,10.3,11.0,11.0
2025-10-08T17:00:00Z,0.0,0.0,0.0,0.0
2025-10-08T18:00:00Z,0.0,0.0,0.0,0.0
2025-10-08T19:00:00Z,0.0,0.0,0.0,0.0
2025-10-08T20:00:00Z,0.0,0.0,0.0,0.0
2025-10-08T21:00:00Z,0.0,0.0,0.0,0.0
2025-10-08T22:00:00Z,0.0,0.0,0.0,0.0
2025-10-08T23:00:00Z,0.0,0.0,0.0,0.0
2025-10-09T00:00:00Z,0.0,0.0,0.0,0.0
2025-10-09T01:00:00Z,0.0,0.0,0.0,0.0
2025-10-09T02:00:00Z,0.0,0.0,0.0,0.0
2025-10-09T03:00:00Z,0.0,0.0,0.0,0.0
2025-10-09T04:00:00Z,0.0,0.0,0.0,0.0
2025-10-09T05:00:00Z,2.6,2.8,2.0,3.0
2025-10-09T06:00:00Z,42.333333333333336,34.0,25.0,68.0
2025-10-09T07:00:00Z,95.60000000000001,109.8,56.0,121.0
2025-10-09T08:00:00Z,123.83333333333333,184.5,100.0,87.0
2025-10-09T09:00:00Z,181.76666666666665,252.3,155.0,138.0
2025-10-09T10:00:00Z,231.6,229.8,199.0,266.0
2025-10-09T11:00:00Z,331.5,286.5,220.0,488.0
2025-10-09T12:00:00Z,334.59999999999997,333.8,215.0,455.0
2025-10-09T13:00:00Z,283.6666666666667,300.0,181.0,370.0
2025-10-09T14:00:00Z,181.0,174.0,120.0,249.0
2025-10-09T15:00:00Z,65.83333333333333,31.5,55.0,111.0
2025-10-09T16:00:00Z,8.1,7.3,7.0,10.0
2025-10-09T17:00:00Z,0.0,0.0,0.0,0.0
2025-10-09T18:00:00Z,0.0,0.0,0.0,0.0
2025-10-09T19:00:00Z,0.0,0.0,0.0,0.0
2025-10-09T20:00:00Z,0.0,0.0,0.0,0.0
2025-10-09T21:00:00Z,0.0,0.0,0.0,0.0
2025-10-09T22:00:00Z,0.0,0.0,0.0,0.0
2025-10-09T23:00:00Z,0.0,0.0,0.0,0.0
2025-10-10T00:00:00Z,0.0,0.0,0.0,0.0
2025-10-10T01:00:00Z,0.0,0.0,0.0,0.0
2025-10-10T02:00:00Z,0.0,0.0,0.0,0.0
2025-10-10T03:00:00Z,0.0,0.0,0.0,0.0
2025-10-10T04:00:00Z,0.0,0.0,0.0,0.0
2025-10-10T05:00:00Z,1.1666666666666667,1.5,2.0,0.0
2025-10-10T06:00:00Z,29.5,37.5,33.0,18.0
2025-10-10T07:00:00Z,67.43333333333334,75.3,72.0,55.0
2025-10-10T08:00:00Z,123.0,130.0,112.0,127.0
2025-10-10T09:00:00Z,169.33333333333334,176.0,149.0,183.0
2025-10-10T10:00:00Z,197.66666666666666,223.0,178.0,192.0
2025-10-10T11:00:00Z,149.93333333333334,160.8,195.0,94.0
2025-10-10T12:00:00Z,155.6,180.8,195.0,91.0
2025-10-10T13:00:00Z,129.26666666666668,134.8,169.0,84.0
2025-10-10T14:00:00Z,87.16666666666667,95.5,118.0,48.0
2025-10-10T15:00:00Z,52.5,51.5,57.0,49.0
2025-10-10T16:00:00Z,6.1000000000000005,4.3,7.0,7.0
2025-10-10T17:00:00Z,0.0,0.0,0.0,0.0
2025-10-10T18:00:00Z,0.0,0.0,0.0,0.0
2025-10-10T19:00:00Z,0.0,0.0,0.0,0.0
2025-10-10T20:00:00Z,0.0,0.0,0.0,0.0
2025-10-10T21:00:00Z,0.0,0.0,0.0,0.0
2025-10-10T22:00:00Z,0.0,0.0,0.0,0.0
2025-10-10T23:00:00Z,0.0,0.0,0.0,0.0
2025-10-11T00:00:00Z,0.0,0.0,0.0,0.0
2025-10-11T01:00:00Z,0.0,0.0,0.0,0.0
2025-10-11T02:00:00Z,0.0,0.0,0.0,0.0
2025-10-11T03:00:00Z,0.0,0.0,0.0,0.0
2025-10-11T04:00:00Z,0.0,0.0,0.0,0.0
2025-10-11T05:00:00Z,1.6666666666666667,2.0,2.0,1.0
2025-10-11T06:00:00Z,37.0,45.0,43.0,23.0
2025-10-11T07:00:00Z,70.26666666666667,91.8,94.0,25.0
2025-10-11T08:00:00Z,102.16666666666667,122.5,134.0,50.0
2025-10-11T09:00:00Z,125.5,141.5,160.0,75.0
2025-10-11T10:00:00Z,141.83333333333334,176.5,167.0,82.0
2025-10-11T11:00:00Z,148.6,122.8,151.0,172.0
2025-10-11T12:00:00Z,111.10000000000001,88.3,120.0,125.0
2025-10-11T13:00:00Z,109.43333333333334,59.3,83.0,186.0
2025-10-11T14:00:00Z,78.0,31.0,48.0,155.0
2025-10-11T15:00:00Z,17.833333333333332,10.5,18.0,25.0
2025-10-11T16:00:00Z,2.3333333333333335,1.0,2.0,4.0
2025-10-11T17:00:00Z,0.0,0.0,0.0,0.0
2025-10-11T18:00:00Z,0.0,0.0,0.0,0.0
2025-10-11T19:00:00Z,0.0,0.0,0.0,0.0
2025-10-11T20:00:00Z,0.0,0.0,0.0,0.0
2025-10-11T21:00:00Z,0.0,0.0,0.0,0.0
2025-10-11T22:00:00Z,0.0,0.0,0.0,0.0
2025-10-11T23:00:00Z,0.0,0.0,0.0,0.0
2025-10-12T00:00:00Z,0.0,0.0,0.0,0.0
2025-10-12T01:00:00Z,0.0,0.0,0.0,0.0
2025-10-12T02:00:00Z,0.0,0.0,0.0,0.0
2025-10-12T03:00:00Z,0.0,0.0,0.0,0.0
2025-10-12T04:00:00Z,0.0,0.0,0.0,0.0
2025-10-12T05:00:00Z,1.1666666666666667,0.5,2.0,1.0
2025-10-12T06:00:00Z,36.6,12.8,60.0,37.0
2025-10-12T07:00:00Z,88.5,36.5,137.0,92.0
2025-10-12T08:00:00Z,129.66666666666666,51.0,207.0,131.0
2025-10-12T09:00:00Z,196.33333333333334,200.0,266.0,123.0
2025-10-12T10:00:00Z,256.8333333333333,320.5,305.0,145.0
2025-10-12T11:00:00Z,276.5,281.5,315.0,233.0
2025-10-12T12:00:00Z,240.26666666666665,229.8,296.0,195.0
2025-10-12T13:00:00Z,199.5,234.5,247.0,117.0
2025-10-12T14:00:00Z,126.83333333333333,141.5,173.0,66.0
2025-10-12T15:00:00Z,66.10000000000001,95.3,85.0,18.0
2025-10-12T16:00:00Z,5.666666666666667,8.0,8.0,1.0
2025-10-12T17:00:00Z,0.0,0.0,0.0,0.0
2025-10-12T18:00:00Z,0.0,0.0,0.0,0.0
2025-10-12T19:00:00Z,0.0,0.0,0.0,0.0
2025-10-12T20:00:00Z,0.0,0.0,0.0,0.0
2025-10-12T21:00:00Z,0.0,0.0,0.0,0.0
2025-10-12T22:00:00Z,0.0,0.0,0.0,0.0
2025-10-12T23:00:00Z,0.0,0.0,0.0,0.0
2025-10-13T00:00:00Z,0.0,0.0,0.0,0.0
2025-10-13T01:00:00Z,0.0,0.0,0.0,0.0
2025-10-13T02:00:00Z,0.0,0.0,0.0,0.0
2025-10-13T03:00:00Z,0.0,0.0,0.0,0.0
2025-10-13T04:00:00Z,0.0,0.0,0.0,0.0
2025-10-13T05:00:00Z,1.0999999999999999,1.3,1.0,1.0
2025-10-13T06:00:00Z,41.0,31.0,29.0,63.0
2025-10-13T07:00:00Z,109.66666666666667,65.0,67.0,197.0
2025-10-13T08:00:00Z,75.5,54.5,97.0,75.0
2025-10-13T09:00:00Z,66.5,32.5,115.0,52.0
2025-10-13T10:00:00Z,83.16666666666667,53.5,125.0,71.0
2025-10-13T11:00:00Z,70.10000000000001,59.3,125.0,26.0
2025-10-13T12:00:00Z,104.33333333333333,44.0,117.0,152.0
2025-10-13T13:00:00Z,91.33333333333333,77.0,101.0,96.0
2025-10-13T14:00:00Z,63.26666666666667,67.8,77.0,45.0
2025-10-13T15:00:00Z,35.333333333333336,39.0,42.0,25.0
2025-10-13T16:00:00Z,2.8333333333333335,4.5,4.0,0.0
2025-10-13T17:00:00Z,0.0,0.0,0.0,0.0
2025-10-13T18:00:00Z,0.0,0.0,0.0,0.0
2025-10-13T19:00:00Z,0.0,0.0,0.0,0.0
2025-10-13T20:00:00Z,0.0,0.0,0.0,0.0
2025-10-13T21:00:00Z,0.0,0.0,0.0,0.0
2025-10-13T22:00:00Z,0.0,0.0,0.0,0.0
2025-10-13T23:00:00Z,0.0,0.0,0.0,0.0
2025-10-14T00:00:00Z,0.0,0.0,0.0,0.0
2025-10-14T01:00:00Z,0.0,0.0,0.0,0.0
2025-10-14T02:00:00Z,0.0,0.0,0.0,0.0
2025-10-14T03:00:00Z,0.0,0.0,0.0,0.0
2025-10-14T04:00:00Z,0.0,0.0,0.0,0.0
2025-10-14T05:00:00Z,0.7666666666666666,1.3,1.0,0.0
2025-10-14T06:00:00Z,37.333333333333336,57.0,38.0,17.0
2025-10-14T07:00:00Z,93.33333333333333,140.0,93.0,47.0
2025-10-14T08:00:00Z,145.43333333333334,184.3,151.0,101.0
2025-10-14T09:00:00Z,205.83333333333334,236.5,209.0,172.0
2025-10-14T10:00:00Z,300.43333333333334,276.3,249.0,376.0
2025-10-14T11:00:00Z,312.26666666666665,214.8,255.0,467.0
2025-10-14T12:00:00Z,268.93333333333334,143.8,232.0,431.0
2025-10-14T13:00:00Z,248.5,235.5,191.0,319.0
2025-10-14T14:00:00Z,184.9333333333333,198.8,136.0,220.0
2025-10-14T15:00:00Z,79.66666666666667,86.0,67.0,86.0
2025-10-14T16:00:00Z,4.766666666666667,5.3,5.0,4.0
2025-10-14T17:00:00Z,0.0,0.0,0.0,0.0
2025-10-14T18:00:00Z,0.0,0.0,0.0,0.0
2025-10-14T19:00:00Z,0.0,0.0,0.0,0.0
2025-10-14T20:00:00Z,0.0,0.0,0.0,0.0
2025-10-14T21:00:00Z,0.0,0.0,0.0,0.0
2025-10-14T22:00:00Z,0.0,0.0,0.0,0.0
2025-10-14T23:00:00Z,0.0,0.0,0.0,0.0
2025-10-15T00:00:00Z,0.0,0.0,0.0,0.0
2025-10-15T01:00:00Z,0.0,0.0,0.0,0.0
2025-10-15T02:00:00Z,0.0,0.0,0.0,0.0
2025-10-15T03:00:00Z,0.0,0.0,0.0,0.0
2025-10-15T04:00:00Z,0.0,0.0,0.0,0.0
2025-10-15T05:00:00Z,0.16666666666666666,0.5,0.0,0.0
2025-10-15T06:00:00Z,22.266666666666666,38.8,19.0,9.0
2025-10-15T07:00:00Z,45.93333333333334,65.8,50.0,22.0
2025-10-15T08:00:00Z,133.33333333333334,104.0,91.0,205.0
2025-10-15T09:00:00Z,238.26666666666665,162.8,142.0,410.0
2025-10-15T10:00:00Z,211.83333333333334,302.5,183.0,150.0
2025-10-15T11:00:00Z,237.16666666666666,270.5,200.0,241.0
2025-10-15T12:00:00Z,152.26666666666668,183.8,193.0,80.0
2025-10-15T13:00:00Z,105.43333333333334,93.3,160.0,63.0
2025-10-15T14:00:00Z,67.43333333333334,64.3,105.0,33.0
2025-10-15T15:00:00Z,26.666666666666668,24.0,44.0,12.0
2025-10-15T16:00:00Z,2.1,3.3,2.0,1.0
2025-10-15T17:00:00Z,0.0,0.0,0.0,0.0
2025-10-15T18:00:00Z,0.0,0.0,0.0,0.0
2025-10-15T19:00:00Z,0.0,0.0,0.0,0.0
2025-10-15T20:00:00Z,0.0,0.0,0.0,0.0
2025-10-15T21:00:00Z,0.0,0.0,0.0,0.0
2025-10-15T22:00:00Z,0.0,0.0,0.0,0.0
2025-10-15T23:00:00Z,0.0,0.0,0.0,0.0
2025-10-16T00:00:00Z,0.0,0.0,0.0,0.0
2025-10-16T01:00:00Z,0.0,0.0,0.0,0.0
2025-10-16T02:00:00Z,0.0,0.0,0.0,0.0
2025-10-16T03:00:00Z,0.0,0.0,0.0,0.0
2025-10-16T04:00:00Z,0.0,0.0,0.0,0.0
2025-10-16T05:00:00Z,0.16666666666666666,0.5,0.0,0.0
2025-10-16T06:00:00Z,29.433333333333334,30.3,36.0,22.0
2025-10-16T07:00:00Z,68.66666666666667,87.0,91.0,28.0
2025-10-16T08:00:00Z,100.26666666666667,98.8,152.0,50.0
2025-10-16T09:00:00Z,178.9333333333333,249.8,215.0,72.0
2025-10-16T10:00:00Z,211.26666666666665,268.8,257.0,108.0
2025-10-16T11:00:00Z,204.66666666666666,261.0,258.0,95.0
2025-10-16T12:00:00Z,201.33333333333334,240.0,229.0,135.0
2025-10-16T13:00:00Z,154.43333333333334,184.3,182.0,97.0
2025-10-16T14:00:00Z,81.66666666666667,88.0,123.0,34.0
2025-10-16T15:00:00Z,41.1,54.3,56.0,13.0
2025-10-16T16:00:00Z,1.6666666666666667,2.0,3.0,0.0
2025-10-16T17:00:00Z,0.0,0.0,0.0,0.0
2025-10-16T18:00:00Z,0.0,0.0,0.0,0.0
2025-10-16T19:00:00Z,0.0,0.0,0.0,0.0
2025-10-16T20:00:00Z,0.0,0.0,0.0,0.0
2025-10-16T21:00:00Z,0.0,0.0,0.0,0.0
2025-10-16T22:00:00Z,0.0,0.0,0.0,0.0
2025-10-16T23:00:00Z,0.0,0.0,0.0,0.0
2025-10-17T00:00:00Z,0.0,0.0,0.0,0.0
2025-10-17T01:00:00Z,0.0,0.0,0.0,0.0
2025-10-17T02:00:00Z,0.0,0.0,0.0,0.0
2025-10-17T03:00:00Z,0.0,0.0,0.0,0.0
2025-10-17T04:00:00Z,0.0,0.0,0.0,0.0
2025-10-17T05:00:00Z,0.26666666666666666,0.8,0.0,0.0
2025-10-17T06:00:00Z,63.26666666666667,58.8,77.0,54.0
2025-10-17T07:00:00Z,187.5,172.5,200.0,190.0
2025-10-17T08:00:00Z,303.09999999999997,279.3,311.0,319.0
2025-10-17T09:00:00Z,397.3333333333333,374.0,402.0,416.0
2025-10-17T10:00:00Z,460.59999999999997,456.8,455.0,470.0
2025-10-17T11:00:00Z,444.3333333333333,395.0,462.0,476.0
2025-10-17T12:00:00Z,385.1666666666667,301.5,422.0,432.0
2025-10-17T13:00:00Z,299.43333333333334,219.3,337.0,342.0
2025-10-17T14:00:00Z,195.26666666666665,153.8,215.0,217.0
2025-10-17T15:00:00Z,78.66666666666667,73.0,86.0,77.0
2025-10-17T16:00:00Z,2.5,2.5,3.0,2.0
2025-10-17T17:00:00Z,0.0,0.0,0.0,0.0
2025-10-17T18:00:00Z,0.0,0.0,0.0,0.0
2025-10-17T19:00:00Z,0.0,0.0,0.0,0.0
2025-10-17T20:00:00Z,0.0,0.0,0.0,0.0
2025-10-17T21:00:00Z,0.0,0.0,0.0,0.0
2025-10-17T22:00:00Z,0.0,0.0,0.0,0.0
2025-10-17T23:00:00Z,0.0,0.0,0.0,0.0
2025-10-18T00:00:00Z,0.0,0.0,0.0,0.0
2025-10-18T01:00:00Z,0.0,0.0,0.0,0.0
2025-10-18T02:00:00Z,0.0,0.0,0.0,0.0
2025-10-18T03:00:00Z,0.0,0.0,0.0,0.0
2025-10-18T04:00:00Z,0.0,0.0,0.0,0.0
2025-10-18T05:00:00Z,0.09999999999999999,0.3,0.0,0.0
2025-10-18T06:00:00Z,36.166666666666664,35.5,44.0,29.0
2025-10-18T07:00:00Z,116.10000000000001,131.3,122.0,95.0
2025-10-18T08:00:00Z,185.33333333333334,207.0,212.0,137.0
2025-10-18T09:00:00Z,283.5,278.5,311.0,261.0
2025-10-18T10:00:00Z,336.5,292.5,384.0,333.0
2025-10-18T11:00:00Z,361.1666666666667,311.5,408.0,364.0
2025-10-18T12:00:00Z,373.59999999999997,376.8,382.0,362.0
2025-10-18T13:00:00Z,282.3333333333333,253.0,308.0,286.0
2025-10-18T14:00:00Z,173.9333333333333,158.8,193.0,170.0
2025-10-18T15:00:00Z,62.5,59.5,73.0,55.0
2025-10-18T16:00:00Z,1.7666666666666666,2.3,2.0,1.0
2025-10-18T17:00:00Z,0.0,0.0,0.0,0.0
2025-10-18T18:00:00Z,0.0,0.0,0.0,0.0
2025-10-18T19:00:00Z,0.0,0.0,0.0,0.0
2025-10-18T20:00:00Z,0.0,0.0,0.0,0.0
2025-10-18T21:00:00Z,0.0,0.0,0.0,0.0
2025-10-18T22:00:00Z,0.0,0.0,0.0,0.0
2025-10-18T23:00:00Z,0.0,0.0,0.0,0.0
2025-10-19T00:00:00Z,0.0,0.0,0.0,0.0
2025-10-19T01:00:00Z,0.0,0.0,0.0,0.0
2025-10-19T02:00:00Z,0.0,0.0,0.0,0.0
2025-10-19T03:00:00Z,0.0,0.0,0.0,0.0
2025-10-19T04:00:00Z,0.0,0.0,0.0,0.0
2025-10-19T05:00:00Z,0.0,0.0,0.0,0.0
2025-10-19T06:00:00Z,16.833333333333332,18.5,23.0,9.0
2025-10-19T07:00:00Z,47.26666666666667,48.8,66.0,27.0
2025-10-19T08:00:00Z,76.10000000000001,100.3,114.0,14.0
2025-10-19T09:00:00Z,184.6,145.8,165.0,243.0
2025-10-19T10:00:00Z,90.26666666666667,57.8,196.0,17.0
2025-10-19T11:00:00Z,82.76666666666667,43.3,190.0,15.0
2025-10-19T12:00:00Z,70.16666666666667,38.5,157.0,15.0
2025-10-19T13:00:00Z,79.93333333333334,40.8,111.0,88.0
2025-10-19T14:00:00Z,33.166666666666664,29.5,59.0,11.0
2025-10-19T15:00:00Z,12.333333333333334,16.0,17.0,4.0
2025-10-19T16:00:00Z,0.43333333333333335,0.3,0.0,1.0
2025-10-19T17:00:00Z,0.0,0.0,0.0,0.0
2025-10-19T18:00:00Z,0.0,0.0,0.0,0.0
2025-10-19T19:00:00Z,0.0,0.0,0.0,0.0
2025-10-19T20:00:00Z,0.0,0.0,0.0,0.0
2025-10-19T21:00:00Z,0.0,0.0,0.0,0.0
2025-10-19T22:00:00Z,0.0,0.0,0.0,0.0
2025-10-19T23:00:00Z,0.0,0.0,0.0,0.0
2025-10-20T00:00:00Z,0.0,0.0,0.0,0.0
2025-10-20T01:00:00Z,0.0,0.0,0.0,0.0
2025-10-20T02:00:00Z,0.0,0.0,0.0,0.0
2025-10-20T03:00:00Z,0.0,0.0,0.0,0.0
2025-10-20T04:00:00Z,0.0,0.0,0.0,0.0
2025-10-20T05:00:00Z,0.0,0.0,0.0,0.0
2025-10-20T06:00:00Z,37.666666666666664,36.0,39.0,38.0
2025-10-20T07:00:00Z,123.33333333333333,114.0,112.0,144.0
2025-10-20T08:00:00Z,137.93333333333334,163.8,178.0,72.0
2025-10-20T09:00:00Z,269.43333333333334,230.3,232.0,346.0
2025-10-20T10:00:00Z,284.3333333333333,169.0,267.0,417.0
2025-10-20T11:00:00Z,176.83333333333334,84.5,281.0,165.0
2025-10-20T12:00:00Z,137.0,84.0,268.0,59.0
2025-10-20T13:00:00Z,175.26666666666665,90.8,220.0,215.0
2025-10-20T14:00:00Z,134.6,81.8,140.0,182.0
2025-10-20T15:00:00Z,38.0,27.0,52.0,35.0
2025-10-20T16:00:00Z,0.8333333333333334,0.5,1.0,1.0
2025-10-20T17:00:00Z,0.0,0.0,0.0,0.0
2025-10-20T18:00:00Z,0.0,0.0,0.0,0.0
2025-10-20T19:00:00Z,0.0,0.0,0.0,0.0
2025-10-20T20:00:00Z,0.0,0.0,0.0,0.0
2025-10-20T21:00:00Z,0.0,0.0,0.0,0.0
2025-10-20T22:00:00Z,0.0,0.0,0.0,0.0
2025-10-20T23:00:00Z,0.0,0.0,0.0,0.0
2025-10-21T00:00:00Z,0.0,0.0,0.0,0.0
2025-10-21T01:00:00Z,0.0,0.0,0.0,0.0
2025-10-21T02:00:00Z,0.0,0.0,0.0,0.0
2025-10-21T03:00:00Z,0.0,0.0,0.0,0.0
2025-10-21T04:00:00Z,0.0,0.0,0.0,0.0
2025-10-21T05:00:00Z,0.0,0.0,0.0,0.0
2025-10-21T06:00:00Z,23.166666666666668,28.5,40.0,1.0
2025-10-21T07:00:00Z,86.0,94.0,119.0,45.0
2025-10-21T08:00:00Z,162.83333333333334,153.5,180.0,155.0
2025-10-21T09:00:00Z,218.16666666666666,240.5,220.0,194.0
2025-10-21T10:00:00Z,300.0,315.0,240.0,345.0
2025-10-21T11:00:00Z,228.0,314.0,247.0,123.0
2025-10-21T12:00:00Z,256.8333333333333,253.5,233.0,284.0
2025-10-21T13:00:00Z,177.0,157.0,188.0,186.0
2025-10-21T14:00:00Z,90.0,70.0,116.0,84.0
2025-10-21T15:00:00Z,38.166666666666664,36.5,40.0,38.0
2025-10-21T16:00:00Z,0.09999999999999999,0.3,0.0,0.0
2025-10-21T17:00:00Z,0.0,0.0,0.0,0.0
2025-10-21T18:00:00Z,0.0,0.0,0.0,0.0
2025-10-21T19:00:00Z,0.0,0.0,0.0,0.0
2025-10-21T20:00:00Z,0.0,0.0,0.0,0.0
2025-10-21T21:00:00Z,0.0,0.0,0.0,0.0
2025-10-21T22:00:00Z,0.0,0.0,0.0,0.0
2025-10-21T23:00:00Z,0.0,0.0,0.0,0.0
2025-10-22T00:00:00Z,0.0,0.0,0.0,0.0
2025-10-22T01:00:00Z,0.0,0.0,0.0,0.0
2025-10-22T02:00:00Z,0.0,0.0,0.0,0.0
2025-10-22T03:00:00Z,0.0,0.0,0.0,0.0
2025-10-22T04:00:00Z,0.0,0.0,0.0,0.0
2025-10-22T05:00:00Z,0.0,0.0,0.0,0.0
2025-10-22T06:00:00Z,7.933333333333334,9.8,13.0,1.0
2025-10-22T07:00:00Z,31.666666666666668,40.0,44.0,11.0
2025-10-22T08:00:00Z,54.166666666666664,50.5,80.0,32.0
2025-10-22T09:00:00Z,89.5,137.5,121.0,10.0
2025-10-22T10:00:00Z,155.0,272.0,159.0,34.0
2025-10-22T11:00:00Z,253.5,337.5,189.0,234.0
2025-10-22T12:00:00Z,178.16666666666666,225.5,202.0,107.0
2025-10-22T13:00:00Z,227.83333333333334,262.5,181.0,240.0
2025-10-22T14:00:00Z,136.16666666666666,162.5,125.0,121.0
2025-10-22T15:00:00Z,37.266666666666666,43.8,48.0,20.0
2025-10-22T16:00:00Z,0.09999999999999999,0.3,0.0,0.0
2025-10-22T17:00:00Z,0.0,0.0,0.0,0.0
2025-10-22T18:00:00Z,0.0,0.0,0.0,0.0
2025-10-22T19:00:00Z,0.0,0.0,0.0,0.0
2025-10-22T20:00:00Z,0.0,0.0,0.0,0.0
2025-10-22T21:00:00Z,0.0,0.0,0.0,0.0
2025-10-22T22:00:00Z,0.0,0.0,0.0,0.0
2025-10-22T23:00:00Z,0.0,0.0,0.0,0.0
2025-10-23T00:00:00Z,0.0,0.0,0.0,0.0
2025-10-23T01:00:00Z,0.0,0.0,0.0,0.0
2025-10-23T02:00:00Z,0.0,0.0,0.0,0.0
2025-10-23T03:00:00Z,0.0,0.0,0.0,0.0
2025-10-23T04:00:00Z,0.0,0.0,0.0,0.0
2025-10-23T05:00:00Z,0.0,0.0,0.0,0.0
2025-10-23T06:00:00Z,19.933333333333334,8.8,41.0,10.0
2025-10-23T07:00:00Z,76.83333333333333,64.5,131.0,35.0
2025-10-23T08:00:00Z,135.33333333333334,169.0,189.0,48.0
2025-10-23T09:00:00Z,175.1,225.3,209.0,91.0
2025-10-23T10:00:00Z,153.33333333333334,145.0,210.0,105.0
2025-10-23T11:00:00Z,216.16666666666666,201.5,210.0,237.0
2025-10-23T12:00:00Z,264.0,290.0,201.0,301.0
2025-10-23T13:00:00Z,255.0,297.0,171.0,297.0
2025-10-23T14:00:00Z,153.76666666666668,170.3,119.0,172.0
2025-10-23T15:00:00Z,37.5,50.5,46.0,16.0
2025-10-23T16:00:00Z,0.09999999999999999,0.3,0.0,0.0
2025-10-23T17:00:00Z,0.0,0.0,0.0,0.0
2025-10-23T18:00:00Z,0.0,0.0,0.0,0.0
2025-10-23T19:00:00Z,0.0,0.0,0.0,0.0
2025-10-23T20:00:00Z,0.0,0.0,0.0,0.0
2025-10-23T21:00:00Z,0.0,0.0,0.0,0.0
2025-10-23T22:00:00Z,0.0,0.0,0.0,0.0
2025-10-23T23:00:00Z,0.0,0.0,0.0,0.0
2025-10-24T00:00:00Z,0.0,0.0,0.0,0.0
2025-10-24T01:00:00Z,0.0,0.0,0.0,0.0
2025-10-24T02:00:00Z,0.0,0.0,0.0,0.0
2025-10-24T03:00:00Z,0.0,0.0,0.0,0.0
2025-10-24T04:00:00Z,0.0,0.0,0.0,0.0
2025-10-24T05:00:00Z,0.0,0.0,0.0,0.0
2025-10-24T06:00:00Z,19.599999999999998,20.8,32.0,6.0
2025-10-24T07:00:00Z,68.83333333333333,73.5,106.0,27.0
2025-10-24T08:00:00Z,90.26666666666667,71.8,161.0,38.0
2025-10-24T09:00:00Z,113.16666666666667,95.5,190.0,54.0
2025-10-24T10:00:00Z,108.26666666666667,107.8,192.0,25.0
2025-10-24T11:00:00Z,129.93333333333334,156.8,165.0,68.0
2025-10-24T12:00:00Z,101.16666666666667,125.5,121.0,57.0
2025-10-24T13:00:00Z,53.76666666666667,62.3,79.0,20.0
2025-10-24T14:00:00Z,26.666666666666668,21.0,46.0,13.0
2025-10-24T15:00:00Z,7.666666666666667,5.0,16.0,2.0
2025-10-24T16:00:00Z,0.0,0.0,0.0,0.0
2025-10-24T17:00:00Z,0.0,0.0,0.0,0.0
2025-10-24T18:00:00Z,0.0,0.0,0.0,0.0
2025-10-24T19:00:00Z,0.0,0.0,0.0,0.0
2025-10-24T20:00:00Z,0.0,0.0,0.0,0.0
2025-10-24T21:00:00Z,0.0,0.0,0.0,0.0
2025-10-24T22:00:00Z,0.0,0.0,0.0,0.0
2025-10-24T23:00:00Z,0.0,0.0,0.0,0.0
2025-10-25T00:00:00Z,0.0,0.0,0.0,0.0
2025-10-25T01:00:00Z,0.0,0.0,0.0,0.0
2025-10-25T02:00:00Z,0.0,0.0,0.0,0.0
2025-10-25T03:00:00Z,0.0,0.0,0.0,0.0
2025-10-25T04:00:00Z,0.0,0.0,0.0,0.0
2025-10-25T05:00:00Z,0.0,0.0,0.0,0.0
2025-10-25T06:00:00Z,26.833333333333332,29.5,22.0,29.0
2025-10-25T07:00:00Z,98.66666666666667,76.0,73.0,147.0
2025-10-25T08:00:00Z,81.83333333333333,57.5,85.0,103.0
2025-10-25T09:00:00Z,41.333333333333336,36.0,55.0,33.0
2025-10-25T10:00:00Z,33.43333333333333,47.3,29.0,24.0
2025-10-25T11:00:00Z,43.5,60.5,51.0,19.0
2025-10-25T12:00:00Z,64.66666666666667,88.0,91.0,15.0
2025-10-25T13:00:00Z,72.26666666666667,106.8,97.0,13.0
2025-10-25T14:00:00Z,35.833333333333336,39.5,62.0,6.0
2025-10-25T15:00:00Z,12.666666666666666,18.0,18.0,2.0
2025-10-25T16:00:00Z,0.0,0.0,0.0,0.0
2025-10-25T17:00:00Z,0.0,0.0,0.0,0.0
2025-10-25T18:00:00Z,0.0,0.0,0.0,0.0
2025-10-25T19:00:00Z,0.0,0.0,0.0,0.0
2025-10-25T20:00:00Z,0.0,0.0,0.0,0.0
2025-10-25T21:00:00Z,0.0,0.0,0.0,0.0
2025-10-25T22:00:00Z,0.0,0.0,0.0,0.0
2025-10-25T23:00:00Z,0.0,0.0,0.0,0.0
2025-10-26T00:00:00Z,0.0,0.0,0.0,0.0
2025-10-26T01:00:00Z,0.0,0.0,0.0,0.0
2025-10-26T02:00:00Z,0.0,0.0,0.0,0.0
2025-10-26T03:00:00Z,0.0,0.0,0.0,0.0
2025-10-26T04:00:00Z,0.0,0.0,0.0,0.0
2025-10-26T05:00:00Z,0.0,0.0,0.0,0.0
2025-10-26T06:00:00Z,10.5,15.5,12.0,4.0
2025-10-26T07:00:00Z,58.833333333333336,19.5,46.0,111.0
2025-10-26T08:00:00Z,46.6,42.8,89.0,8.0
2025-10-26T09:00:00Z,123.76666666666667,79.3,138.0,154.0
2025-10-26T10:00:00Z,177.66666666666666,146.0,167.0,220.0
2025-10-26T11:00:00Z,145.6,63.8,152.0,221.0
2025-10-26T12:00:00Z,59.166666666666664,49.5,111.0,17.0
2025-10-26T13:00:00Z,53.1,72.3,75.0,12.0
2025-10-26T14:00:00Z,35.166666666666664,42.5,51.0,12.0
2025-10-26T15:00:00Z,15.333333333333334,20.0,19.0,7.0
2025-10-26T16:00:00Z,0.0,0.0,0.0,0.0
2025-10-26T17:00:00Z,0.0,0.0,0.0,0.0
2025-10-26T18:00:00Z,0.0,0.0,0.0,0.0
2025-10-26T19:00:00Z,0.0,0.0,0.0,0.0
2025-10-26T20:00:00Z,0.0,0.0,0.0,0.0
2025-10-26T21:00:00Z,0.0,0.0,0.0,0.0
2025-10-26T22:00:00Z,0.0,0.0,0.0,0.0
2025-10-26T23:00:00Z,0.0,0.0,0.0,0.0
2025-10-27T00:00:00Z,0.0,0.0,0.0,0.0
2025-10-27T01:00:00Z,0.0,0.0,0.0,0.0
2025-10-27T02:00:00Z,0.0,0.0,0.0,0.0
2025-10-27T03:00:00Z,0.0,0.0,0.0,0.0
2025-10-27T04:00:00Z,0.0,0.0,0.0,0.0
2025-10-27T05:00:00Z,0.0,0.0,0.0,0.0
2025-10-27T06:00:00Z,7.933333333333334,3.8,5.0,15.0
2025-10-27T07:00:00Z,12.833333333333334,14.5,20.0,4.0
2025-10-27T08:00:00Z,21.333333333333332,19.0,36.0,9.0
2025-10-27T09:00:00Z,35.1,31.3,53.0,21.0
2025-10-27T10:00:00Z,58.666666666666664,45.0,72.0,59.0
2025-10-27T11:00:00Z,63.43333333333334,71.3,93.0,26.0
2025-10-27T12:00:00Z,93.60000000000001,147.8,107.0,26.0
2025-10-27T13:00:00Z,94.16666666666667,127.5,102.0,53.0
2025-10-27T14:00:00Z,75.10000000000001,55.3,74.0,96.0
2025-10-27T15:00:00Z,22.0,18.0,25.0,23.0
2025-10-27T16:00:00Z,0.0,0.0,0.0,0.0
2025-10-27T17:00:00Z,0.0,0.0,0.0,0.0
2025-10-27T18:00:00Z,0.0,0.0,0.0,0.0
2025-10-27T19:00:00Z,0.0,0.0,0.0,0.0
2025-10-27T20:00:00Z,0.0,0.0,0.0,0.0
2025-10-27T21:00:00Z,0.0,0.0,0.0,0.0
2025-10-27T22:00:00Z,0.0,0.0,0.0,0.0
2025-10-27T23:00:00Z,0.0,0.0,0.0,0.0
2025-10-28T00:00:00Z,0.0,0.0,0.0,0.0
2025-10-28T01:00:00Z,0.0,0.0,0.0,0.0
2025-10-28T02:00:00Z,0.0,0.0,0.0,0.0
2025-10-28T03:00:00Z,0.0,0.0,0.0,0.0
2025-10-28T04:00:00Z,0.0,0.0,0.0,0.0
2025-10-28T05:00:00Z,0.0,0.0,0.0,0.0
2025-10-28T06:00:00Z,16.433333333333334,21.3,20.0,8.0
2025-10-28T07:00:00Z,88.83333333333333,88.5,85.0,93.0
2025-10-28T08:00:00Z,179.6,175.8,150.0,213.0
2025-10-28T09:00:00Z,256.1666666666667,231.5,211.0,326.0
2025-10-28T10:00:00Z,294.1666666666667,264.5,251.0,367.0
2025-10-28T11:00:00Z,283.3333333333333,279.0,264.0,307.0
2025-10-28T12:00:00Z,246.16666666666666,229.5,246.0,263.0
2025-10-28T13:00:00Z,154.93333333333334,111.8,191.0,162.0
2025-10-28T14:00:00Z,95.93333333333334,88.8,107.0,92.0
2025-10-28T15:00:00Z,21.666666666666668,17.0,25.0,23.0
2025-10-28T16:00:00Z,0.0,0.0,0.0,0.0
2025-10-28T17:00:00Z,0.0,0.0,0.0,0.0
2025-10-28T18:00:00Z,0.0,0.0,0.0,0.0
2025-10-28T19:00:00Z,0.0,0.0,0.0,0.0
2025-10-28T20:00:00Z,0.0,0.0,0.0,0.0
2025-10-28T21:00:00Z,0.0,0.0,0.0,0.0
2025-10-28T22:00:00Z,0.0,0.0,0.0,0.0
2025-10-28T23:00:00Z,0.0,0.0,0.0,0.0
2025-10-29T00:00:00Z,0.0,0.0,0.0,0.0
2025-10-29T01:00:00Z,0.0,0.0,0.0,0.0
2025-10-29T02:00:00Z,0.0,0.0,0.0,0.0
2025-10-29T03:00:00Z,0.0,0.0,0.0,0.0
2025-10-29T04:00:00Z,0.0,0.0,0.0,0.0
2025-10-29T05:00:00Z,0.0,0.0,0.0,0.0
2025-10-29T06:00:00Z,11.433333333333332,8.3,25.0,1.0
2025-10-29T07:00:00Z,92.76666666666667,109.3,109.0,60.0
2025-10-29T08:00:00Z,197.0,152.0,195.0,244.0
2025-10-29T09:00:00Z,280.93333333333334,232.8,275.0,335.0
2025-10-29T10:00:00Z,343.76666666666665,317.3,324.0,390.0
2025-10-29T11:00:00Z,333.0,285.0,322.0,392.0
2025-10-29T12:00:00Z,319.0,329.0,279.0,349.0
2025-10-29T13:00:00Z,241.66666666666666,253.0,208.0,264.0
2025-10-29T14:00:00Z,133.16666666666666,136.5,119.0,144.0
2025-10-29T15:00:00Z,28.599999999999998,27.8,30.0,28.0
2025-10-29T16:00:00Z,0.0,0.0,0.0,0.0
2025-10-29T17:00:00Z,0.0,0.0,0.0,0.0
2025-10-29T18:00:00Z,0.0,0.0,0.0,0.0
2025-10-29T19:00:00Z,0.0,0.0,0.0,0.0
2025-10-29T20:00:00Z,0.0,0.0,0.0,0.0
2025-10-29T21:00:00Z,0.0,0.0,0.0,0.0
2025-10-29T22:00:00Z,0.0,0.0,0.0,0.0
2025-10-29T23:00:00Z,0.0,0.0,0.0,0.0
2025-10-30T00:00:00Z,0.0,0.0,0.0,0.0
2025-10-30T01:00:00Z,0.0,0.0,0.0,0.0
2025-10-30T02:00:00Z,0.0,0.0,0.0,0.0
2025-10-30T03:00:00Z,0.0,0.0,0.0,0.0
2025-10-30T04:00:00Z,0.0,0.0,0.0,0.0
2025-10-30T05:00:00Z,0.0,0.0,0.0,0.0
2025-10-30T06:00:00Z,18.766666666666666,20.3,21.0,15.0
2025-10-30T07:00:00Z,99.93333333333334,110.8,100.0,89.0
2025-10-30T08:00:00Z,168.43333333333334,180.3,179.0,146.0
2025-10-30T09:00:00Z,227.4333333333333,211.3,250.0,221.0
2025-10-30T10:00:00Z,261.1666666666667,258.5,296.0,229.0
2025-10-30T11:00:00Z,282.26666666666665,281.8,303.0,262.0
2025-10-30T12:00:00Z,258.59999999999997,274.8,272.0,229.0
2025-10-30T13:00:00Z,203.26666666666665,213.8,209.0,187.0
2025-10-30T14:00:00Z,104.83333333333333,105.5,122.0,87.0
2025-10-30T15:00:00Z,25.166666666666668,24.5,29.0,22.0
2025-10-30T16:00:00Z,0.0,0.0,0.0,0.0
2025-10-30T17:00:00Z,0.0,0.0,0.0,0.0
2025-10-30T18:00:00Z,0.0,0.0,0.0,0.0
2025-10-30T19:00:00Z,0.0,0.0,0.0,0.0
2025-10-30T20:00:00Z,0.0,0.0,0.0,0.0
2025-10-30T21:00:00Z,0.0,0.0,0.0,0.0
2025-10-30T22:00:00Z,0.0,0.0,0.0,0.0
2025-10-30T23:00:00Z,0.0,0.0,0.0,0.0
2025-10-31T00:00:00Z,0.0,0.0,0.0,0.0
2025-10-31T01:00:00Z,0.0,0.0,0.0,0.0
2025-10-31T02:00:00Z,0.0,0.0,0.0,0.0
2025-10-31T03:00:00Z,0.0,0.0,0.0,0.0
2025-10-31T04:00:00Z,0.0,0.0,0.0,0.0
2025-10-31T05:00:00Z,0.0,0.0,0.0,0.0
2025-10-31T06:00:00Z,13.666666666666666,18.0,12.0,11.0
2025-10-31T07:00:00Z,84.26666666666667,103.8,55.0,94.0
2025-10-31T08:00:00Z,119.16666666666667,171.5,79.0,107.0
2025-10-31T09:00:00Z,164.26666666666668,205.8,76.0,211.0
2025-10-31T10:00:00Z,116.16666666666667,156.5,63.0,129.0
2025-10-31T11:00:00Z,94.43333333333334,122.3,58.0,103.0
2025-10-31T12:00:00Z,55.666666666666664,71.0,54.0,42.0
2025-10-31T13:00:00Z,35.0,47.0,42.0,16.0
2025-10-31T14:00:00Z,15.333333333333334,18.0,21.0,7.0
2025-10-31T15:00:00Z,3.0,4.0,4.0,1.0
2025-10-31T16:00:00Z,0.0,0.0,0.0,0.0
2025-10-31T17:00:00Z,0.0,0.0,0.0,0.0
2025-10-31T18:00:00Z,0.0,0.0,0.0,0.0
2025-10-31T19:00:00Z,0.0,0.0,0.0,0.0
2025-10-31T20:00:00Z,0.0,0.0,0.0,0.0
2025-10-31T21:00:00Z,0.0,0.0,0.0,0.0
2025-10-31T22:00:00Z,0.0,0.0,0.0,0.0
2025-10-31T23:00:00Z,0.0,0.0,0.0,0.0
2025-11-01T00:00:00Z,0.0,0.0,0.0,0.0
2025-11-01T01:00:00Z,0.0,0.0,0.0,0.0
2025-11-01T02:00:00Z,0.0,0.0,0.0,0.0
2025-11-01T03:00:00Z,0.0,0.0,0.0,0.0
2025-11-01T04:00:00Z,0.0,0.0,0.0,0.0
2025-11-01T05:00:00Z,0.0,0.0,0.0,0.0
2025-11-01T06:00:00Z,9.166666666666666,11.5,10.0,6.0
2025-11-01T07:00:00Z,55.76666666666667,67.3,51.0,49.0
2025-11-01T08:00:00Z,95.0,126.0,87.0,72.0
2025-11-01T09:00:00Z,113.5,150.5,115.0,75.0
2025-11-01T10:00:00Z,127.60000000000001,131.8,143.0,108.0
2025-11-01T11:00:00Z,155.6,159.8,186.0,121.0
2025-11-01T12:00:00Z,170.1,133.3,217.0,160.0
2025-11-01T13:00:00Z,132.93333333333334,106.8,190.0,102.0
2025-11-01T14:00:00Z,86.83333333333333,74.5,104.0,82.0
2025-11-01T15:00:00Z,16.099999999999998,14.3,19.0,15.0
2025-11-01T16:00:00Z,0.0,0.0,0.0,0.0
2025-11-01T17:00:00Z,0.0,0.0,0.0,0.0
2025-11-01T18:00:00Z,0.0,0.0,0.0,0.0
2025-11-01T19:00:00Z,0.0,0.0,0.0,0.0
2025-11-01T20:00:00Z,0.0,0.0,0.0,0.0
2025-11-01T21:00:00Z,0.0,0.0,0.0,0.0
2025-11-01T22:00:00Z,0.0,0.0,0.0,0.0
2025-11-01T23:00:00Z,0.0,0.0,0.0,0.0
2025-11-02T00:00:00Z,0.0,0.0,0.0,0.0
2025-11-02T01:00:00Z,0.0,0.0,0.0,0.0
2025-11-02T02:00:00Z,0.0,0.0,0.0,0.0
2025-11-02T03:00:00Z,0.0,0.0,0.0,0.0
2025-11-02T04:00:00Z,0.0,0.0,0.0,0.0
2025-11-02T05:00:00Z,0.0,0.0,0.0,0.0
2025-11-02T06:00:00Z,16.0,16.0,19.0,13.0
2025-11-02T07:00:00Z,107.93333333333334,107.8,104.0,112.0
2025-11-02T08:00:00Z,205.33333333333334,223.0,169.0,224.0
2025-11-02T09:00:00Z,269.0,293.0,200.0,314.0
2025-11-02T10:00:00Z,290.5,309.5,208.0,354.0
2025-11-02T11:00:00Z,223.9333333333333,317.8,207.0,147.0
2025-11-02T12:00:00Z,230.9333333333333,218.8,191.0,283.0
2025-11-02T13:00:00Z,132.0,78.0,150.0,168.0
2025-11-02T14:00:00Z,71.0,40.0,88.0,85.0
2025-11-02T15:00:00Z,16.833333333333332,16.5,19.0,15.0
2025-11-02T16:00:00Z,0.0,0.0,0.0,0.0
2025-11-02T17:00:00Z,0.0,0.0,0.0,0.0
2025-11-02T18:00:00Z,0.0,0.0,0.0,0.0
2025-11-02T19:00:00Z,0.0,0.0,0.0,0.0
2025-11-02T20:00:00Z,0.0,0.0,0.0,0.0
2025-11-02T21:00:00Z,0.0,0.0,0.0,0.0
2025-11-02T22:00:00Z,0.0,0.0,0.0,0.0
2025-11-02T23:00:00Z,0.0,0.0,0.0,0.0
2025-11-03T00:00:00Z,0.0,0.0,0.0,0.0
2025-11-03T01:00:00Z,0.0,0.0,0.0,0.0
2025-11-03T02:00:00Z,0.0,0.0,0.0,0.0
2025-11-03T03:00:00Z,0.0,0.0,0.0,0.0
2025-11-03T04:00:00Z,0.0,0.0,0.0,0.0
2025-11-03T05:00:00Z,0.0,0.0,0.0,0.0
2025-11-03T06:00:00Z,9.266666666666667,9.8,15.0,3.0
2025-11-03T07:00:00Z,66.33333333333333,75.0,87.0,37.0
2025-11-03T08:00:00Z,155.6,164.8,152.0,150.0
2025-11-03T09:00:00Z,243.26666666666665,228.8,198.0,303.0
2025-11-03T10:00:00Z,279.26666666666665,258.8,224.0,355.0
2025-11-03T11:00:00Z,282.09999999999997,303.3,235.0,308.0
2025-11-03T12:00:00Z,249.26666666666665,269.8,224.0,254.0
2025-11-03T13:00:00Z,180.5,176.5,178.0,187.0
2025-11-03T14:00:00Z,96.16666666666667,91.5,101.0,96.0
2025-11-03T15:00:00Z,17.5,16.5,20.0,16.0
2025-11-03T16:00:00Z,0.0,0.0,0.0,0.0
2025-11-03T17:00:00Z,0.0,0.0,0.0,0.0
2025-11-03T18:00:00Z,0.0,0.0,0.0,0.0
2025-11-03T19:00:00Z,0.0,0.0,0.0,0.0
2025-11-03T20:00:00Z,0.0,0.0,0.0,0.0
2025-11-03T21:00:00Z,0.0,0.0,0.0,0.0
2025-11-03T22:00:00Z,0.0,0.0,0.0,0.0
2025-11-03T23:00:00Z,0.0,0.0,0.0,0.0
2025-11-04T00:00:00Z,0.0,0.0,0.0,0.0
2025-11-04T01:00:00Z,0.0,0.0,0.0,0.0
2025-11-04T02:00:00Z,0.0,0.0,0.0,0.0
2025-11-04T03:00:00Z,0.0,0.0,0.0,0.0
2025-11-04T04:00:00Z,0.0,0.0,0.0,0.0
2025-11-04T05:00:00Z,0.0,0.0,0.0,0.0
2025-11-04T06:00:00Z,11.833333333333334,11.5,16.0,8.0
2025-11-04T07:00:00Z,89.93333333333334,96.8,105.0,68.0
2025-11-04T08:00:00Z,189.0,193.0,204.0,170.0
2025-11-04T09:00:00Z,271.09999999999997,274.3,296.0,243.0
2025-11-04T10:00:00Z,320.5,332.5,352.0,277.0
2025-11-04T11:00:00Z,314.5,329.5,346.0,268.0
2025-11-04T12:00:00Z,271.3333333333333,292.0,291.0,231.0
2025-11-04T13:00:00Z,192.6,209.8,209.0,159.0
2025-11-04T14:00:00Z,99.66666666666667,108.0,112.0,79.0
2025-11-04T15:00:00Z,16.099999999999998,16.3,20.0,12.0
2025-11-04T16:00:00Z,0.0,0.0,0.0,0.0
2025-11-04T17:00:00Z,0.0,0.0,0.0,0.0
2025-11-04T18:00:00Z,0.0,0.0,0.0,0.0
2025-11-04T19:00:00Z,0.0,0.0,0.0,0.0
2025-11-04T20:00:00Z,0.0,0.0,0.0,0.0
2025-11-04T21:00:00Z,0.0,0.0,0.0,0.0
2025-11-04T22:00:00Z,0.0,0.0,0.0,0.0
2025-11-04T23:00:00Z,0.0,0.0,0.0,0.0
2025-11-05T00:00:00Z,0.0,0.0,0.0,0.0
2025-11-05T01:00:00Z,0.0,0.0,0.0,0.0
2025-11-05T02:00:00Z,0.0,0.0,0.0,0.0
2025-11-05T03:00:00Z,0.0,0.0,0.0,0.0
2025-11-05T04:00:00Z,0.0,0.0,0.0,0.0
2025-11-05T05:00:00Z,0.0,0.0,0.0,0.0
2025-11-05T06:00:00Z,12.1,11.3,16.0,9.0
2025-11-05T07:00:00Z,104.10000000000001,95.3,115.0,102.0
2025-11-05T08:00:00Z,215.1,208.3,218.0,219.0
2025-11-05T09:00:00Z,301.0,298.0,307.0,298.0
2025-11-05T10:00:00Z,358.0,350.0,359.0,365.0
2025-11-05T11:00:00Z,360.8333333333333,353.5,361.0,368.0
2025-11-05T12:00:00Z,316.76666666666665,311.3,316.0,323.0
2025-11-05T13:00:00Z,231.5,226.5,233.0,235.0
2025-11-05T14:00:00Z,119.26666666666667,114.8,124.0,119.0
2025-11-05T15:00:00Z,17.433333333333334,17.3,20.0,15.0
2025-11-05T16:00:00Z,0.0,0.0,0.0,0.0
2025-11-05T17:00:00Z,0.0,0.0,0.0,0.0
2025-11-05T18:00:00Z,0.0,0.0,0.0,0.0
2025-11-05T19:00:00Z,0.0,0.0,0.0,0.0
2025-11-05T20:00:00Z,0.0,0.0,0.0,0.0
2025-11-05T21:00:00Z,0.0,0.0,0.0,0.0
2025-11-05T22:00:00Z,0.0,0.0,0.0,0.0
2025-11-05T23:00:00Z,0.0,0.0,0.0,0.0
2025-11-06T00:00:00Z,0.0,0.0,0.0,0.0
2025-11-06T01:00:00Z,0.0,0.0,0.0,0.0
2025-11-06T02:00:00Z,0.0,0.0,0.0,0.0
2025-11-06T03:00:00Z,0.0,0.0,0.0,0.0
2025-11-06T04:00:00Z,0.0,0.0,0.0,0.0
2025-11-06T05:00:00Z,0.0,0.0,0.0,0.0
2025-11-06T06:00:00Z,10.666666666666666,10.0,14.0,8.0
2025-11-06T07:00:00Z,100.83333333333333,93.5,111.0,98.0
2025-11-06T08:00:00Z,208.4333333333333,198.3,213.0,214.0
2025-11-06T09:00:00Z,298.76666666666665,290.3,302.0,304.0
2025-11-06T10:00:00Z,349.26666666666665,339.8,355.0,353.0
2025-11-06T11:00:00Z,353.09999999999997,343.3,358.0,358.0
2025-11-06T12:00:00Z,308.93333333333334,299.8,313.0,314.0
2025-11-06T13:00:00Z,224.6,216.8,229.0,228.0
2025-11-06T14:00:00Z,112.66666666666667,107.0,118.0,113.0
2025-11-06T15:00:00Z,14.933333333333332,14.8,17.0,13.0
2025-11-06T16:00:00Z,0.0,0.0,0.0,0.0
2025-11-06T17:00:00Z,0.0,0.0,0.0,0.0
2025-11-06T18:00:00Z,0.0,0.0,0.0,0.0
2025-11-06T19:00:00Z,0.0,0.0,0.0,0.0
2025-11-06T20:00:00Z,0.0,0.0,0.0,0.0
2025-11-06T21:00:00Z,0.0,0.0,0.0,0.0
2025-11-06T22:00:00Z,0.0,0.0,0.0,0.0
2025-11-06T23:00:00Z,0.0,0.0,0.0,0.0
2025-11-07T00:00:00Z,0.0,0.0,0.0,0.0
2025-11-07T01:00:00Z,0.0,0.0,0.0,0.0
2025-11-07T02:00:00Z,0.0,0.0,0.0,0.0
2025-11-07T03:00:00Z,0.0,0.0,0.0,0.0
2025-11-07T04:00:00Z,0.0,0.0,0.0,0.0
2025-11-07T05:00:00Z,0.0,0.0,0.0,0.0
2025-11-07T06:00:00Z,4.1000000000000005,2.3,3.0,7.0
2025-11-07T07:00:00Z,47.833333333333336,25.5,26.0,92.0
2025-11-07T08:00:00Z,104.60000000000001,56.8,50.0,207.0
2025-11-07T09:00:00Z,150.0,85.0,68.0,297.0
2025-11-07T10:00:00Z,194.5,158.5,79.0,346.0
2025-11-07T11:00:00Z,184.6,169.8,84.0,300.0
2025-11-07T12:00:00Z,139.83333333333334,121.5,81.0,217.0
2025-11-07T13:00:00Z,101.10000000000001,86.3,62.0,155.0
2025-11-07T14:00:00Z,38.1,36.3,31.0,47.0
2025-11-07T15:00:00Z,4.1000000000000005,5.3,4.0,3.0
2025-11-07T16:00:00Z,0.0,0.0,0.0,0.0
2025-11-07T17:00:00Z,0.0,0.0,0.0,0.0
2025-11-07T18:00:00Z,0.0,0.0,0.0,0.0
2025-11-07T19:00:00Z,0.0,0.0,0.0,0.0
2025-11-07T20:00:00Z,0.0,0.0,0.0,0.0
2025-11-07T21:00:00Z,0.0,0.0,0.0,0.0
2025-11-07T22:00:00Z,0.0,0.0,0.0,0.0
2025-11-07T23:00:00Z,0.0,0.0,0.0,0.0
2025-11-08T00:00:00Z,0.0,0.0,0.0,0.0
2025-11-08T01:00:00Z,0.0,0.0,0.0,0.0
2025-11-08T02:00:00Z,0.0,0.0,0.0,0.0
2025-11-08T03:00:00Z,0.0,0.0,0.0,0.0
2025-11-08T04:00:00Z,0.0,0.0,0.0,0.0
2025-11-08T05:00:00Z,0.0,0.0,0.0,0.0
2025-11-08T06:00:00Z,1.5,2.5,1.0,1.0
2025-11-08T07:00:00Z,11.6,13.8,13.0,8.0
2025-11-08T08:00:00Z,29.0,33.0,33.0,21.0
2025-11-08T09:00:00Z,47.666666666666664,53.0,60.0,30.0
2025-11-08T10:00:00Z,54.93333333333334,49.8,79.0,36.0
2025-11-08T11:00:00Z,68.26666666666667,78.8,81.0,45.0
2025-11-08T12:00:00Z,51.5,51.5,69.0,34.0
2025-11-08T13:00:00Z,28.0,31.0,46.0,7.0
2025-11-08T14:00:00Z,11.333333333333334,13.0,18.0,3.0
2025-11-08T15:00:00Z,1.0999999999999999,1.3,1.0,1.0
2025-11-08T16:00:00Z,0.0,0.0,0.0,0.0
2025-11-08T17:00:00Z,0.0,0.0,0.0,0.0
2025-11-08T18:00:00Z,0.0,0.0,0.0,0.0
2025-11-08T19:00:00Z,0.0,0.0,0.0,0.0
2025-11-08T20:00:00Z,0.0,0.0,0.0,0.0
2025-11-08T21:00:00Z,0.0,0.0,0.0,0.0
2025-11-08T22:00:00Z,0.0,0.0,0.0,0.0
2025-11-08T23:00:00Z,0.0,0.0,0.0,0.0
2025-11-09T00:00:00Z,0.0,0.0,0.0,0.0
2025-11-09T01:00:00Z,0.0,0.0,0.0,0.0
2025-11-09T02:00:00Z,0.0,0.0,0.0,0.0
2025-11-09T03:00:00Z,0.0,0.0,0.0,0.0
2025-11-09T04:00:00Z,0.0,0.0,0.0,0.0
2025-11-09T05:00:00Z,0.0,0.0,0.0,0.0
2025-11-09T06:00:00Z,4.0,5.0,3.0,4.0
2025-11-09T07:00:00Z,54.43333333333334,54.3,32.0,77.0
2025-11-09T08:00:00Z,116.16666666666667,98.5,66.0,184.0
2025-11-09T09:00:00Z,171.1,142.3,99.0,272.0
2025-11-09T10:00:00Z,187.26666666666665,119.8,121.0,321.0
2025-11-09T11:00:00Z,184.16666666666666,122.5,126.0,304.0
2025-11-09T12:00:00Z,177.9333333333333,147.8,114.0,272.0
2025-11-09T13:00:00Z,112.76666666666667,82.3,87.0,169.0
2025-11-09T14:00:00Z,59.0,47.0,47.0,83.0
2025-11-09T15:00:00Z,6.333333333333333,9.0,6.0,4.0
2025-11-09T16:00:00Z,0.0,0.0,0.0,0.0
2025-11-09T17:00:00Z,0.0,0.0,0.0,0.0
2025-11-09T18:00:00Z,0.0,0.0,0.0,0.0
2025-11-09T19:00:00Z,0.0,0.0,0.0,0.0
2025-11-09T20:00:00Z,0.0,0.0,0.0,0.0
2025-11-09T21:00:00Z,0.0,0.0,0.0,0.0
2025-11-09T22:00:00Z,0.0,0.0,0.0,0.0
2025-11-09T23:00:00Z,0.0,0.0,0.0,0.0
2025-11-10T00:00:00Z,0.0,0.0,0.0,0.0
2025-11-10T01:00:00Z,0.0,0.0,0.0,0.0
2025-11-10T02:00:00Z,0.0,0.0,0.0,0.0
2025-11-10T03:00:00Z,0.0,0.0,0.0,0.0
2025-11-10T04:00:00Z,0.0,0.0,0.0,0.0
2025-11-10T05:00:00Z,0.0,0.0,0.0,0.0
2025-11-10T06:00:00Z,3.6666666666666665,4.0,3.0,4.0
2025-11-10T07:00:00Z,53.6,53.8,33.0,74.0
2025-11-10T08:00:00Z,120.93333333333334,122.8,68.0,172.0
2025-11-10T09:00:00Z,181.76666666666665,175.3,102.0,268.0
2025-11-10T10:00:00Z,197.4333333333333,213.3,126.0,253.0
2025-11-10T11:00:00Z,198.1,188.3,135.0,271.0
2025-11-10T12:00:00Z,151.83333333333334,133.5,128.0,194.0
2025-11-10T13:00:00Z,121.33333333333333,111.0,104.0,149.0
2025-11-10T14:00:00Z,69.83333333333333,63.5,61.0,85.0
2025-11-10T15:00:00Z,8.5,8.5,9.0,8.0
2025-11-10T16:00:00Z,0.0,0.0,0.0,0.0
2025-11-10T17:00:00Z,0.0,0.0,0.0,0.0
2025-11-10T18:00:00Z,0.0,0.0,0.0,0.0
2025-11-10T19:00:00Z,0.0,0.0,0.0,0.0
2025-11-10T20:00:00Z,0.0,0.0,0.0,0.0
2025-11-10T21:00:00Z,0.0,0.0,0.0,0.0
2025-11-10T22:00:00Z,0.0,0.0,0.0,0.0
2025-11-10T23:00:00Z,0.0,0.0,0.0,0.0
2025-11-11T00:00:00Z,0.0,0.0,0.0,0.0
2025-11-11T01:00:00Z,0.0,0.0,0.0,0.0
2025-11-11T02:00:00Z,0.0,0.0,0.0,0.0
2025-11-11T03:00:00Z,0.0,0.0,0.0,0.0
2025-11-11T04:00:00Z,0.0,0.0,0.0,0.0
2025-11-11T05:00:00Z,0.0,0.0,0.0,0.0
2025-11-11T06:00:00Z,4.5,4.5,6.0,3.0
2025-11-11T07:00:00Z,71.93333333333334,68.8,83.0,64.0
2025-11-11T08:00:00Z,171.0,164.0,176.0,173.0
2025-11-11T09:00:00Z,243.16666666666666,239.5,256.0,234.0
2025-11-11T10:00:00Z,298.76666666666665,283.3,302.0,311.0
2025-11-11T11:00:00Z,297.26666666666665,300.8,296.0,295.0
2025-11-11T12:00:00Z,258.3333333333333,258.0,247.0,270.0
2025-11-11T13:00:00Z,183.9333333333333,183.8,174.0,194.0
2025-11-11T14:00:00Z,83.16666666666667,83.5,87.0,79.0
2025-11-11T15:00:00Z,8.6,8.8,10.0,7.0
2025-11-11T16:00:00Z,0.0,0.0,0.0,0.0
2025-11-11T17:00:00Z,0.0,0.0,0.0,0.0
2025-11-11T18:00:00Z,0.0,0.0,0.0,0.0
2025-11-11T19:00:00Z,0.0,0.0,0.0,0.0
2025-11-11T20:00:00Z,0.0,0.0,0.0,0.0
2025-11-11T21:00:00Z,0.0,0.0,0.0,0.0
2025-11-11T22:00:00Z,0.0,0.0,0.0,0.0
2025-11-11T23:00:00Z,0.0,0.0,0.0,0.0
2025-11-12T00:00:00Z,0.0,0.0,0.0,0.0
2025-11-12T01:00:00Z,0.0,0.0,0.0,0.0
2025-11-12T02:00:00Z,0.0,0.0,0.0,0.0
2025-11-12T03:00:00Z,0.0,0.0,0.0,0.0
2025-11-12T04:00:00Z,0.0,0.0,0.0,0.0
2025-11-12T05:00:00Z,0.0,0.0,0.0,0.0
2025-11-12T06:00:00Z,4.0,4.0,5.0,3.0
2025-11-12T07:00:00Z,68.66666666666667,68.0,83.0,55.0
2025-11-12T08:00:00Z,157.1,166.3,175.0,130.0
2025-11-12T09:00:00Z,247.4333333333333,234.3,254.0,254.0
2025-11-12T10:00:00Z,300.1666666666667,296.5,299.0,305.0
2025-11-12T11:00:00Z,299.43333333333334,302.3,298.0,298.0
2025-11-12T12:00:00Z,262.43333333333334,263.3,256.0,268.0
2025-11-12T13:00:00Z,183.4333333333333,182.3,179.0,189.0
2025-11-12T14:00:00Z,80.0,84.0,83.0,73.0
2025-11-12T15:00:00Z,7.0,8.0,7.0,6.0
2025-11-12T16:00:00Z,0.0,0.0,0.0,0.0
2025-11-12T17:00:00Z,0.0,0.0,0.0,0.0
2025-11-12T18:00:00Z,0.0,0.0,0.0,0.0
2025-11-12T19:00:00Z,0.0,0.0,0.0,0.0
2025-11-12T20:00:00Z,0.0,0.0,0.0,0.0
2025-11-12T21:00:00Z,0.0,0.0,0.0,0.0
2025-11-12T22:00:00Z,0.0,0.0,0.0,0.0
2025-11-12T23:00:00Z,0.0,0.0,0.0,0.0
2025-11-13T00:00:00Z,0.0,0.0,0.0,0.0
2025-11-13T01:00:00Z,0.0,0.0,0.0,0.0
2025-11-13T02:00:00Z,0.0,0.0,0.0,0.0
2025-11-13T03:00:00Z,0.0,0.0,0.0,0.0
2025-11-13T04:00:00Z,0.0,0.0,0.0,0.0
2025-11-13T05:00:00Z,0.0,0.0,0.0,0.0
2025-11-13T06:00:00Z,1.5,2.5,1.0,1.0
2025-11-13T07:00:00Z,38.6,49.8,28.0,38.0
2025-11-13T08:00:00Z,97.16666666666667,120.5,80.0,91.0
2025-11-13T09:00:00Z,140.5,165.5,151.0,105.0
2025-11-13T10:00:00Z,174.5,181.5,208.0,134.0
2025-11-13T11:00:00Z,188.1,171.3,221.0,172.0
2025-11-13T12:00:00Z,163.43333333333334,128.3,195.0,167.0
2025-11-13T13:00:00Z,107.16666666666667,83.5,142.0,96.0
2025-11-13T14:00:00Z,55.43333333333334,44.3,70.0,52.0
2025-11-13T15:00:00Z,5.833333333333333,5.5,7.0,5.0
2025-11-13T16:00:00Z,0.0,0.0,0.0,0.0
2025-11-13T17:00:00Z,0.0,0.0,0.0,0.0
2025-11-13T18:00:00Z,0.0,0.0,0.0,0.0
2025-11-13T19:00:00Z,0.0,0.0,0.0,0.0
2025-11-13T20:00:00Z,0.0,0.0,0.0,0.0
2025-11-13T21:00:00Z,0.0,0.0,0.0,0.0
2025-11-13T22:00:00Z,0.0,0.0,0.0,0.0
2025-11-13T23:00:00Z,0.0,0.0,0.0,0.0
2025-11-14T00:00:00Z,0.0,0.0,0.0,0.0
2025-11-14T01:00:00Z,0.0,0.0,0.0,0.0
2025-11-14T02:00:00Z,0.0,0.0,0.0,0.0
2025-11-14T03:00:00Z,0.0,0.0,0.0,0.0
2025-11-14T04:00:00Z,0.0,0.0,0.0,0.0
2025-11-14T05:00:00Z,0.0,0.0,0.0,0.0
2025-11-14T06:00:00Z,0.7666666666666666,0.3,2.0,0.0
2025-11-14T07:00:00Z,13.933333333333332,5.8,34.0,2.0
2025-11-14T08:00:00Z,37.5,17.5,77.0,18.0
2025-11-14T09:00:00Z,108.83333333333333,44.5,115.0,167.0
2025-11-14T10:00:00Z,146.66666666666666,88.0,145.0,207.0
2025-11-14T11:00:00Z,115.83333333333333,70.5,171.0,106.0
2025-11-14T12:00:00Z,103.0,82.0,176.0,51.0
2025-11-14T13:00:00Z,68.26666666666667,54.8,131.0,19.0
2025-11-14T14:00:00Z,25.833333333333332,23.5,50.0,4.0
2025-11-14T15:00:00Z,1.7666666666666666,3.3,2.0,0.0
2025-11-14T16:00:00Z,0.0,0.0,0.0,0.0
2025-11-14T17:00:00Z,0.0,0.0,0.0,0.0
2025-11-14T18:00:00Z,0.0,0.0,0.0,0.0
2025-11-14T19:00:00Z,0.0,0.0,0.0,0.0
2025-11-14T20:00:00Z,0.0,0.0,0.0,0.0
2025-11-14T21:00:00Z,0.0,0.0,0.0,0.0
2025-11-14T22:00:00Z,0.0,0.0,0.0,0.0
2025-11-14T23:00:00Z,0.0,0.0,0.0,0.0
2025-11-15T00:00:00Z,0.0,0.0,0.0,0.0
2025-11-15T01:00:00Z,0.0,0.0,0.0,0.0
2025-11-15T02:00:00Z,0.0,0.0,0.0,0.0
2025-11-15T03:00:00Z,0.0,0.0,0.0,0.0
2025-11-15T04:00:00Z,0.0,0.0,0.0,0.0
2025-11-15T05:00:00Z,0.0,0.0,0.0,0.0
2025-11-15T06:00:00Z,0.7666666666666666,0.3,1.0,1.0
2025-11-15T07:00:00Z,14.5,7.5,23.0,13.0
2025-11-15T08:00:00Z,35.166666666666664,22.5,48.0,35.0
2025-11-15T09:00:00Z,53.666666666666664,60.0,63.0,38.0
2025-11-15T10:00:00Z,56.1,83.3,69.0,16.0
2025-11-15T11:00:00Z,50.26666666666667,57.8,63.0,30.0
2025-11-15T12:00:00Z,28.933333333333334,18.8,49.0,19.0
2025-11-15T13:00:00Z,20.599999999999998,10.8,33.0,18.0
2025-11-15T14:00:00Z,8.6,4.8,16.0,5.0
2025-11-15T15:00:00Z,0.43333333333333335,0.3,1.0,0.0
2025-11-15T16:00:00Z,0.0,0.0,0.0,0.0
2025-11-15T17:00:00Z,0.0,0.0,0.0,0.0
2025-11-15T18:00:00Z,0.0,0.0,0.0,0.0
2025-11-15T19:00:00Z,0.0,0.0,0.0,0.0
2025-11-15T20:00:00Z,0.0,0.0,0.0,0.0
2025-11-15T21:00:00Z,0.0,0.0,0.0,0.0
2025-11-15T22:00:00Z,0.0,0.0,0.0,0.0
2025-11-15T23:00:00Z,0.0,0.0,0.0,0.0
2025-11-16T00:00:00Z,0.0,0.0,0.0,0.0
2025-11-16T01:00:00Z,0.0,0.0,0.0,0.0
2025-11-16T02:00:00Z,0.0,0.0,0.0,0.0
2025-11-16T03:00:00Z,0.0,0.0,0.0,0.0
2025-11-16T04:00:00Z,0.0,0.0,0.0,0.0
2025-11-16T05:00:00Z,0.0,0.0,0.0,0.0
2025-11-16T06:00:00Z,0.6,0.8,1.0,0.0
2025-11-16T07:00:00Z,22.433333333333334,38.3,25.0,4.0
2025-11-16T08:00:00Z,57.43333333333334,101.3,58.0,13.0
2025-11-16T09:00:00Z,71.26666666666667,82.8,87.0,44.0
2025-11-16T10:00:00Z,77.66666666666667,107.0,114.0,12.0
2025-11-16T11:00:00Z,85.43333333333334,101.3,142.0,13.0
2025-11-16T12:00:00Z,125.10000000000001,111.3,157.0,107.0
2025-11-16T13:00:00Z,113.43333333333334,100.3,134.0,106.0
2025-11-16T14:00:00Z,66.66666666666667,66.0,70.0,64.0
2025-11-16T15:00:00Z,4.833333333333333,5.5,5.0,4.0
2025-11-16T16:00:00Z,0.0,0.0,0.0,0.0
2025-11-16T17:00:00Z,0.0,0.0,0.0,0.0
2025-11-16T18:00:00Z,0.0,0.0,0.0,0.0
2025-11-16T19:00:00Z,0.0,0.0,0.0,0.0
2025-11-16T20:00:00Z,0.0,0.0,0.0,0.0
2025-11-16T21:00:00Z,0.0,0.0,0.0,0.0
2025-11-16T22:00:00Z,0.0,0.0,0.0,0.0
2025-11-16T23:00:00Z,0.0,0.0,0.0,0.0
2025-11-17T00:00:00Z,0.0,0.0,0.0,0.0
2025-11-17T01:00:00Z,0.0,0.0,0.0,0.0
2025-11-17T02:00:00Z,0.0,0.0,0.0,0.0
2025-11-17T03:00:00Z,0.0,0.0,0.0,0.0
2025-11-17T04:00:00Z,0.0,0.0,0.0,0.0
2025-11-17T05:00:00Z,0.0,0.0,0.0,0.0
2025-11-17T06:00:00Z,0.9333333333333332,0.8,1.0,1.0
2025-11-17T07:00:00Z,38.833333333333336,19.5,50.0,47.0
2025-11-17T08:00:00Z,98.33333333333333,62.0,121.0,112.0
2025-11-17T09:00:00Z,150.0,127.0,180.0,143.0
2025-11-17T10:00:00Z,180.76666666666665,153.3,207.0,182.0
2025-11-17T11:00:00Z,167.33333333333334,135.0,177.0,190.0
2025-11-17T12:00:00Z,106.60000000000001,89.8,114.0,116.0
2025-11-17T13:00:00Z,91.10000000000001,87.3,62.0,124.0
2025-11-17T14:00:00Z,42.666666666666664,49.0,28.0,51.0
2025-11-17T15:00:00Z,2.433333333333333,2.3,2.0,3.0
2025-11-17T16:00:00Z,0.0,0.0,0.0,0.0
2025-11-17T17:00:00Z,0.0,0.0,0.0,0.0
2025-11-17T18:00:00Z,0.0,0.0,0.0,0.0
2025-11-17T19:00:00Z,0.0,0.0,0.0,0.0
2025-11-17T20:00:00Z,0.0,0.0,0.0,0.0
2025-11-17T21:00:00Z,0.0,0.0,0.0,0.0
2025-11-17T22:00:00Z,0.0,0.0,0.0,0.0
2025-11-17T23:00:00Z,0.0,0.0,0.0,0.0
2025-11-18T00:00:00Z,0.0,0.0,0.0,0.0
2025-11-18T01:00:00Z,0.0,0.0,0.0,0.0
2025-11-18T02:00:00Z,0.0,0.0,0.0,0.0
2025-11-18T03:00:00Z,0.0,0.0,0.0,0.0
2025-11-18T04:00:00Z,0.0,0.0,0.0,0.0
2025-11-18T05:00:00Z,0.0,0.0,0.0,0.0
2025-11-18T06:00:00Z,0.16666666666666666,0.5,0.0,0.0
2025-11-18T07:00:00Z,23.166666666666668,24.5,21.0,24.0
2025-11-18T08:00:00Z,61.6,57.8,47.0,80.0
2025-11-18T09:00:00Z,86.0,79.0,66.0,113.0
2025-11-18T10:00:00Z,124.5,96.5,76.0,201.0
2025-11-18T11:00:00Z,97.16666666666667,121.5,80.0,90.0
2025-11-18T12:00:00Z,118.5,128.5,75.0,152.0
2025-11-18T13:00:00Z,66.66666666666667,71.0,58.0,71.0
2025-11-18T14:00:00Z,31.433333333333334,22.3,29.0,43.0
2025-11-18T15:00:00Z,1.4333333333333333,1.3,2.0,1.0
2025-11-18T16:00:00Z,0.0,0.0,0.0,0.0
2025-11-18T17:00:00Z,0.0,0.0,0.0,0.0
2025-11-18T18:00:00Z,0.0,0.0,0.0,0.0
2025-11-18T19:00:00Z,0.0,0.0,0.0,0.0
2025-11-18T20:00:00Z,0.0,0.0,0.0,0.0
2025-11-18T21:00:00Z,0.0,0.0,0.0,0.0
2025-11-18T22:00:00Z,0.0,0.0,0.0,0.0
2025-11-18T23:00:00Z,0.0,0.0,0.0,0.0
2025-11-19T00:00:00Z,0.0,0.0,0.0,0.0
2025-11-19T01:00:00Z,0.0,0.0,0.0,0.0
2025-11-19T02:00:00Z,0.0,0.0,0.0,0.0
2025-11-19T03:00:00Z,0.0,0.0,0.0,0.0
2025-11-19T04:00:00Z,0.0,0.0,0.0,0.0
2025-11-19T05:00:00Z,0.0,0.0,0.0,0.0
2025-11-19T06:00:00Z,0.09999999999999999,0.3,0.0,0.0
2025-11-19T07:00:00Z,13.433333333333332,14.3,17.0,9.0
2025-11-19T08:00:00Z,63.93333333333334,73.8,54.0,64.0
2025-11-19T09:00:00Z,109.93333333333334,142.8,104.0,83.0
2025-11-19T10:00:00Z,223.76666666666665,230.3,154.0,287.0
2025-11-19T11:00:00Z,255.33333333333334,276.0,191.0,299.0
2025-11-19T12:00:00Z,226.6,216.8,203.0,260.0
2025-11-19T13:00:00Z,170.9333333333333,168.8,167.0,177.0
2025-11-19T14:00:00Z,75.33333333333333,73.0,84.0,69.0
2025-11-19T15:00:00Z,3.6,3.8,5.0,2.0
2025-11-19T16:00:00Z,0.0,0.0,0.0,0.0
2025-11-19T17:00:00Z,0.0,0.0,0.0,0.0
2025-11-19T18:00:00Z,0.0,0.0,0.0,0.0
2025-11-19T19:00:00Z,0.0,0.0,0.0,0.0
2025-11-19T20:00:00Z,0.0,0.0,0.0,0.0
2025-11-19T21:00:00Z,0.0,0.0,0.0,0.0
2025-11-19T22:00:00Z,0.0,0.0,0.0,0.0
2025-11-19T23:00:00Z,0.0,0.0,0.0,0.0
2025-11-20T00:00:00Z,0.0,0.0,0.0,0.0
2025-11-20T01:00:00Z,0.0,0.0,0.0,0.0
2025-11-20T02:00:00Z,0.0,0.0,0.0,0.0
2025-11-20T03:00:00Z,0.0,0.0,0.0,0.0
2025-11-20T04:00:00Z,0.0,0.0,0.0,0.0
2025-11-20T05:00:00Z,0.0,0.0,0.0,0.0
2025-11-20T06:00:00Z,0.16666666666666666,0.5,0.0,0.0
2025-11-20T07:00:00Z,52.0,52.0,58.0,46.0
2025-11-20T08:00:00Z,154.76666666666668,156.3,154.0,154.0
2025-11-20T09:00:00Z,240.26666666666665,235.8,241.0,244.0
2025-11-20T10:00:00Z,292.76666666666665,286.3,296.0,296.0
2025-11-20T11:00:00Z,297.5,297.5,296.0,299.0
2025-11-20T12:00:00Z,255.9333333333333,258.8,251.0,258.0
2025-11-20T13:00:00Z,177.33333333333334,177.0,179.0,176.0
2025-11-20T14:00:00Z,75.26666666666667,70.8,86.0,69.0
2025-11-20T15:00:00Z,3.1,3.3,4.0,2.0
2025-11-20T16:00:00Z,0.0,0.0,0.0,0.0
2025-11-20T17:00:00Z,0.0,0.0,0.0,0.0
2025-11-20T18:00:00Z,0.0,0.0,0.0,0.0
2025-11-20T19:00:00Z,0.0,0.0,0.0,0.0
2025-11-20T20:00:00Z,0.0,0.0,0.0,0.0
2025-11-20T21:00:00Z,0.0,0.0,0.0,0.0
2025-11-20T22:00:00Z,0.0,0.0,0.0,0.0
2025-11-20T23:00:00Z,0.0,0.0,0.0,0.0
2025-11-21T00:00:00Z,0.0,0.0,0.0,0.0
2025-11-21T01:00:00Z,0.0,0.0,0.0,0.0
2025-11-21T02:00:00Z,0.0,0.0,0.0,0.0
2025-11-21T03:00:00Z,0.0,0.0,0.0,0.0
2025-11-21T04:00:00Z,0.0,0.0,0.0,0.0
2025-11-21T05:00:00Z,0.0,0.0,0.0,0.0
2025-11-21T06:00:00Z,0.09999999999999999,0.3,0.0,0.0
2025-11-21T07:00:00Z,48.6,46.8,57.0,42.0
2025-11-21T08:00:00Z,147.93333333333334,145.8,152.0,146.0
2025-11-21T09:00:00Z,232.33333333333334,231.0,234.0,232.0
2025-11-21T10:00:00Z,280.43333333333334,277.3,283.0,281.0
2025-11-21T11:00:00Z,281.3333333333333,284.0,283.0,277.0
2025-11-21T12:00:00Z,223.4333333333333,243.3,240.0,187.0
2025-11-21T13:00:00Z,153.26666666666668,160.8,170.0,129.0
2025-11-21T14:00:00Z,66.5,64.5,81.0,54.0
2025-11-21T15:00:00Z,2.9333333333333336,2.8,4.0,2.0
2025-11-21T16:00:00Z,0.0,0.0,0.0,0.0
2025-11-21T17:00:00Z,0.0,0.0,0.0,0.0
2025-11-21T18:00:00Z,0.0,0.0,0.0,0.0
2025-11-21T19:00:00Z,0.0,0.0,0.0,0.0
2025-11-21T20:00:00Z,0.0,0.0,0.0,0.0
2025-11-21T21:00:00Z,0.0,0.0,0.0,0.0
2025-11-21T22:00:00Z,0.0,0.0,0.0,0.0
2025-11-21T23:00:00Z,0.0,0.0,0.0,0.0
2025-11-22T00:00:00Z,0.0,0.0,0.0,0.0
2025-11-22T01:00:00Z,0.0,0.0,0.0,0.0
2025-11-22T02:00:00Z,0.0,0.0,0.0,0.0
2025-11-22T03:00:00Z,0.0,0.0,0.0,0.0
2025-11-22T04:00:00Z,0.0,0.0,0.0,0.0
2025-11-22T05:00:00Z,0.0,0.0,0.0,0.0
2025-11-22T06:00:00Z,0.0,0.0,0.0,0.0
2025-11-22T07:00:00Z,45.43333333333334,43.3,51.0,42.0
2025-11-22T08:00:00Z,144.16666666666666,139.5,143.0,150.0
2025-11-22T09:00:00Z,228.33333333333334,222.0,224.0,239.0
2025-11-22T10:00:00Z,277.43333333333334,270.3,272.0,290.0
2025-11-22T11:00:00Z,252.1,272.3,268.0,216.0
2025-11-22T12:00:00Z,226.83333333333334,222.5,222.0,236.0
2025-11-22T13:00:00Z,132.26666666666668,129.8,154.0,113.0
2025-11-22T14:00:00Z,56.0,45.0,72.0,51.0
2025-11-22T15:00:00Z,2.1,2.3,3.0,1.0
2025-11-22T16:00:00Z,0.0,0.0,0.0,0.0
2025-11-22T17:00:00Z,0.0,0.0,0.0,0.0
2025-11-22T18:00:00Z,0.0,0.0,0.0,0.0
2025-11-22T19:00:00Z,0.0,0.0,0.0,0.0
2025-11-22T20:00:00Z,0.0,0.0,0.0,0.0
2025-11-22T21:00:00Z,0.0,0.0,0.0,0.0
2025-11-22T22:00:00Z,0.0,0.0,0.0,0.0
2025-11-22T23:00:00Z,0.0,0.0,0.0,0.0
2025-11-23T00:00:00Z,0.0,0.0,0.0,0.0
2025-11-23T01:00:00Z,0.0,0.0,0.0,0.0
2025-11-23T02:00:00Z,0.0,0.0,0.0,0.0
2025-11-23T03:00:00Z,0.0,0.0,0.0,0.0
2025-11-23T04:00:00Z,0.0,0.0,0.0,0.0
2025-11-23T05:00:00Z,0.0,0.0,0.0,0.0
2025-11-23T06:00:00Z,0.0,0.0,0.0,0.0
2025-11-23T07:00:00Z,17.599999999999998,25.8,15.0,12.0
2025-11-23T08:00:00Z,59.26666666666667,90.8,47.0,40.0
2025-11-23T09:00:00Z,94.83333333333333,140.5,79.0,65.0
2025-11-23T10:00:00Z,149.5,152.5,99.0,197.0
2025-11-23T11:00:00Z,149.6,123.8,98.0,227.0
2025-11-23T12:00:00Z,84.26666666666667,95.8,80.0,77.0
2025-11-23T13:00:00Z,57.5,80.5,55.0,37.0
2025-11-23T14:00:00Z,30.599999999999998,28.8,25.0,38.0
2025-11-23T15:00:00Z,0.9333333333333332,1.8,1.0,0.0
2025-11-23T16:00:00Z,0.0,0.0,0.0,0.0
2025-11-23T17:00:00Z,0.0,0.0,0.0,0.0
2025-11-23T18:00:00Z,0.0,0.0,0.0,0.0
2025-11-23T19:00:00Z,0.0,0.0,0.0,0.0
2025-11-23T20:00:00Z,0.0,0.0,0.0,0.0
2025-11-23T21:00:00Z,0.0,0.0,0.0,0.0
2025-11-23T22:00:00Z,0.0,0.0,0.0,0.0
2025-11-23T23:00:00Z,0.0,0.0,0.0,0.0
2025-11-24T00:00:00Z,0.0,0.0,0.0,0.0
2025-11-24T01:00:00Z,0.0,0.0,0.0,0.0
2025-11-24T02:00:00Z,0.0,0.0,0.0,0.0
2025-11-24T03:00:00Z,0.0,0.0,0.0,0.0
2025-11-24T04:00:00Z,0.0,0.0,0.0,0.0
2025-11-24T05:00:00Z,0.0,0.0,0.0,0.0
2025-11-24T06:00:00Z,0.0,0.0,0.0,0.0
2025-11-24T07:00:00Z,17.0,26.0,17.0,8.0
2025-11-24T08:00:00Z,48.6,78.8,50.0,17.0
2025-11-24T09:00:00Z,67.93333333333334,102.8,77.0,24.0
2025-11-24T10:00:00Z,82.10000000000001,116.3,91.0,39.0
2025-11-24T11:00:00Z,83.76666666666667,92.3,87.0,72.0
2025-11-24T12:00:00Z,63.666666666666664,81.0,68.0,42.0
2025-11-24T13:00:00Z,48.333333333333336,72.0,46.0,27.0
2025-11-24T14:00:00Z,21.666666666666668,30.0,20.0,15.0
2025-11-24T15:00:00Z,0.6666666666666666,1.0,1.0,0.0
2025-11-24T16:00:00Z,0.0,0.0,0.0,0.0
2025-11-24T17:00:00Z,0.0,0.0,0.0,0.0
2025-11-24T18:00:00Z,0.0,0.0,0.0,0.0
2025-11-24T19:00:00Z,0.0,0.0,0.0,0.0
2025-11-24T20:00:00Z,0.0,0.0,0.0,0.0
2025-11-24T21:00:00Z,0.0,0.0,0.0,0.0
2025-11-24T22:00:00Z,0.0,0.0,0.0,0.0
2025-11-24T23:00:00Z,0.0,0.0,0.0,0.0
2025-11-25T00:00:00Z,0.0,0.0,0.0,0.0
2025-11-25T01:00:00Z,0.0,0.0,0.0,0.0
2025-11-25T02:00:00Z,0.0,0.0,0.0,0.0
2025-11-25T03:00:00Z,0.0,0.0,0.0,0.0
2025-11-25T04:00:00Z,0.0,0.0,0.0,0.0
2025-11-25T05:00:00Z,0.0,0.0,0.0,0.0
2025-11-25T06:00:00Z,0.0,0.0,0.0,0.0
2025-11-25T07:00:00Z,12.666666666666666,14.0,18.0,6.0
2025-11-25T08:00:00Z,51.1,70.3,67.0,16.0
2025-11-25T09:00:00Z,86.93333333333334,113.8,127.0,20.0
2025-11-25T10:00:00Z,133.33333333333334,194.0,176.0,30.0
2025-11-25T11:00:00Z,139.26666666666668,193.8,191.0,33.0
2025-11-25T12:00:00Z,127.43333333333334,147.3,174.0,61.0
2025-11-25T13:00:00Z,90.93333333333334,114.8,128.0,30.0
2025-11-25T14:00:00Z,37.5,43.5,59.0,10.0
2025-11-25T15:00:00Z,1.1666666666666667,1.5,2.0,0.0
2025-11-25T16:00:00Z,0.0,0.0,0.0,0.0
2025-11-25T17:00:00Z,0.0,0.0,0.0,0.0
2025-11-25T18:00:00Z,0.0,0.0,0.0,0.0
2025-11-25T19:00:00Z,0.0,0.0,0.0,0.0
2025-11-25T20:00:00Z,0.0,0.0,0.0,0.0
2025-11-25T21:00:00Z,0.0,0.0,0.0,0.0
2025-11-25T22:00:00Z,0.0,0.0,0.0,0.0
2025-11-25T23:00:00Z,0.0,0.0,0.0,0.0
2025-11-26T00:00:00Z,0.0,0.0,0.0,0.0
2025-11-26T01:00:00Z,0.0,0.0,0.0,0.0
2025-11-26T02:00:00Z,0.0,0.0,0.0,0.0
2025-11-26T03:00:00Z,0.0,0.0,0.0,0.0
2025-11-26T04:00:00Z,0.0,0.0,0.0,0.0
2025-11-26T05:00:00Z,0.0,0.0,0.0,0.0
2025-11-26T06:00:00Z,0.0,0.0,0.0,0.0
2025-11-26T07:00:00Z,28.933333333333334,26.8,35.0,25.0
2025-11-26T08:00:00Z,105.26666666666667,105.8,115.0,95.0
2025-11-26T09:00:00Z,176.76666666666665,188.3,189.0,153.0
2025-11-26T10:00:00Z,218.1,234.3,227.0,193.0
2025-11-26T11:00:00Z,199.33333333333334,218.0,204.0,176.0
2025-11-26T12:00:00Z,147.16666666666666,157.5,142.0,142.0
2025-11-26T13:00:00Z,86.10000000000001,82.3,83.0,93.0
2025-11-26T14:00:00Z,30.933333333333334,24.8,35.0,33.0
2025-11-26T15:00:00Z,0.6,0.8,1.0,0.0
2025-11-26T16:00:00Z,0.0,0.0,0.0,0.0
2025-11-26T17:00:00Z,0.0,0.0,0.0,0.0
2025-11-26T18:00:00Z,0.0,0.0,0.0,0.0
2025-11-26T19:00:00Z,0.0,0.0,0.0,0.0
2025-11-26T20:00:00Z,0.0,0.0,0.0,0.0
2025-11-26T21:00:00Z,0.0,0.0,0.0,0.0
2025-11-26T22:00:00Z,0.0,0.0,0.0,0.0
2025-11-26T23:00:00Z,0.0,0.0,0.0,0.0
2025-11-27T00:00:00Z,0.0,0.0,0.0,0.0
2025-11-27T01:00:00Z,0.0,0.0,0.0,0.0
2025-11-27T02:00:00Z,0.0,0.0,0.0,0.0
2025-11-27T03:00:00Z,0.0,0.0,0.0,0.0
2025-11-27T04:00:00Z,0.0,0.0,0.0,0.0
2025-11-27T05:00:00Z,0.0,0.0,0.0,0.0
2025-11-27T06:00:00Z,0.0,0.0,0.0,0.0
2025-11-27T07:00:00Z,14.0,15.0,13.0,14.0
2025-11-27T08:00:00Z,39.833333333333336,52.5,42.0,25.0
2025-11-27T09:00:00Z,50.93333333333334,60.8,65.0,27.0
2025-11-27T10:00:00Z,60.833333333333336,59.5,79.0,44.0
2025-11-27T11:00:00Z,46.6,45.8,79.0,15.0
2025-11-27T12:00:00Z,35.766666666666666,31.3,68.0,8.0
2025-11-27T13:00:00Z,29.266666666666666,21.8,48.0,18.0
2025-11-27T14:00:00Z,10.766666666666666,8.3,21.0,3.0
2025-11-27T15:00:00Z,0.16666666666666666,0.5,0.0,0.0
2025-11-27T16:00:00Z,0.0,0.0,0.0,0.0
2025-11-27T17:00:00Z,0.0,0.0,0.0,0.0
2025-11-27T18:00:00Z,0.0,0.0,0.0,0.0
2025-11-27T19:00:00Z,0.0,0.0,0.0,0.0
2025-11-27T20:00:00Z,0.0,0.0,0.0,0.0
2025-11-27T21:00:00Z,0.0,0.0,0.0,0.0
2025-11-27T22:00:00Z,0.0,0.0,0.0,0.0
2025-11-27T23:00:00Z,0.0,0.0,0.0,0.0
2025-11-28T00:00:00Z,0.0,0.0,0.0,0.0
2025-11-28T01:00:00Z,0.0,0.0,0.0,0.0
2025-11-28T02:00:00Z,0.0,0.0,0.0,0.0
2025-11-28T03:00:00Z,0.0,0.0,0.0,0.0
2025-11-28T04:00:00Z,0.0,0.0,0.0,0.0
2025-11-28T05:00:00Z,0.0,0.0,0.0,0.0
2025-11-28T06:00:00Z,0.0,0.0,0.0,0.0
2025-11-28T07:00:00Z,14.266666666666666,24.8,11.0,7.0
2025-11-28T08:00:00Z,50.166666666666664,79.5,41.0,30.0
2025-11-28T09:00:00Z,67.0,81.0,74.0,46.0
2025-11-28T10:00:00Z,120.26666666666667,163.8,95.0,102.0
2025-11-28T11:00:00Z,113.43333333333334,142.3,89.0,109.0
2025-11-28T12:00:00Z,74.16666666666667,97.5,64.0,61.0
2025-11-28T13:00:00Z,55.833333333333336,84.5,38.0,45.0
2025-11-28T14:00:00Z,24.099999999999998,26.3,16.0,30.0
2025-11-28T15:00:00Z,0.09999999999999999,0.3,0.0,0.0
2025-11-28T16:00:00Z,0.0,0.0,0.0,0.0
2025-11-28T17:00:00Z,0.0,0.0,0.0,0.0
2025-11-28T18:00:00Z,0.0,0.0,0.0,0.0
2025-11-28T19:00:00Z,0.0,0.0,0.0,0.0
2025-11-28T20:00:00Z,0.0,0.0,0.0,0.0
2025-11-28T21:00:00Z,0.0,0.0,0.0,0.0
2025-11-28T22:00:00Z,0.0,0.0,0.0,0.0
2025-11-28T23:00:00Z,0.0,0.0,0.0,0.0
2025-11-29T00:00:00Z,0.0,0.0,0.0,0.0
2025-11-29T01:00:00Z,0.0,0.0,0.0,0.0
2025-11-29T02:00:00Z,0.0,0.0,0.0,0.0
2025-11-29T03:00:00Z,0.0,0.0,0.0,0.0
2025-11-29T04:00:00Z,0.0,0.0,0.0,0.0
2025-11-29T05:00:00Z,0.0,0.0,0.0,0.0
2025-11-29T06:00:00Z,0.0,0.0,0.0,0.0
2025-11-29T07:00:00Z,4.0,6.0,5.0,1.0
2025-11-29T08:00:00Z,14.0,20.0,18.0,4.0
2025-11-29T09:00:00Z,27.266666666666666,38.8,31.0,12.0
2025-11-29T10:00:00Z,42.333333333333336,68.0,52.0,7.0
2025-11-29T11:00:00Z,56.93333333333334,68.8,89.0,13.0
2025-11-29T12:00:00Z,93.0,122.0,119.0,38.0
2025-11-29T13:00:00Z,94.83333333333333,82.5,106.0,96.0
2025-11-29T14:00:00Z,35.766666666666666,31.3,49.0,27.0
2025-11-29T15:00:00Z,0.5,0.5,1.0,0.0
2025-11-29T16:00:00Z,0.0,0.0,0.0,0.0
2025-11-29T17:00:00Z,0.0,0.0,0.0,0.0
2025-11-29T18:00:00Z,0.0,0.0,0.0,0.0
2025-11-29T19:00:00Z,0.0,0.0,0.0,0.0
2025-11-29T20:00:00Z,0.0,0.0,0.0,0.0
2025-11-29T21:00:00Z,0.0,0.0,0.0,0.0
2025-11-29T22:00:00Z,0.0,0.0,0.0,0.0
2025-11-29T23:00:00Z,0.0,0.0,0.0,0.0
2025-11-30T00:00:00Z,0.0,0.0,0.0,0.0
2025-11-30T01:00:00Z,0.0,0.0,0.0,0.0
2025-11-30T02:00:00Z,0.0,0.0,0.0,0.0
2025-11-30T03:00:00Z,0.0,0.0,0.0,0.0
2025-11-30T04:00:00Z,0.0,0.0,0.0,0.0
2025-11-30T05:00:00Z,0.0,0.0,0.0,0.0
2025-11-30T06:00:00Z,0.0,0.0,0.0,0.0
2025-11-30T07:00:00Z,19.333333333333332,24.0,30.0,4.0
2025-11-30T08:00:00Z,81.93333333333334,109.8,113.0,23.0
2025-11-30T09:00:00Z,151.26666666666668,189.8,188.0,76.0
2025-11-30T10:00:00Z,225.26666666666665,230.8,236.0,209.0
2025-11-30T11:00:00Z,245.66666666666666,239.0,241.0,257.0
2025-11-30T12:00:00Z,203.66666666666666,205.0,207.0,199.0
2025-11-30T13:00:00Z,134.6,134.8,146.0,123.0
2025-11-30T14:00:00Z,52.333333333333336,48.0,62.0,47.0
2025-11-30T15:00:00Z,0.6,0.8,1.0,0.0
2025-11-30T16:00:00Z,0.0,0.0,0.0,0.0
2025-11-30T17:00:00Z,0.0,0.0,0.0,0.0
2025-11-30T18:00:00Z,0.0,0.0,0.0,0.0
2025-11-30T19:00:00Z,0.0,0.0,0.0,0.0
2025-11-30T20:00:00Z,0.0,0.0,0.0,0.0
2025-11-30T21:00:00Z,0.0,0.0,0.0,0.0
2025-11-30T22:00:00Z,0.0,0.0,0.0,0.0
2025-11-30T23:00:00Z,0.0,0.0,0.0,0.0
2025-12-01T00:00:00Z,0.0,0.0,0.0,0.0
2025-12-01T01:00:00Z,0.0,0.0,0.0,0.0
2025-12-01T02:00:00Z,0.0,0.0,0.0,0.0
2025-12-01T03:00:00Z,0.0,0.0,0.0,0.0
2025-12-01T04:00:00Z,0.0,0.0,0.0,0.0
2025-12-01T05:00:00Z,0.0,0.0,0.0,0.0
2025-12-01T06:00:00Z,0.0,0.0,0.0,0.0
2025-12-01T07:00:00Z,20.433333333333334,22.3,23.0,16.0
2025-12-01T08:00:00Z,88.43333333333334,102.3,91.0,72.0
2025-12-01T09:00:00Z,151.16666666666666,172.5,156.0,125.0
2025-12-01T10:00:00Z,187.0,218.0,191.0,152.0
2025-12-01T11:00:00Z,173.33333333333334,191.0,172.0,157.0
2025-12-01T12:00:00Z,79.16666666666667,79.5,118.0,40.0
2025-12-01T13:00:00Z,43.6,52.8,67.0,11.0
2025-12-01T14:00:00Z,16.5,19.5,27.0,3.0
2025-12-01T15:00:00Z,0.09999999999999999,0.3,0.0,0.0
2025-12-01T16:00:00Z,0.0,0.0,0.0,0.0
2025-12-01T17:00:00Z,0.0,0.0,0.0,0.0
2025-12-01T18:00:00Z,0.0,0.0,0.0,0.0
2025-12-01T19:00:00Z,0.0,0.0,0.0,0.0
2025-12-01T20:00:00Z,0.0,0.0,0.0,0.0
2025-12-01T21:00:00Z,0.0,0.0,0.0,0.0
2025-12-01T22:00:00Z,0.0,0.0,0.0,0.0
2025-12-01T23:00:00Z,0.0,0.0,0.0,0.0
2025-12-02T00:00:00Z,0.0,0.0,0.0,0.0
2025-12-02T01:00:00Z,0.0,0.0,0.0,0.0
2025-12-02T02:00:00Z,0.0,0.0,0.0,0.0
2025-12-02T03:00:00Z,0.0,0.0,0.0,0.0
2025-12-02T04:00:00Z,0.0,0.0,0.0,0.0
2025-12-02T05:00:00Z,0.0,0.0,0.0,0.0
2025-12-02T06:00:00Z,0.0,0.0,0.0,0.0
2025-12-02T07:00:00Z,15.766666666666666,21.3,24.0,2.0
2025-12-02T08:00:00Z,67.10000000000001,79.3,98.0,24.0
2025-12-02T09:00:00Z,115.16666666666667,57.5,161.0,127.0
2025-12-02T10:00:00Z,152.33333333333334,91.0,190.0,176.0
2025-12-02T11:00:00Z,156.33333333333334,99.0,165.0,205.0
2025-12-02T12:00:00Z,115.66666666666667,119.0,107.0,121.0
2025-12-02T13:00:00Z,53.1,82.3,56.0,21.0
2025-12-02T14:00:00Z,25.833333333333332,33.5,22.0,22.0
2025-12-02T15:00:00Z,0.09999999999999999,0.3,0.0,0.0
2025-12-02T16:00:00Z,0.0,0.0,0.0,0.0
2025-12-02T17:00:00Z,0.0,0.0,0.0,0.0
2025-12-02T18:00:00Z,0.0,0.0,0.0,0.0
2025-12-02T19:00:00Z,0.0,0.0,0.0,0.0
2025-12-02T20:00:00Z,0.0,0.0,0.0,0.0
2025-12-02T21:00:00Z,0.0,0.0,0.0,0.0
2025-12-02T22:00:00Z,0.0,0.0,0.0,0.0
2025-12-02T23:00:00Z,0.0,0.0,0.0,0.0
2025-12-03T00:00:00Z,0.0,0.0,0.0,0.0
2025-12-03T01:00:00Z,0.0,0.0,0.0,0.0
2025-12-03T02:00:00Z,0.0,0.0,0.0,0.0
2025-12-03T03:00:00Z,0.0,0.0,0.0,0.0
2025-12-03T04:00:00Z,0.0,0.0,0.0,0.0
2025-12-03T05:00:00Z,0.0,0.0,0.0,0.0
2025-12-03T06:00:00Z,0.0,0.0,0.0,0.0
2025-12-03T07:00:00Z,10.166666666666666,11.5,9.0,10.0
2025-12-03T08:00:00Z,47.0,51.0,45.0,45.0
2025-12-03T09:00:00Z,82.33333333333333,85.0,89.0,73.0
2025-12-03T10:00:00Z,118.76666666666667,116.3,123.0,117.0
2025-12-03T11:00:00Z,147.6,122.8,127.0,193.0
2025-12-03T12:00:00Z,132.66666666666666,110.0,106.0,182.0
2025-12-03T13:00:00Z,95.60000000000001,82.8,72.0,132.0
2025-12-03T14:00:00Z,32.5,29.5,30.0,38.0
2025-12-03T15:00:00Z,0.09999999999999999,0.3,0.0,0.0
2025-12-03T16:00:00Z,0.0,0.0,0.0,0.0
2025-12-03T17:00:00Z,0.0,0.0,0.0,0.0
2025-12-03T18:00:00Z,0.0,0.0,0.0,0.0
2025-12-03T19:00:00Z,0.0,0.0,0.0,0.0
2025-12-03T20:00:00Z,0.0,0.0,0.0,0.0
2025-12-03T21:00:00Z,0.0,0.0,0.0,0.0
2025-12-03T22:00:00Z,0.0,0.0,0.0,0.0
2025-12-03T23:00:00Z,0.0,0.0,0.0,0.0
2025-12-04T00:00:00Z,0.0,0.0,0.0,0.0
2025-12-04T01:00:00Z,0.0,0.0,0.0,0.0
2025-12-04T02:00:00Z,0.0,0.0,0.0,0.0
2025-12-04T03:00:00Z,0.0,0.0,0.0,0.0
2025-12-04T04:00:00Z,0.0,0.0,0.0,0.0
2025-12-04T05:00:00Z,0.0,0.0,0.0,0.0
2025-12-04T06:00:00Z,0.0,0.0,0.0,0.0
2025-12-04T07:00:00Z,9.933333333333334,11.8,11.0,7.0
2025-12-04T08:00:00Z,50.1,51.3,56.0,43.0
2025-12-04T09:00:00Z,92.66666666666667,79.0,115.0,84.0
2025-12-04T10:00:00Z,128.1,124.3,167.0,93.0
2025-12-04T11:00:00Z,156.93333333333334,155.8,190.0,125.0
2025-12-04T12:00:00Z,139.6,130.8,179.0,109.0
2025-12-04T13:00:00Z,100.60000000000001,82.8,133.0,86.0
2025-12-04T14:00:00Z,36.766666666666666,29.3,56.0,25.0
2025-12-04T15:00:00Z,0.09999999999999999,0.3,0.0,0.0
2025-12-04T16:00:00Z,0.0,0.0,0.0,0.0
2025-12-04T17:00:00Z,0.0,0.0,0.0,0.0
2025-12-04T18:00:00Z,0.0,0.0,0.0,0.0
2025-12-04T19:00:00Z,0.0,0.0,0.0,0.0
2025-12-04T20:00:00Z,0.0,0.0,0.0,0.0
2025-12-04T21:00:00Z,0.0,0.0,0.0,0.0
2025-12-04T22:00:00Z,0.0,0.0,0.0,0.0
2025-12-04T23:00:00Z,0.0,0.0,0.0,0.0
2025-12-05T00:00:00Z,0.0,0.0,0.0,0.0
2025-12-05T01:00:00Z,0.0,0.0,0.0,0.0
2025-12-05T02:00:00Z,0.0,0.0,0.0,0.0
2025-12-05T03:00:00Z,0.0,0.0,0.0,0.0
2025-12-05T04:00:00Z,0.0,0.0,0.0,0.0
2025-12-05T05:00:00Z,0.0,0.0,0.0,0.0
2025-12-05T06:00:00Z,0.0,0.0,0.0,0.0
2025-12-05T07:00:00Z,7.933333333333334,7.8,3.0,13.0
2025-12-05T08:00:00Z,38.766666666666666,36.3,30.0,50.0
2025-12-05T09:00:00Z,64.93333333333334,98.8,81.0,15.0
2025-12-05T10:00:00Z,87.0,77.0,125.0,59.0
2025-12-05T11:00:00Z,85.93333333333334,108.8,130.0,19.0
2025-12-05T12:00:00Z,68.76666666666667,76.3,105.0,25.0
2025-12-05T13:00:00Z,52.0,59.0,69.0,28.0
2025-12-05T14:00:00Z,21.833333333333332,21.5,28.0,16.0
2025-12-05T15:00:00Z,0.09999999999999999,0.3,0.0,0.0
2025-12-05T16:00:00Z,0.0,0.0,0.0,0.0
2025-12-05T17:00:00Z,0.0,0.0,0.0,0.0
2025-12-05T18:00:00Z,0.0,0.0,0.0,0.0
2025-12-05T19:00:00Z,0.0,0.0,0.0,0.0
2025-12-05T20:00:00Z,0.0,0.0,0.0,0.0
2025-12-05T21:00:00Z,0.0,0.0,0.0,0.0
2025-12-05T22:00:00Z,0.0,0.0,0.0,0.0
2025-12-05T23:00:00Z,0.0,0.0,0.0,0.0
2025-12-06T00:00:00Z,0.0,0.0,0.0,0.0
2025-12-06T01:00:00Z,0.0,0.0,0.0,0.0
2025-12-06T02:00:00Z,0.0,0.0,0.0,0.0
2025-12-06T03:00:00Z,0.0,0.0,0.0,0.0
2025-12-06T04:00:00Z,0.0,0.0,0.0,0.0
2025-12-06T05:00:00Z,0.0,0.0,0.0,0.0
2025-12-06T06:00:00Z,0.0,0.0,0.0,0.0
2025-12-06T07:00:00Z,8.5,10.5,9.0,6.0
2025-12-06T08:00:00Z,35.0,49.0,45.0,11.0
2025-12-06T09:00:00Z,70.10000000000001,66.3,83.0,61.0
2025-12-06T10:00:00Z,126.10000000000001,73.3,108.0,197.0
2025-12-06T11:00:00Z,108.26666666666667,65.8,107.0,152.0
2025-12-06T12:00:00Z,99.66666666666667,72.0,86.0,141.0
2025-12-06T13:00:00Z,53.1,43.3,57.0,59.0
2025-12-06T14:00:00Z,22.433333333333334,17.3,23.0,27.0
2025-12-06T15:00:00Z,0.09999999999999999,0.3,0.0,0.0
2025-12-06T16:00:00Z,0.0,0.0,0.0,0.0
2025-12-06T17:00:00Z,0.0,0.0,0.0,0.0
2025-12-06T18:00:00Z,0.0,0.0,0.0,0.0
2025-12-06T19:00:00Z,0.0,0.0,0.0,0.0
2025-12-06T20:00:00Z,0.0,0.0,0.0,0.0
2025-12-06T21:00:00Z,0.0,0.0,0.0,0.0
2025-12-06T22:00:00Z,0.0,0.0,0.0,0.0
2025-12-06T23:00:00Z,0.0,0.0,0.0,0.0
2025-12-07T00:00:00Z,0.0,0.0,0.0,0.0
2025-12-07T01:00:00Z,0.0,0.0,0.0,0.0
2025-12-07T02:00:00Z,0.0,0.0,0.0,0.0
2025-12-07T03:00:00Z,0.0,0.0,0.0,0.0
2025-12-07T04:00:00Z,0.0,0.0,0.0,0.0
2025-12-07T05:00:00Z,0.0,0.0,0.0,0.0
2025-12-07T06:00:00Z,0.0,0.0,0.0,0.0
2025-12-07T07:00:00Z,15.5,14.5,20.0,12.0
2025-12-07T08:00:00Z,86.5,77.5,92.0,90.0
2025-12-07T09:00:00Z,148.93333333333334,150.8,144.0,152.0
2025-12-07T10:00:00Z,162.5,205.5,163.0,119.0
2025-12-07T11:00:00Z,160.93333333333334,193.8,141.0,148.0
2025-12-07T12:00:00Z,77.5,114.5,94.0,24.0
2025-12-07T13:00:00Z,37.5,51.5,51.0,10.0
2025-12-07T14:00:00Z,13.266666666666666,15.8,19.0,5.0
2025-12-07T15:00:00Z,0.09999999999999999,0.3,0.0,0.0
2025-12-07T16:00:00Z,0.0,0.0,0.0,0.0
2025-12-07T17:00:00Z,0.0,0.0,0.0,0.0
2025-12-07T18:00:00Z,0.0,0.0,0.0,0.0
2025-12-07T19:00:00Z,0.0,0.0,0.0,0.0
2025-12-07T20:00:00Z,0.0,0.0,0.0,0.0
2025-12-07T21:00:00Z,0.0,0.0,0.0,0.0
2025-12-07T22:00:00Z,0.0,0.0,0.0,0.0
2025-12-07T23:00:00Z,0.0,0.0,0.0,0.0
2025-12-08T00:00:00Z,0.0,0.0,0.0,0.0
2025-12-08T01:00:00Z,0.0,0.0,0.0,0.0
2025-12-08T02:00:00Z,0.0,0.0,0.0,0.0
2025-12-08T03:00:00Z,0.0,0.0,0.0,0.0
2025-12-08T04:00:00Z,0.0,0.0,0.0,0.0
2025-12-08T05:00:00Z,0.0,0.0,0.0,0.0
2025-12-08T06:00:00Z,0.0,0.0,0.0,0.0
2025-12-08T07:00:00Z,10.766666666666666,10.3,12.0,10.0
2025-12-08T08:00:00Z,55.833333333333336,47.5,68.0,52.0
2025-12-08T09:00:00Z,118.16666666666667,88.5,128.0,138.0
2025-12-08T10:00:00Z,152.66666666666666,112.0,165.0,181.0
2025-12-08T11:00:00Z,118.66666666666667,100.0,154.0,102.0
2025-12-08T12:00:00Z,103.10000000000001,87.3,109.0,113.0
2025-12-08T13:00:00Z,59.76666666666667,57.3,64.0,58.0
2025-12-08T14:00:00Z,23.766666666666666,18.3,25.0,28.0
2025-12-08T15:00:00Z,0.0,0.0,0.0,0.0
2025-12-08T16:00:00Z,0.0,0.0,0.0,0.0
2025-12-08T17:00:00Z,0.0,0.0,0.0,0.0
2025-12-08T18:00:00Z,0.0,0.0,0.0,0.0
2025-12-08T19:00:00Z,0.0,0.0,0.0,0.0
2025-12-08T20:00:00Z,0.0,0.0,0.0,0.0
2025-12-08T21:00:00Z,0.0,0.0,0.0,0.0
2025-12-08T22:00:00Z,0.0,0.0,0.0,0.0
2025-12-08T23:00:00Z,0.0,0.0,0.0,0.0
2025-12-09T00:00:00Z,0.0,0.0,0.0,0.0
2025-12-09T01:00:00Z,0.0,0.0,0.0,0.0
2025-12-09T02:00:00Z,0.0,0.0,0.0,0.0
2025-12-09T03:00:00Z,0.0,0.0,0.0,0.0
2025-12-09T04:00:00Z,0.0,0.0,0.0,0.0
2025-12-09T05:00:00Z,0.0,0.0,0.0,0.0
2025-12-09T06:00:00Z,0.0,0.0,0.0,0.0
2025-12-09T07:00:00Z,3.1,2.3,6.0,1.0
2025-12-09T08:00:00Z,16.599999999999998,15.8,28.0,6.0
2025-12-09T09:00:00Z,44.26666666666667,44.8,37.0,51.0
2025-12-09T10:00:00Z,63.93333333333334,52.8,38.0,101.0
2025-12-09T11:00:00Z,100.0,79.0,42.0,179.0
2025-12-09T12:00:00Z,93.33333333333333,98.0,43.0,139.0
2025-12-09T13:00:00Z,63.1,67.3,34.0,88.0
2025-12-09T14:00:00Z,18.833333333333332,20.5,14.0,22.0
2025-12-09T15:00:00Z,0.0,0.0,0.0,0.0
2025-12-09T16:00:00Z,0.0,0.0,0.0,0.0
2025-12-09T17:00:00Z,0.0,0.0,0.0,0.0
2025-12-09T18:00:00Z,0.0,0.0,0.0,0.0
2025-12-09T19:00:00Z,0.0,0.0,0.0,0.0
2025-12-09T20:00:00Z,0.0,0.0,0.0,0.0
2025-12-09T21:00:00Z,0.0,0.0,0.0,0.0
2025-12-09T22:00:00Z,0.0,0.0,0.0,0.0
2025-12-09T23:00:00Z,0.0,0.0,0.0,0.0
2025-12-10T00:00:00Z,0.0,0.0,0.0,0.0
2025-12-10T01:00:00Z,0.0,0.0,0.0,0.0
2025-12-10T02:00:00Z,0.0,0.0,0.0,0.0
2025-12-10T03:00:00Z,0.0,0.0,0.0,0.0
2025-12-10T04:00:00Z,0.0,0.0,0.0,0.0
2025-12-10T05:00:00Z,0.0,0.0,0.0,0.0
2025-12-10T06:00:00Z,0.0,0.0,0.0,0.0
2025-12-10T07:00:00Z,13.0,12.0,16.0,11.0
2025-12-10T08:00:00Z,85.0,84.0,91.0,80.0
2025-12-10T09:00:00Z,154.66666666666666,160.0,166.0,138.0
2025-12-10T10:00:00Z,199.6,213.8,216.0,169.0
2025-12-10T11:00:00Z,219.33333333333334,207.0,222.0,229.0
2025-12-10T12:00:00Z,185.16666666666666,170.5,189.0,196.0
2025-12-10T13:00:00Z,121.66666666666667,107.0,130.0,128.0
2025-12-10T14:00:00Z,40.6,31.8,52.0,38.0
2025-12-10T15:00:00Z,0.0,0.0,0.0,0.0
2025-12-10T16:00:00Z,0.0,0.0,0.0,0.0
2025-12-10T17:00:00Z,0.0,0.0,0.0,0.0
2025-12-10T18:00:00Z,0.0,0.0,0.0,0.0
2025-12-10T19:00:00Z,0.0,0.0,0.0,0.0
2025-12-10T20:00:00Z,0.0,0.0,0.0,0.0
2025-12-10T21:00:00Z,0.0,0.0,0.0,0.0
2025-12-10T22:00:00Z,0.0,0.0,0.0,0.0
2025-12-10T23:00:00Z,0.0,0.0,0.0,0.0
2025-12-11T00:00:00Z,0.0,0.0,0.0,0.0
2025-12-11T01:00:00Z,0.0,0.0,0.0,0.0
2025-12-11T02:00:00Z,0.0,0.0,0.0,0.0
2025-12-11T03:00:00Z,0.0,0.0,0.0,0.0
2025-12-11T04:00:00Z,0.0,0.0,0.0,0.0
2025-12-11T05:00:00Z,0.0,0.0,0.0,0.0
2025-12-11T06:00:00Z,0.0,0.0,0.0,0.0
2025-12-11T07:00:00Z,9.5,10.5,8.0,10.0
2025-12-11T08:00:00Z,59.833333333333336,59.5,53.0,67.0
2025-12-11T09:00:00Z,123.93333333333334,126.8,106.0,139.0
2025-12-11T10:00:00Z,169.16666666666666,166.5,143.0,198.0
2025-12-11T11:00:00Z,160.83333333333334,148.5,147.0,187.0
2025-12-11T12:00:00Z,146.83333333333334,148.5,122.0,170.0
2025-12-11T13:00:00Z,102.33333333333333,104.0,82.0,121.0
2025-12-11T14:00:00Z,32.666666666666664,35.0,33.0,30.0
2025-12-11T15:00:00Z,0.0,0.0,0.0,0.0
2025-12-11T16:00:00Z,0.0,0.0,0.0,0.0
2025-12-11T17:00:00Z,0.0,0.0,0.0,0.0
2025-12-11T18:00:00Z,0.0,0.0,0.0,0.0
2025-12-11T19:00:00Z,0.0,0.0,0.0,0.0
2025-12-11T20:00:00Z,0.0,0.0,0.0,0.0
2025-12-11T21:00:00Z,0.0,0.0,0.0,0.0
2025-12-11T22:00:00Z,0.0,0.0,0.0,0.0
2025-12-11T23:00:00Z,0.0,0.0,0.0,0.0
2025-12-12T00:00:00Z,0.0,0.0,0.0,0.0
2025-12-12T01:00:00Z,0.0,0.0,0.0,0.0
2025-12-12T02:00:00Z,0.0,0.0,0.0,0.0
2025-12-12T03:00:00Z,0.0,0.0,0.0,0.0
2025-12-12T04:00:00Z,0.0,0.0,0.0,0.0
2025-12-12T05:00:00Z,0.0,0.0,0.0,0.0
2025-12-12T06:00:00Z,0.0,0.0,0.0,0.0
2025-12-12T07:00:00Z,7.1000000000000005,5.3,7.0,9.0
2025-12-12T08:00:00Z,51.43333333333334,33.3,41.0,80.0
2025-12-12T09:00:00Z,100.66666666666667,75.0,68.0,159.0
2025-12-12T10:00:00Z,129.5,100.5,81.0,207.0
2025-12-12T11:00:00Z,122.66666666666667,76.0,75.0,217.0
2025-12-12T12:00:00Z,100.10000000000001,65.3,57.0,178.0
2025-12-12T13:00:00Z,63.333333333333336,55.0,35.0,100.0
2025-12-12T14:00:00Z,14.266666666666666,20.8,14.0,8.0
2025-12-12T15:00:00Z,0.0,0.0,0.0,0.0
2025-12-12T16:00:00Z,0.0,0.0,0.0,0.0
2025-12-12T17:00:00Z,0.0,0.0,0.0,0.0
2025-12-12T18:00:00Z,0.0,0.0,0.0,0.0
2025-12-12T19:00:00Z,0.0,0.0,0.0,0.0
2025-12-12T20:00:00Z,0.0,0.0,0.0,0.0
2025-12-12T21:00:00Z,0.0,0.0,0.0,0.0
2025-12-12T22:00:00Z,0.0,0.0,0.0,0.0
2025-12-12T23:00:00Z,0.0,0.0,0.0,0.0
2025-12-13T00:00:00Z,0.0,0.0,0.0,0.0
2025-12-13T01:00:00Z,0.0,0.0,0.0,0.0
2025-12-13T02:00:00Z,0.0,0.0,0.0,0.0
2025-12-13T03:00:00Z,0.0,0.0,0.0,0.0
2025-12-13T04:00:00Z,0.0,0.0,0.0,0.0
2025-12-13T05:00:00Z,0.0,0.0,0.0,0.0
2025-12-13T06:00:00Z,0.0,0.0,0.0,0.0
2025-12-13T07:00:00Z,7.0,5.0,7.0,9.0
2025-12-13T08:00:00Z,48.1,34.3,40.0,70.0
2025-12-13T09:00:00Z,99.83333333333333,77.5,71.0,151.0
2025-12-13T10:00:00Z,129.33333333333334,108.0,90.0,190.0
2025-12-13T11:00:00Z,113.43333333333334,77.3,91.0,172.0
2025-12-13T12:00:00Z,106.16666666666667,62.5,76.0,180.0
2025-12-13T13:00:00Z,74.5,48.5,52.0,123.0
2025-12-13T14:00:00Z,25.599999999999998,19.8,21.0,36.0
2025-12-13T15:00:00Z,0.0,0.0,0.0,0.0
2025-12-13T16:00:00Z,0.0,0.0,0.0,0.0
2025-12-13T17:00:00Z,0.0,0.0,0.0,0.0
2025-12-13T18:00:00Z,0.0,0.0,0.0,0.0
2025-12-13T19:00:00Z,0.0,0.0,0.0,0.0
2025-12-13T20:00:00Z,0.0,0.0,0.0,0.0
2025-12-13T21:00:00Z,0.0,0.0,0.0,0.0
2025-12-13T22:00:00Z,0.0,0.0,0.0,0.0
2025-12-13T23:00:00Z,0.0,0.0,0.0,0.0
2025-12-14T00:00:00Z,0.0,0.0,0.0,0.0
2025-12-14T01:00:00Z,0.0,0.0,0.0,0.0
2025-12-14T02:00:00Z,0.0,0.0,0.0,0.0
2025-12-14T03:00:00Z,0.0,0.0,0.0,0.0
2025-12-14T04:00:00Z,0.0,0.0,0.0,0.0
2025-12-14T05:00:00Z,0.0,0.0,0.0,0.0
2025-12-14T06:00:00Z,0.0,0.0,0.0,0.0
2025-12-14T07:00:00Z,9.833333333333334,8.5,13.0,8.0
2025-12-14T08:00:00Z,78.76666666666667,67.3,86.0,83.0
2025-12-14T09:00:00Z,159.6,148.8,164.0,166.0
2025-12-14T10:00:00Z,213.4333333333333,204.3,218.0,218.0
2025-12-14T11:00:00Z,222.83333333333334,214.5,226.0,228.0
2025-12-14T12:00:00Z,190.83333333333334,183.5,193.0,196.0
2025-12-14T13:00:00Z,126.16666666666667,118.5,134.0,126.0
2025-12-14T14:00:00Z,42.5,36.5,54.0,37.0
2025-12-14T15:00:00Z,0.0,0.0,0.0,0.0
2025-12-14T16:00:00Z,0.0,0.0,0.0,0.0
2025-12-14T17:00:00Z,0.0,0.0,0.0,0.0
2025-12-14T18:00:00Z,0.0,0.0,0.0,0.0
2025-12-14T19:00:00Z,0.0,0.0,0.0,0.0
2025-12-14T20:00:00Z,0.0,0.0,0.0,0.0
2025-12-14T21:00:00Z,0.0,0.0,0.0,0.0
2025-12-14T22:00:00Z,0.0,0.0,0.0,0.0
2025-12-14T23:00:00Z,0.0,0.0,0.0,0.0
2025-12-15T00:00:00Z,0.0,0.0,0.0,0.0
2025-12-15T01:00:00Z,0.0,0.0,0.0,0.0
2025-12-15T02:00:00Z,0.0,0.0,0.0,0.0
2025-12-15T03:00:00Z,0.0,0.0,0.0,0.0
2025-12-15T04:00:00Z,0.0,0.0,0.0,0.0
2025-12-15T05:00:00Z,0.0,0.0,0.0,0.0
2025-12-15T06:00:00Z,0.0,0.0,0.0,0.0
2025-12-15T07:00:00Z,9.933333333333334,8.8,13.0,8.0
2025-12-15T08:00:00Z,79.76666666666667,74.3,86.0,79.0
2025-12-15T09:00:00Z,157.66666666666666,151.0,160.0,162.0
2025-12-15T10:00:00Z,207.66666666666666,200.0,209.0,214.0
2025-12-15T11:00:00Z,208.26666666666665,207.8,217.0,200.0
2025-12-15T12:00:00Z,177.0,174.0,187.0,170.0
2025-12-15T13:00:00Z,109.83333333333333,110.5,131.0,88.0
2025-12-15T14:00:00Z,41.0,36.0,53.0,34.0
2025-12-15T15:00:00Z,0.09999999999999999,0.3,0.0,0.0
2025-12-15T16:00:00Z,0.0,0.0,0.0,0.0
2025-12-15T17:00:00Z,0.0,0.0,0.0,0.0
2025-12-15T18:00:00Z,0.0,0.0,0.0,0.0
2025-12-15T19:00:00Z,0.0,0.0,0.0,0.0
2025-12-15T20:00:00Z,0.0,0.0,0.0,0.0
2025-12-15T21:00:00Z,0.0,0.0,0.0,0.0
2025-12-15T22:00:00Z,0.0,0.0,0.0,0.0
2025-12-15T23:00:00Z,0.0,0.0,0.0,0.0
2025-12-16T00:00:00Z,0.0,0.0,0.0,0.0
2025-12-16T01:00:00Z,0.0,0.0,0.0,0.0
2025-12-16T02:00:00Z,0.0,0.0,0.0,0.0
2025-12-16T03:00:00Z,0.0,0.0,0.0,0.0
2025-12-16T04:00:00Z,0.0,0.0,0.0,0.0
2025-12-16T05:00:00Z,0.0,0.0,0.0,0.0
2025-12-16T06:00:00Z,0.0,0.0,0.0,0.0
2025-12-16T07:00:00Z,9.1,8.3,12.0,7.0
2025-12-16T08:00:00Z,76.76666666666667,69.3,85.0,76.0
2025-12-16T09:00:00Z,149.33333333333334,128.0,163.0,157.0
2025-12-16T10:00:00Z,184.26666666666665,134.8,213.0,205.0
2025-12-16T11:00:00Z,179.1,116.3,213.0,208.0
2025-12-16T12:00:00Z,130.93333333333334,94.8,174.0,124.0
2025-12-16T13:00:00Z,102.16666666666667,82.5,116.0,108.0
2025-12-16T14:00:00Z,38.0,31.0,47.0,36.0
2025-12-16T15:00:00Z,0.0,0.0,0.0,0.0
2025-12-16T16:00:00Z,0.0,0.0,0.0,0.0
2025-12-16T17:00:00Z,0.0,0.0,0.0,0.0
2025-12-16T18:00:00Z,0.0,0.0,0.0,0.0
2025-12-16T19:00:00Z,0.0,0.0,0.0,0.0
2025-12-16T20:00:00Z,0.0,0.0,0.0,0.0
2025-12-16T21:00:00Z,0.0,0.0,0.0,0.0
2025-12-16T22:00:00Z,0.0,0.0,0.0,0.0
2025-12-16T23:00:00Z,0.0,0.0,0.0,0.0
2025-12-17T00:00:00Z,0.0,0.0,0.0,0.0
2025-12-17T01:00:00Z,0.0,0.0,0.0,0.0
2025-12-17T02:00:00Z,0.0,0.0,0.0,0.0
2025-12-17T03:00:00Z,0.0,0.0,0.0,0.0
2025-12-17T04:00:00Z,0.0,0.0,0.0,0.0
2025-12-17T05:00:00Z,0.0,0.0,0.0,0.0
2025-12-17T06:00:00Z,0.0,0.0,0.0,0.0
2025-12-17T07:00:00Z,7.766666666666667,7.3,9.0,7.0
2025-12-17T08:00:00Z,52.6,50.8,57.0,50.0
2025-12-17T09:00:00Z,94.66666666666667,91.0,87.0,106.0
2025-12-17T10:00:00Z,128.93333333333334,112.8,98.0,176.0
2025-12-17T11:00:00Z,159.6,176.8,103.0,199.0
2025-12-17T12:00:00Z,150.93333333333334,168.8,97.0,187.0
2025-12-17T13:00:00Z,101.93333333333334,111.8,73.0,121.0
2025-12-17T14:00:00Z,34.766666666666666,37.3,30.0,37.0
2025-12-17T15:00:00Z,0.09999999999999999,0.3,0.0,0.0
2025-12-17T16:00:00Z,0.0,0.0,0.0,0.0
2025-12-17T17:00:00Z,0.0,0.0,0.0,0.0
2025-12-17T18:00:00Z,0.0,0.0,0.0,0.0
2025-12-17T19:00:00Z,0.0,0.0,0.0,0.0
2025-12-17T20:00:00Z,0.0,0.0,0.0,0.0
2025-12-17T21:00:00Z,0.0,0.0,0.0,0.0
2025-12-17T22:00:00Z,0.0,0.0,0.0,0.0
2025-12-17T23:00:00Z,0.0,0.0,0.0,0.0
2025-12-18T00:00:00Z,0.0,0.0,0.0,0.0
2025-12-18T01:00:00Z,0.0,0.0,0.0,0.0
2025-12-18T02:00:00Z,0.0,0.0,0.0,0.0
2025-12-18T03:00:00Z,0.0,0.0,0.0,0.0
2025-12-18T04:00:00Z,0.0,0.0,0.0,0.0
2025-12-18T05:00:00Z,0.0,0.0,0.0,0.0
2025-12-18T06:00:00Z,0.0,0.0,0.0,0.0
2025-12-18T07:00:00Z,6.766666666666667,5.3,8.0,7.0
2025-12-18T08:00:00Z,52.5,50.5,48.0,59.0
2025-12-18T09:00:00Z,91.5,69.5,71.0,134.0
2025-12-18T10:00:00Z,110.0,99.0,82.0,149.0
2025-12-18T11:00:00Z,73.76666666666667,88.3,94.0,39.0
2025-12-18T12:00:00Z,66.43333333333334,91.3,97.0,11.0
2025-12-18T13:00:00Z,48.6,61.8,77.0,7.0
2025-12-18T14:00:00Z,18.333333333333332,20.0,33.0,2.0
2025-12-18T15:00:00Z,0.0,0.0,0.0,0.0
2025-12-18T16:00:00Z,0.0,0.0,0.0,0.0
2025-12-18T17:00:00Z,0.0,0.0,0.0,0.0
2025-12-18T18:00:00Z,0.0,0.0,0.0,0.0
2025-12-18T19:00:00Z,0.0,0.0,0.0,0.0
2025-12-18T20:00:00Z,0.0,0.0,0.0,0.0
2025-12-18T21:00:00Z,0.0,0.0,0.0,0.0
2025-12-18T22:00:00Z,0.0,0.0,0.0,0.0
2025-12-18T23:00:00Z,0.0,0.0,0.0,0.0
2025-12-19T00:00:00Z,0.0,0.0,0.0,0.0
2025-12-19T01:00:00Z,0.0,0.0,0.0,0.0
2025-12-19T02:00:00Z,0.0,0.0,0.0,0.0
2025-12-19T03:00:00Z,0.0,0.0,0.0,0.0
2025-12-19T04:00:00Z,0.0,0.0,0.0,0.0
2025-12-19T05:00:00Z,0.0,0.0,0.0,0.0
2025-12-19T06:00:00Z,0.0,0.0,0.0,0.0
2025-12-19T07:00:00Z,4.433333333333334,2.3,6.0,5.0
2025-12-19T08:00:00Z,34.166666666666664,17.5,41.0,44.0
2025-12-19T09:00:00Z,50.666666666666664,19.0,62.0,71.0
2025-12-19T10:00:00Z,60.5,36.5,69.0,76.0
2025-12-19T11:00:00Z,42.93333333333334,41.8,67.0,20.0
2025-12-19T12:00:00Z,73.26666666666667,71.8,59.0,89.0
2025-12-19T13:00:00Z,45.6,46.8,42.0,48.0
2025-12-19T14:00:00Z,19.333333333333332,14.0,17.0,27.0
2025-12-19T15:00:00Z,0.0,0.0,0.0,0.0
2025-12-19T16:00:00Z,0.0,0.0,0.0,0.0
2025-12-19T17:00:00Z,0.0,0.0,0.0,0.0
2025-12-19T18:00:00Z,0.0,0.0,0.0,0.0
2025-12-19T19:00:00Z,0.0,0.0,0.0,0.0
2025-12-19T20:00:00Z,0.0,0.0,0.0,0.0
2025-12-19T21:00:00Z,0.0,0.0,0.0,0.0
2025-12-19T22:00:00Z,0.0,0.0,0.0,0.0
2025-12-19T23:00:00Z,0.0,0.0,0.0,0.0
2025-12-20T00:00:00Z,0.0,0.0,0.0,0.0
2025-12-20T01:00:00Z,0.0,0.0,0.0,0.0
2025-12-20T02:00:00Z,0.0,0.0,0.0,0.0
2025-12-20T03:00:00Z,0.0,0.0,0.0,0.0
2025-12-20T04:00:00Z,0.0,0.0,0.0,0.0
2025-12-20T05:00:00Z,0.0,0.0,0.0,0.0
2025-12-20T06:00:00Z,0.0,0.0,0.0,0.0
2025-12-20T07:00:00Z,6.766666666666667,7.3,8.0,5.0
2025-12-20T08:00:00Z,59.26666666666667,60.8,67.0,50.0
2025-12-20T09:00:00Z,123.66666666666667,124.0,139.0,108.0
2025-12-20T10:00:00Z,164.1,155.3,194.0,143.0
2025-12-20T11:00:00Z,174.0,163.0,207.0,152.0
2025-12-20T12:00:00Z,157.33333333333334,168.0,182.0,122.0
2025-12-20T13:00:00Z,105.60000000000001,106.8,129.0,81.0
2025-12-20T14:00:00Z,39.166666666666664,33.5,55.0,29.0
2025-12-20T15:00:00Z,0.43333333333333335,0.3,1.0,0.0
2025-12-20T16:00:00Z,0.0,0.0,0.0,0.0
2025-12-20T17:00:00Z,0.0,0.0,0.0,0.0
2025-12-20T18:00:00Z,0.0,0.0,0.0,0.0
2025-12-20T19:00:00Z,0.0,0.0,0.0,0.0
2025-12-20T20:00:00Z,0.0,0.0,0.0,0.0
2025-12-20T21:00:00Z,0.0,0.0,0.0,0.0
2025-12-20T22:00:00Z,0.0,0.0,0.0,0.0
2025-12-20T23:00:00Z,0.0,0.0,0.0,0.0
2025-12-21T00:00:00Z,0.0,0.0,0.0,0.0
2025-12-21T01:00:00Z,0.0,0.0,0.0,0.0
2025-12-21T02:00:00Z,0.0,0.0,0.0,0.0
2025-12-21T03:00:00Z,0.0,0.0,0.0,0.0
2025-12-21T04:00:00Z,0.0,0.0,0.0,0.0
2025-12-21T05:00:00Z,0.0,0.0,0.0,0.0
2025-12-21T06:00:00Z,0.0,0.0,0.0,0.0
2025-12-21T07:00:00Z,5.0,3.0,6.0,6.0
2025-12-21T08:00:00Z,48.0,25.0,45.0,74.0
2025-12-21T09:00:00Z,95.66666666666667,52.0,78.0,157.0
2025-12-21T10:00:00Z,126.60000000000001,72.8,96.0,211.0
2025-12-21T11:00:00Z,131.5,75.5,94.0,225.0
2025-12-21T12:00:00Z,113.10000000000001,66.3,77.0,196.0
2025-12-21T13:00:00Z,76.43333333333334,48.3,52.0,129.0
2025-12-21T14:00:00Z,26.099999999999998,15.3,22.0,41.0
2025-12-21T15:00:00Z,0.09999999999999999,0.3,0.0,0.0
2025-12-21T16:00:00Z,0.0,0.0,0.0,0.0
2025-12-21T17:00:00Z,0.0,0.0,0.0,0.0
2025-12-21T18:00:00Z,0.0,0.0,0.0,0.0
2025-12-21T19:00:00Z,0.0,0.0,0.0,0.0
2025-12-21T20:00:00Z,0.0,0.0,0.0,0.0
2025-12-21T21:00:00Z,0.0,0.0,0.0,0.0
2025-12-21T22:00:00Z,0.0,0.0,0.0,0.0
2025-12-21T23:00:00Z,0.0,0.0,0.0,0.0
2025-12-22T00:00:00Z,0.0,0.0,0.0,0.0
2025-12-22T01:00:00Z,0.0,0.0,0.0,0.0
2025-12-22T02:00:00Z,0.0,0.0,0.0,0.0
2025-12-22T03:00:00Z,0.0,0.0,0.0,0.0
2025-12-22T04:00:00Z,0.0,0.0,0.0,0.0
2025-12-22T05:00:00Z,0.0,0.0,0.0,0.0
2025-12-22T06:00:00Z,0.0,0.0,0.0,0.0
2025-12-22T07:00:00Z,3.1,3.3,3.0,3.0
2025-12-22T08:00:00Z,32.0,35.0,25.0,36.0
2025-12-22T09:00:00Z,65.43333333333334,72.3,48.0,76.0
2025-12-22T10:00:00Z,95.26666666666667,98.8,65.0,122.0
2025-12-22T11:00:00Z,97.76666666666667,113.3,74.0,106.0
2025-12-22T12:00:00Z,81.66666666666667,83.0,71.0,91.0
2025-12-22T13:00:00Z,49.76666666666667,46.3,55.0,48.0
2025-12-22T14:00:00Z,18.333333333333332,19.0,24.0,12.0
2025-12-22T15:00:00Z,0.09999999999999999,0.3,0.0,0.0
2025-12-22T16:00:00Z,0.0,0.0,0.0,0.0
2025-12-22T17:00:00Z,0.0,0.0,0.0,0.0
2025-12-22T18:00:00Z,0.0,0.0,0.0,0.0
2025-12-22T19:00:00Z,0.0,0.0,0.0,0.0
2025-12-22T20:00:00Z,0.0,0.0,0.0,0.0
2025-12-22T21:00:00Z,0.0,0.0,0.0,0.0
2025-12-22T22:00:00Z,0.0,0.0,0.0,0.0
2025-12-22T23:00:00Z,0.0,0.0,0.0,0.0
2025-12-23T00:00:00Z,0.0,0.0,0.0,0.0
2025-12-23T01:00:00Z,0.0,0.0,0.0,0.0
2025-12-23T02:00:00Z,0.0,0.0,0.0,0.0
2025-12-23T03:00:00Z,0.0,0.0,0.0,0.0
2025-12-23T04:00:00Z,0.0,0.0,0.0,0.0
2025-12-23T05:00:00Z,0.0,0.0,0.0,0.0
2025-12-23T06:00:00Z,0.0,0.0,0.0,0.0
2025-12-23T07:00:00Z,4.433333333333334,6.3,4.0,3.0
2025-12-23T08:00:00Z,48.5,54.5,50.0,41.0
2025-12-23T09:00:00Z,115.0,114.0,126.0,105.0
2025-12-23T10:00:00Z,192.16666666666666,162.5,194.0,220.0
2025-12-23T11:00:00Z,197.83333333333334,142.5,214.0,237.0
2025-12-23T12:00:00Z,179.26666666666665,136.8,190.0,211.0
2025-12-23T13:00:00Z,132.16666666666666,117.5,137.0,142.0
2025-12-23T14:00:00Z,49.1,40.3,60.0,47.0
2025-12-23T15:00:00Z,0.43333333333333335,0.3,1.0,0.0
2025-12-23T16:00:00Z,0.0,0.0,0.0,0.0
2025-12-23T17:00:00Z,0.0,0.0,0.0,0.0
2025-12-23T18:00:00Z,0.0,0.0,0.0,0.0
2025-12-23T19:00:00Z,0.0,0.0,0.0,0.0
2025-12-23T20:00:00Z,0.0,0.0,0.0,0.0
2025-12-23T21:00:00Z,0.0,0.0,0.0,0.0
2025-12-23T22:00:00Z,0.0,0.0,0.0,0.0
2025-12-23T23:00:00Z,0.0,0.0,0.0,0.0
2025-12-24T00:00:00Z,0.0,0.0,0.0,0.0
2025-12-24T01:00:00Z,0.0,0.0,0.0,0.0
2025-12-24T02:00:00Z,0.0,0.0,0.0,0.0
2025-12-24T03:00:00Z,0.0,0.0,0.0,0.0
2025-12-24T04:00:00Z,0.0,0.0,0.0,0.0
2025-12-24T05:00:00Z,0.0,0.0,0.0,0.0
2025-12-24T06:00:00Z,0.0,0.0,0.0,0.0
2025-12-24T07:00:00Z,7.6000000000000005,6.8,10.0,6.0
2025-12-24T08:00:00Z,77.16666666666667,68.5,88.0,75.0
2025-12-24T09:00:00Z,160.43333333333334,149.3,170.0,162.0
2025-12-24T10:00:00Z,215.5,203.5,225.0,218.0
2025-12-24T11:00:00Z,228.9333333333333,216.8,234.0,236.0
2025-12-24T12:00:00Z,198.0,185.0,203.0,206.0
2025-12-24T13:00:00Z,133.43333333333334,119.3,144.0,137.0
2025-12-24T14:00:00Z,49.5,39.5,63.0,46.0
2025-12-24T15:00:00Z,0.43333333333333335,0.3,1.0,0.0
2025-12-24T16:00:00Z,0.0,0.0,0.0,0.0
2025-12-24T17:00:00Z,0.0,0.0,0.0,0.0
2025-12-24T18:00:00Z,0.0,0.0,0.0,0.0
2025-12-24T19:00:00Z,0.0,0.0,0.0,0.0
2025-12-24T20:00:00Z,0.0,0.0,0.0,0.0
2025-12-24T21:00:00Z,0.0,0.0,0.0,0.0
2025-12-24T22:00:00Z,0.0,0.0,0.0,0.0
2025-12-24T23:00:00Z,0.0,0.0,0.0,0.0
2025-12-25T00:00:00Z,0.0,0.0,0.0,0.0
2025-12-25T01:00:00Z,0.0,0.0,0.0,0.0
2025-12-25T02:00:00Z,0.0,0.0,0.0,0.0
2025-12-25T03:00:00Z,0.0,0.0,0.0,0.0
2025-12-25T04:00:00Z,0.0,0.0,0.0,0.0
2025-12-25T05:00:00Z,0.0,0.0,0.0,0.0
2025-12-25T06:00:00Z,0.0,0.0,0.0,0.0
2025-12-25T07:00:00Z,7.433333333333334,6.3,10.0,6.0
2025-12-25T08:00:00Z,73.76666666666667,65.3,85.0,71.0
2025-12-25T09:00:00Z,157.66666666666666,141.0,165.0,167.0
2025-12-25T10:00:00Z,201.6,191.8,218.0,195.0
2025-12-25T11:00:00Z,206.0,205.0,228.0,185.0
2025-12-25T12:00:00Z,194.16666666666666,174.5,199.0,209.0
2025-12-25T13:00:00Z,131.76666666666668,113.3,142.0,140.0
2025-12-25T14:00:00Z,50.0,39.0,63.0,48.0
2025-12-25T15:00:00Z,0.8333333333333334,0.5,1.0,1.0
2025-12-25T16:00:00Z,0.0,0.0,0.0,0.0
2025-12-25T17:00:00Z,0.0,0.0,0.0,0.0
2025-12-25T18:00:00Z,0.0,0.0,0.0,0.0
2025-12-25T19:00:00Z,0.0,0.0,0.0,0.0
2025-12-25T20:00:00Z,0.0,0.0,0.0,0.0
2025-12-25T21:00:00Z,0.0,0.0,0.0,0.0
2025-12-25T22:00:00Z,0.0,0.0,0.0,0.0
2025-12-25T23:00:00Z,0.0,0.0,0.0,0.0
2025-12-26T00:00:00Z,0.0,0.0,0.0,0.0
2025-12-26T01:00:00Z,0.0,0.0,0.0,0.0
2025-12-26T02:00:00Z,0.0,0.0,0.0,0.0
2025-12-26T03:00:00Z,0.0,0.0,0.0,0.0
2025-12-26T04:00:00Z,0.0,0.0,0.0,0.0
2025-12-26T05:00:00Z,0.0,0.0,0.0,0.0
2025-12-26T06:00:00Z,0.0,0.0,0.0,0.0
2025-12-26T07:00:00Z,6.6000000000000005,5.8,9.0,5.0
2025-12-26T08:00:00Z,71.26666666666667,61.8,79.0,73.0
2025-12-26T09:00:00Z,147.76666666666668,136.3,149.0,158.0
2025-12-26T10:00:00Z,195.16666666666666,178.5,193.0,214.0
2025-12-26T11:00:00Z,182.9333333333333,127.8,194.0,227.0
2025-12-26T12:00:00Z,158.5,116.5,159.0,200.0
2025-12-26T13:00:00Z,107.26666666666667,77.8,109.0,135.0
2025-12-26T14:00:00Z,39.166666666666664,23.5,48.0,46.0
2025-12-26T15:00:00Z,0.7666666666666666,0.3,1.0,1.0
2025-12-26T16:00:00Z,0.0,0.0,0.0,0.0
2025-12-26T17:00:00Z,0.0,0.0,0.0,0.0
2025-12-26T18:00:00Z,0.0,0.0,0.0,0.0
2025-12-26T19:00:00Z,0.0,0.0,0.0,0.0
2025-12-26T20:00:00Z,0.0,0.0,0.0,0.0
2025-12-26T21:00:00Z,0.0,0.0,0.0,0.0
2025-12-26T22:00:00Z,0.0,0.0,0.0,0.0
2025-12-26T23:00:00Z,0.0,0.0,0.0,0.0
2025-12-27T00:00:00Z,0.0,0.0,0.0,0.0
2025-12-27T01:00:00Z,0.0,0.0,0.0,0.0
2025-12-27T02:00:00Z,0.0,0.0,0.0,0.0
2025-12-27T03:00:00Z,0.0,0.0,0.0,0.0
2025-12-27T04:00:00Z,0.0,0.0,0.0,0.0
2025-12-27T05:00:00Z,0.0,0.0,0.0,0.0
2025-12-27T06:00:00Z,0.0,0.0,0.0,0.0
2025-12-27T07:00:00Z,6.333333333333333,5.0,8.0,6.0
2025-12-27T08:00:00Z,68.76666666666667,55.3,73.0,78.0
2025-12-27T09:00:00Z,146.0,120.0,150.0,168.0
2025-12-27T10:00:00Z,194.16666666666666,147.5,209.0,226.0
2025-12-27T11:00:00Z,206.66666666666666,152.0,225.0,243.0
2025-12-27T12:00:00Z,186.1,143.3,201.0,214.0
2025-12-27T13:00:00Z,123.43333333333334,79.3,146.0,145.0
2025-12-27T14:00:00Z,48.43333333333334,27.3,67.0,51.0
2025-12-27T15:00:00Z,1.1666666666666667,0.5,2.0,1.0
2025-12-27T16:00:00Z,0.0,0.0,0.0,0.0
2025-12-27T17:00:00Z,0.0,0.0,0.0,0.0
2025-12-27T18:00:00Z,0.0,0.0,0.0,0.0
2025-12-27T19:00:00Z,0.0,0.0,0.0,0.0
2025-12-27T20:00:00Z,0.0,0.0,0.0,0.0
2025-12-27T21:00:00Z,0.0,0.0,0.0,0.0
2025-12-27T22:00:00Z,0.0,0.0,0.0,0.0
2025-12-27T23:00:00Z,0.0,0.0,0.0,0.0
2025-12-28T00:00:00Z,0.0,0.0,0.0,0.0
2025-12-28T01:00:00Z,0.0,0.0,0.0,0.0
2025-12-28T02:00:00Z,0.0,0.0,0.0,0.0
2025-12-28T03:00:00Z,0.0,0.0,0.0,0.0
2025-12-28T04:00:00Z,0.0,0.0,0.0,0.0
2025-12-28T05:00:00Z,0.0,0.0,0.0,0.0
2025-12-28T06:00:00Z,0.0,0.0,0.0,0.0
2025-12-28T07:00:00Z,2.8333333333333335,2.5,3.0,3.0
2025-12-28T08:00:00Z,25.933333333333334,26.8,26.0,25.0
2025-12-28T09:00:00Z,52.6,52.8,51.0,54.0
2025-12-28T10:00:00Z,67.16666666666667,76.5,67.0,58.0
2025-12-28T11:00:00Z,57.76666666666667,66.3,67.0,40.0
2025-12-28T12:00:00Z,50.833333333333336,63.5,54.0,35.0
2025-12-28T13:00:00Z,33.766666666666666,41.3,36.0,24.0
2025-12-28T14:00:00Z,14.0,16.0,16.0,10.0
2025-12-28T15:00:00Z,0.43333333333333335,0.3,1.0,0.0
2025-12-28T16:00:00Z,0.0,0.0,0.0,0.0
2025-12-28T17:00:00Z,0.0,0.0,0.0,0.0
2025-12-28T18:00:00Z,0.0,0.0,0.0,0.0
2025-12-28T19:00:00Z,0.0,0.0,0.0,0.0
2025-12-28T20:00:00Z,0.0,0.0,0.0,0.0
2025-12-28T21:00:00Z,0.0,0.0,0.0,0.0
2025-12-28T22:00:00Z,0.0,0.0,0.0,0.0
2025-12-28T23:00:00Z,0.0,0.0,0.0,0.0
2025-12-29T00:00:00Z,0.0,0.0,0.0,0.0
2025-12-29T01:00:00Z,0.0,0.0,0.0,0.0
2025-12-29T02:00:00Z,0.0,0.0,0.0,0.0
2025-12-29T03:00:00Z,0.0,0.0,0.0,0.0
2025-12-29T04:00:00Z,0.0,0.0,0.0,0.0
2025-12-29T05:00:00Z,0.0,0.0,0.0,0.0
2025-12-29T06:00:00Z,0.0,0.0,0.0,0.0
2025-12-29T07:00:00Z,6.933333333333334,6.8,9.0,5.0
2025-12-29T08:00:00Z,76.5,73.5,83.0,73.0
2025-12-29T09:00:00Z,161.26666666666668,157.8,163.0,163.0
2025-12-29T10:00:00Z,218.66666666666666,215.0,219.0,222.0
2025-12-29T11:00:00Z,232.83333333333334,229.5,233.0,236.0
2025-12-29T12:00:00Z,206.76666666666665,201.3,208.0,211.0
2025-12-29T13:00:00Z,145.43333333333334,138.3,152.0,146.0
2025-12-29T14:00:00Z,58.26666666666667,49.8,71.0,54.0
2025-12-29T15:00:00Z,1.3333333333333333,1.0,2.0,1.0
2025-12-29T16:00:00Z,0.0,0.0,0.0,0.0
2025-12-29T17:00:00Z,0.0,0.0,0.0,0.0
2025-12-29T18:00:00Z,0.0,0.0,0.0,0.0
2025-12-29T19:00:00Z,0.0,0.0,0.0,0.0
2025-12-29T20:00:00Z,0.0,0.0,0.0,0.0
2025-12-29T21:00:00Z,0.0,0.0,0.0,0.0
2025-12-29T22:00:00Z,0.0,0.0,0.0,0.0
2025-12-29T23:00:00Z,0.0,0.0,0.0,0.0
2025-12-30T00:00:00Z,0.0,0.0,0.0,0.0
2025-12-30T01:00:00Z,0.0,0.0,0.0,0.0
2025-12-30T02:00:00Z,0.0,0.0,0.0,0.0
2025-12-30T03:00:00Z,0.0,0.0,0.0,0.0
2025-12-30T04:00:00Z,0.0,0.0,0.0,0.0
2025-12-30T05:00:00Z,0.0,0.0,0.0,0.0
2025-12-30T06:00:00Z,0.0,0.0,0.0,0.0
2025-12-30T07:00:00Z,1.3333333333333333,1.0,2.0,1.0
2025-12-30T08:00:00Z,15.933333333333332,10.8,13.0,24.0
2025-12-30T09:00:00Z,30.0,17.0,22.0,51.0
2025-12-30T10:00:00Z,42.266666666666666,28.8,27.0,71.0
2025-12-30T11:00:00Z,32.333333333333336,42.0,29.0,26.0
2025-12-30T12:00:00Z,24.666666666666668,29.0,28.0,17.0
2025-12-30T13:00:00Z,21.099999999999998,25.3,21.0,17.0
2025-12-30T14:00:00Z,9.833333333333334,10.5,10.0,9.0
2025-12-30T15:00:00Z,0.09999999999999999,0.3,0.0,0.0
2025-12-30T16:00:00Z,0.0,0.0,0.0,0.0
2025-12-30T17:00:00Z,0.0,0.0,0.0,0.0
2025-12-30T18:00:00Z,0.0,0.0,0.0,0.0
2025-12-30T19:00:00Z,0.0,0.0,0.0,0.0
2025-12-30T20:00:00Z,0.0,0.0,0.0,0.0
2025-12-30T21:00:00Z,0.0,0.0,0.0,0.0
2025-12-30T22:00:00Z,0.0,0.0,0.0,0.0
2025-12-30T23:00:00Z,0.0,0.0,0.0,0.0
2025-12-31T00:00:00Z,0.0,0.0,0.0,0.0
2025-12-31T01:00:00Z,0.0,0.0,0.0,0.0
2025-12-31T02:00:00Z,0.0,0.0,0.0,0.0
2025-12-31T03:00:00Z,0.0,0.0,0.0,0.0
2025-12-31T04:00:00Z,0.0,0.0,0.0,0.0
2025-12-31T05:00:00Z,0.0,0.0,0.0,0.0
2025-12-31T06:00:00Z,0.0,0.0,0.0,0.0
2025-12-31T07:00:00Z,1.6666666666666667,2.0,2.0,1.0
2025-12-31T08:00:00Z,20.0,26.0,20.0,14.0
2025-12-31T09:00:00Z,36.266666666666666,41.8,38.0,29.0
2025-12-31T10:00:00Z,44.1,53.3,52.0,27.0
2025-12-31T11:00:00Z,67.83333333333333,82.5,58.0,63.0
2025-12-31T12:00:00Z,52.833333333333336,54.5,56.0,48.0
2025-12-31T13:00:00Z,40.1,30.3,44.0,46.0
2025-12-31T14:00:00Z,19.0,19.0,21.0,17.0
2025-12-31T15:00:00Z,0.5,0.5,1.0,0.0
2025-12-31T16:00:00Z,0.0,0.0,0.0,0.0
2025-12-31T17:00:00Z,0.0,0.0,0.0,0.0
2025-12-31T18:00:00Z,0.0,0.0,0.0,0.0
2025-12-31T19:00:00Z,0.0,0.0,0.0,0.0
2025-12-31T20:00:00Z,0.0,0.0,0.0,0.0
2025-12-31T21:00:00Z,0.0,0.0,0.0,0.0
2025-12-31T22:00:00Z,0.0,0.0,0.0,0.0
2025-12-31T23:00:00Z,0.0,0.0,0.0,0.0
2026-01-01T00:00:00Z,0.0,0.0,0.0,0.0
2026-01-01T01:00:00Z,0.0,0.0,0.0,0.0
2026-01-01T02:00:00Z,0.0,0.0,0.0,0.0
2026-01-01T03:00:00Z,0.0,0.0,0.0,0.0
2026-01-01T04:00:00Z,0.0,0.0,0.0,0.0
2026-01-01T05:00:00Z,0.0,0.0,0.0,0.0
2026-01-01T06:00:00Z,0.0,0.0,0.0,0.0
2026-01-01T07:00:00Z,3.9333333333333336,1.8,4.0,6.0
2026-01-01T08:00:00Z,38.0,20.0,34.0,60.0
2026-01-01T09:00:00Z,85.10000000000001,63.3,65.0,127.0
2026-01-01T10:00:00Z,90.26666666666667,67.8,86.0,117.0
2026-01-01T11:00:00Z,105.26666666666667,72.8,93.0,150.0
2026-01-01T12:00:00Z,95.66666666666667,64.0,85.0,138.0
2026-01-01T13:00:00Z,77.16666666666667,34.5,64.0,133.0
2026-01-01T14:00:00Z,27.099999999999998,12.3,31.0,38.0
2026-01-01T15:00:00Z,1.0999999999999999,0.3,2.0,1.0
2026-01-01T16:00:00Z,0.0,0.0,0.0,0.0
2026-01-01T17:00:00Z,0.0,0.0,0.0,0.0
2026-01-01T18:00:00Z,0.0,0.0,0.0,0.0
2026-01-01T19:00:00Z,0.0,0.0,0.0,0.0
2026-01-01T20:00:00Z,0.0,0.0,0.0,0.0
2026-01-01T21:00:00Z,0.0,0.0,0.0,0.0
2026-01-01T22:00:00Z,0.0,0.0,0.0,0.0
2026-01-01T23:00:00Z,0.0,0.0,0.0,0.0
2026-01-02T00:00:00Z,0.0,0.0,0.0,0.0
2026-01-02T01:00:00Z,0.0,0.0,0.0,0.0
2026-01-02T02:00:00Z,0.0,0.0,0.0,0.0
2026-01-02T03:00:00Z,0.0,0.0,0.0,0.0
2026-01-02T04:00:00Z,0.0,0.0,0.0,0.0
2026-01-02T05:00:00Z,0.0,0.0,0.0,0.0
2026-01-02T06:00:00Z,0.0,0.0,0.0,0.0
2026-01-02T07:00:00Z,3.266666666666667,1.8,4.0,4.0
2026-01-02T08:00:00Z,35.666666666666664,16.0,37.0,54.0
2026-01-02T09:00:00Z,72.76666666666667,35.3,71.0,112.0
2026-01-02T10:00:00Z,85.0,53.0,94.0,108.0
2026-01-02T11:00:00Z,100.26666666666667,57.8,95.0,148.0
2026-01-02T12:00:00Z,113.66666666666667,55.0,80.0,206.0
2026-01-02T13:00:00Z,55.666666666666664,30.0,56.0,81.0
2026-01-02T14:00:00Z,22.766666666666666,11.3,27.0,30.0
2026-01-02T15:00:00Z,1.1666666666666667,0.5,2.0,1.0
2026-01-02T16:00:00Z,0.0,0.0,0.0,0.0
2026-01-02T17:00:00Z,0.0,0.0,0.0,0.0
2026-01-02T18:00:00Z,0.0,0.0,0.0,0.0
2026-01-02T19:00:00Z,0.0,0.0,0.0,0.0
2026-01-02T20:00:00Z,0.0,0.0,0.0,0.0
2026-01-02T21:00:00Z,0.0,0.0,0.0,0.0
2026-01-02T22:00:00Z,0.0,0.0,0.0,0.0
2026-01-02T23:00:00Z,0.0,0.0,0.0,0.0
2026-01-03T00:00:00Z,0.0,0.0,0.0,0.0
2026-01-03T01:00:00Z,0.0,0.0,0.0,0.0
2026-01-03T02:00:00Z,0.0,0.0,0.0,0.0
2026-01-03T03:00:00Z,0.0,0.0,0.0,0.0
2026-01-03T04:00:00Z,0.0,0.0,0.0,0.0
2026-01-03T05:00:00Z,0.0,0.0,0.0,0.0
2026-01-03T06:00:00Z,0.0,0.0,0.0,0.0
2026-01-03T07:00:00Z,4.333333333333333,5.0,6.0,2.0
2026-01-03T08:00:00Z,45.93333333333334,42.8,45.0,50.0
2026-01-03T09:00:00Z,74.16666666666667,66.5,78.0,78.0
2026-01-03T10:00:00Z,118.33333333333333,112.0,98.0,145.0
2026-01-03T11:00:00Z,164.66666666666666,153.0,105.0,236.0
2026-01-03T12:00:00Z,147.26666666666668,129.8,97.0,215.0
2026-01-03T13:00:00Z,104.43333333333334,85.3,74.0,154.0
2026-01-03T14:00:00Z,40.333333333333336,24.0,37.0,60.0
2026-01-03T15:00:00Z,1.6666666666666667,1.0,2.0,2.0
2026-01-03T16:00:00Z,0.0,0.0,0.0,0.0
2026-01-03T17:00:00Z,0.0,0.0,0.0,0.0
2026-01-03T18:00:00Z,0.0,0.0,0.0,0.0
2026-01-03T19:00:00Z,0.0,0.0,0.0,0.0
2026-01-03T20:00:00Z,0.0,0.0,0.0,0.0
2026-01-03T21:00:00Z,0.0,0.0,0.0,0.0
2026-01-03T22:00:00Z,0.0,0.0,0.0,0.0
2026-01-03T23:00:00Z,0.0,0.0,0.0,0.0
2026-01-04T00:00:00Z,0.0,0.0,0.0,0.0
2026-01-04T01:00:00Z,0.0,0.0,0.0,0.0
2026-01-04T02:00:00Z,0.0,0.0,0.0,0.0
2026-01-04T03:00:00Z,0.0,0.0,0.0,0.0
2026-01-04T04:00:00Z,0.0,0.0,0.0,0.0
2026-01-04T05:00:00Z,0.0,0.0,0.0,0.0
2026-01-04T06:00:00Z,0.0,0.0,0.0,0.0
2026-01-04T07:00:00Z,6.666666666666667,7.0,8.0,5.0
2026-01-04T08:00:00Z,69.26666666666667,70.8,73.0,64.0
2026-01-04T09:00:00Z,158.33333333333334,149.0,160.0,166.0
2026-01-04T10:00:00Z,218.76666666666665,219.3,230.0,207.0
2026-01-04T11:00:00Z,243.6,229.8,251.0,250.0
2026-01-04T12:00:00Z,204.33333333333334,164.0,225.0,224.0
2026-01-04T13:00:00Z,138.26666666666668,96.8,168.0,150.0
2026-01-04T14:00:00Z,60.166666666666664,41.5,85.0,54.0
2026-01-04T15:00:00Z,3.8333333333333335,2.5,6.0,3.0
2026-01-04T16:00:00Z,0.0,0.0,0.0,0.0
2026-01-04T17:00:00Z,0.0,0.0,0.0,0.0
2026-01-04T18:00:00Z,0.0,0.0,0.0,0.0
2026-01-04T19:00:00Z,0.0,0.0,0.0,0.0
2026-01-04T20:00:00Z,0.0,0.0,0.0,0.0
2026-01-04T21:00:00Z,0.0,0.0,0.0,0.0
2026-01-04T22:00:00Z,0.0,0.0,0.0,0.0
2026-01-04T23:00:00Z,0.0,0.0,0.0,0.0
2026-01-05T00:00:00Z,0.0,0.0,0.0,0.0
2026-01-05T01:00:00Z,0.0,0.0,0.0,0.0
2026-01-05T02:00:00Z,0.0,0.0,0.0,0.0
2026-01-05T03:00:00Z,0.0,0.0,0.0,0.0
2026-01-05T04:00:00Z,0.0,0.0,0.0,0.0
2026-01-05T05:00:00Z,0.0,0.0,0.0,0.0
2026-01-05T06:00:00Z,0.0,0.0,0.0,0.0
2026-01-05T07:00:00Z,6.433333333333334,4.3,9.0,6.0
2026-01-05T08:00:00Z,53.5,32.5,67.0,61.0
2026-01-05T09:00:00Z,90.43333333333334,45.3,113.0,113.0
2026-01-05T10:00:00Z,127.26666666666667,75.8,138.0,168.0
2026-01-05T11:00:00Z,141.0,97.0,143.0,183.0
2026-01-05T12:00:00Z,105.43333333333334,95.3,130.0,91.0
2026-01-05T13:00:00Z,84.66666666666667,99.0,99.0,56.0
2026-01-05T14:00:00Z,44.43333333333334,49.3,51.0,33.0
2026-01-05T15:00:00Z,2.6,1.8,4.0,2.0
2026-01-05T16:00:00Z,0.0,0.0,0.0,0.0
2026-01-05T17:00:00Z,0.0,0.0,0.0,0.0
2026-01-05T18:00:00Z,0.0,0.0,0.0,0.0
2026-01-05T19:00:00Z,0.0,0.0,0.0,0.0
2026-01-05T20:00:00Z,0.0,0.0,0.0,0.0
2026-01-05T21:00:00Z,0.0,0.0,0.0,0.0
2026-01-05T22:00:00Z,0.0,0.0,0.0,0.0
2026-01-05T23:00:00Z,0.0,0.0,0.0,0.0
2026-01-06T00:00:00Z,0.0,0.0,0.0,0.0
2026-01-06T01:00:00Z,0.0,0.0,0.0,0.0
2026-01-06T02:00:00Z,0.0,0.0,0.0,0.0
2026-01-06T03:00:00Z,0.0,0.0,0.0,0.0
2026-01-06T04:00:00Z,0.0,0.0,0.0,0.0
2026-01-06T05:00:00Z,0.0,0.0,0.0,0.0
2026-01-06T06:00:00Z,0.0,0.0,0.0,0.0
2026-01-06T07:00:00Z,7.6000000000000005,6.8,10.0,6.0
2026-01-06T08:00:00Z,72.16666666666667,62.5,73.0,81.0
2026-01-06T09:00:00Z,148.93333333333334,144.8,126.0,176.0
2026-01-06T10:00:00Z,194.33333333333334,203.0,163.0,217.0
2026-01-06T11:00:00Z,226.9333333333333,223.8,193.0,264.0
2026-01-06T12:00:00Z,212.66666666666666,198.0,202.0,238.0
2026-01-06T13:00:00Z,161.83333333333334,146.5,169.0,170.0
2026-01-06T14:00:00Z,74.5,60.5,90.0,73.0
2026-01-06T15:00:00Z,4.833333333333333,3.5,7.0,4.0
2026-01-06T16:00:00Z,0.0,0.0,0.0,0.0
2026-01-06T17:00:00Z,0.0,0.0,0.0,0.0
2026-01-06T18:00:00Z,0.0,0.0,0.0,0.0
2026-01-06T19:00:00Z,0.0,0.0,0.0,0.0
2026-01-06T20:00:00Z,0.0,0.0,0.0,0.0
2026-01-06T21:00:00Z,0.0,0.0,0.0,0.0
2026-01-06T22:00:00Z,0.0,0.0,0.0,0.0
2026-01-06T23:00:00Z,0.0,0.0,0.0,0.0
2026-01-07T00:00:00Z,0.0,0.0,0.0,0.0
2026-01-07T01:00:00Z,0.0,0.0,0.0,0.0
2026-01-07T02:00:00Z,0.0,0.0,0.0,0.0
2026-01-07T03:00:00Z,0.0,0.0,0.0,0.0
2026-01-07T04:00:00Z,0.0,0.0,0.0,0.0
2026-01-07T05:00:00Z,0.0,0.0,0.0,0.0
2026-01-07T06:00:00Z,0.0,0.0,0.0,0.0
2026-01-07T07:00:00Z,4.5,3.5,4.0,6.0
2026-01-07T08:00:00Z,46.76666666666667,35.3,39.0,66.0
2026-01-07T09:00:00Z,117.93333333333334,101.8,88.0,164.0
2026-01-07T10:00:00Z,162.1,183.3,134.0,169.0
2026-01-07T11:00:00Z,204.9333333333333,209.8,163.0,242.0
2026-01-07T12:00:00Z,177.6,159.8,167.0,206.0
2026-01-07T13:00:00Z,121.93333333333334,109.8,138.0,118.0
2026-01-07T14:00:00Z,54.5,51.5,74.0,38.0
2026-01-07T15:00:00Z,4.5,3.5,7.0,3.0
2026-01-07T16:00:00Z,0.0,0.0,0.0,0.0
2026-01-07T17:00:00Z,0.0,0.0,0.0,0.0
2026-01-07T18:00:00Z,0.0,0.0,0.0,0.0
2026-01-07T19:00:00Z,0.0,0.0,0.0,0.0
2026-01-07T20:00:00Z,0.0,0.0,0.0,0.0
2026-01-07T21:00:00Z,0.0,0.0,0.0,0.0
2026-01-07T22:00:00Z,0.0,0.0,0.0,0.0
2026-01-07T23:00:00Z,0.0,0.0,0.0,0.0
2026-01-08T00:00:00Z,0.0,0.0,0.0,0.0
2026-01-08T01:00:00Z,0.0,0.0,0.0,0.0
2026-01-08T02:00:00Z,0.0,0.0,0.0,0.0
2026-01-08T03:00:00Z,0.0,0.0,0.0,0.0
2026-01-08T04:00:00Z,0.0,0.0,0.0,0.0
2026-01-08T05:00:00Z,0.0,0.0,0.0,0.0
2026-01-08T06:00:00Z,0.0,0.0,0.0,0.0
2026-01-08T07:00:00Z,4.433333333333334,3.3,9.0,1.0
2026-01-08T08:00:00Z,37.333333333333336,39.0,62.0,11.0
2026-01-08T09:00:00Z,62.166666666666664,69.5,92.0,25.0
2026-01-08T10:00:00Z,64.66666666666667,65.0,98.0,31.0
2026-01-08T11:00:00Z,64.93333333333334,79.8,88.0,27.0
2026-01-08T12:00:00Z,66.43333333333334,89.3,68.0,42.0
2026-01-08T13:00:00Z,39.333333333333336,50.0,47.0,21.0
2026-01-08T14:00:00Z,18.433333333333334,23.3,25.0,7.0
2026-01-08T15:00:00Z,1.9333333333333333,2.8,3.0,0.0
2026-01-08T16:00:00Z,0.0,0.0,0.0,0.0
2026-01-08T17:00:00Z,0.0,0.0,0.0,0.0
2026-01-08T18:00:00Z,0.0,0.0,0.0,0.0
2026-01-08T19:00:00Z,0.0,0.0,0.0,0.0
2026-01-08T20:00:00Z,0.0,0.0,0.0,0.0
2026-01-08T21:00:00Z,0.0,0.0,0.0,0.0
2026-01-08T22:00:00Z,0.0,0.0,0.0,0.0
2026-01-08T23:00:00Z,0.0,0.0,0.0,0.0
2026-01-09T00:00:00Z,0.0,0.0,0.0,0.0
2026-01-09T01:00:00Z,0.0,0.0,0.0,0.0
2026-01-09T02:00:00Z,0.0,0.0,0.0,0.0
2026-01-09T03:00:00Z,0.0,0.0,0.0,0.0
2026-01-09T04:00:00Z,0.0,0.0,0.0,0.0
2026-01-09T05:00:00Z,0.0,0.0,0.0,0.0
2026-01-09T06:00:00Z,0.0,0.0,0.0,0.0
2026-01-09T07:00:00Z,4.333333333333333,4.0,6.0,3.0
2026-01-09T08:00:00Z,45.93333333333334,43.8,54.0,40.0
2026-01-09T09:00:00Z,106.5,109.5,119.0,91.0
2026-01-09T10:00:00Z,162.1,150.3,177.0,159.0
2026-01-09T11:00:00Z,189.5,179.5,216.0,173.0
2026-01-09T12:00:00Z,178.1,152.3,222.0,160.0
2026-01-09T13:00:00Z,155.6,132.8,177.0,157.0
2026-01-09T14:00:00Z,75.76666666666667,64.3,85.0,78.0
2026-01-09T15:00:00Z,5.5,4.5,7.0,5.0
2026-01-09T16:00:00Z,0.0,0.0,0.0,0.0
2026-01-09T17:00:00Z,0.0,0.0,0.0,0.0
2026-01-09T18:00:00Z,0.0,0.0,0.0,0.0
2026-01-09T19:00:00Z,0.0,0.0,0.0,0.0
2026-01-09T20:00:00Z,0.0,0.0,0.0,0.0
2026-01-09T21:00:00Z,0.0,0.0,0.0,0.0
2026-01-09T22:00:00Z,0.0,0.0,0.0,0.0
2026-01-09T23:00:00Z,0.0,0.0,0.0,0.0
2026-01-10T00:00:00Z,0.0,0.0,0.0,0.0
2026-01-10T01:00:00Z,0.0,0.0,0.0,0.0
2026-01-10T02:00:00Z,0.0,0.0,0.0,0.0
2026-01-10T03:00:00Z,0.0,0.0,0.0,0.0
2026-01-10T04:00:00Z,0.0,0.0,0.0,0.0
2026-01-10T05:00:00Z,0.0,0.0,0.0,0.0
2026-01-10T06:00:00Z,0.0,0.0,0.0,0.0
2026-01-10T07:00:00Z,7.766666666666667,7.3,8.0,8.0
2026-01-10T08:00:00Z,65.43333333333334,51.3,60.0,85.0
2026-01-10T09:00:00Z,141.6,116.8,124.0,184.0
2026-01-10T10:00:00Z,204.26666666666665,180.8,178.0,254.0
2026-01-10T11:00:00Z,234.0,217.0,209.0,276.0
2026-01-10T12:00:00Z,229.16666666666666,233.5,207.0,247.0
2026-01-10T13:00:00Z,157.43333333333334,162.3,161.0,149.0
2026-01-10T14:00:00Z,73.26666666666667,70.8,78.0,71.0
2026-01-10T15:00:00Z,6.166666666666667,5.5,7.0,6.0
2026-01-10T16:00:00Z,0.0,0.0,0.0,0.0
2026-01-10T17:00:00Z,0.0,0.0,0.0,0.0
2026-01-10T18:00:00Z,0.0,0.0,0.0,0.0
2026-01-10T19:00:00Z,0.0,0.0,0.0,0.0
2026-01-10T20:00:00Z,0.0,0.0,0.0,0.0
2026-01-10T21:00:00Z,0.0,0.0,0.0,0.0
2026-01-10T22:00:00Z,0.0,0.0,0.0,0.0
2026-01-10T23:00:00Z,0.0,0.0,0.0,0.0
2026-01-11T00:00:00Z,0.0,0.0,0.0,0.0
2026-01-11T01:00:00Z,0.0,0.0,0.0,0.0
2026-01-11T02:00:00Z,0.0,0.0,0.0,0.0
2026-01-11T03:00:00Z,0.0,0.0,0.0,0.0
2026-01-11T04:00:00Z,0.0,0.0,0.0,0.0
2026-01-11T05:00:00Z,0.0,0.0,0.0,0.0
2026-01-11T06:00:00Z,0.0,0.0,0.0,0.0
2026-01-11T07:00:00Z,1.9333333333333333,1.8,3.0,1.0
2026-01-11T08:00:00Z,13.333333333333334,14.0,22.0,4.0
2026-01-11T09:00:00Z,28.266666666666666,26.8,42.0,16.0
2026-01-11T10:00:00Z,36.0,37.0,56.0,15.0
2026-01-11T11:00:00Z,40.1,49.3,60.0,11.0
2026-01-11T12:00:00Z,46.166666666666664,27.5,56.0,55.0
2026-01-11T13:00:00Z,36.0,30.0,43.0,35.0
2026-01-11T14:00:00Z,16.833333333333332,12.5,24.0,14.0
2026-01-11T15:00:00Z,2.433333333333333,2.3,3.0,2.0
2026-01-11T16:00:00Z,0.0,0.0,0.0,0.0
2026-01-11T17:00:00Z,0.0,0.0,0.0,0.0
2026-01-11T18:00:00Z,0.0,0.0,0.0,0.0
2026-01-11T19:00:00Z,0.0,0.0,0.0,0.0
2026-01-11T20:00:00Z,0.0,0.0,0.0,0.0
2026-01-11T21:00:00Z,0.0,0.0,0.0,0.0
2026-01-11T22:00:00Z,0.0,0.0,0.0,0.0
2026-01-11T23:00:00Z,0.0,0.0,0.0,0.0
2026-01-12T00:00:00Z,0.0,0.0,0.0,0.0
2026-01-12T01:00:00Z,0.0,0.0,0.0,0.0
2026-01-12T02:00:00Z,0.0,0.0,0.0,0.0
2026-01-12T03:00:00Z,0.0,0.0,0.0,0.0
2026-01-12T04:00:00Z,0.0,0.0,0.0,0.0
2026-01-12T05:00:00Z,0.0,0.0,0.0,0.0
2026-01-12T06:00:00Z,0.0,0.0,0.0,0.0
2026-01-12T07:00:00Z,4.166666666666667,6.5,4.0,2.0
2026-01-12T08:00:00Z,32.833333333333336,51.5,28.0,19.0
2026-01-12T09:00:00Z,65.5,109.5,58.0,29.0
2026-01-12T10:00:00Z,89.16666666666667,137.5,84.0,46.0
2026-01-12T11:00:00Z,101.76666666666667,121.3,96.0,88.0
2026-01-12T12:00:00Z,97.43333333333334,102.3,93.0,97.0
2026-01-12T13:00:00Z,71.43333333333334,79.3,75.0,60.0
2026-01-12T14:00:00Z,33.833333333333336,25.5,43.0,33.0
2026-01-12T15:00:00Z,3.6,1.8,6.0,3.0
2026-01-12T16:00:00Z,0.0,0.0,0.0,0.0
2026-01-12T17:00:00Z,0.0,0.0,0.0,0.0
2026-01-12T18:00:00Z,0.0,0.0,0.0,0.0
2026-01-12T19:00:00Z,0.0,0.0,0.0,0.0
2026-01-12T20:00:00Z,0.0,0.0,0.0,0.0
2026-01-12T21:00:00Z,0.0,0.0,0.0,0.0
2026-01-12T22:00:00Z,0.0,0.0,0.0,0.0
2026-01-12T23:00:00Z,0.0,0.0,0.0,0.0
2026-01-13T00:00:00Z,0.0,0.0,0.0,0.0
2026-01-13T01:00:00Z,0.0,0.0,0.0,0.0
2026-01-13T02:00:00Z,0.0,0.0,0.0,0.0
2026-01-13T03:00:00Z,0.0,0.0,0.0,0.0
2026-01-13T04:00:00Z,0.0,0.0,0.0,0.0
2026-01-13T05:00:00Z,0.0,0.0,0.0,0.0
2026-01-13T06:00:00Z,0.0,0.0,0.0,0.0
2026-01-13T07:00:00Z,2.9333333333333336,2.8,2.0,4.0
2026-01-13T08:00:00Z,20.099999999999998,14.3,15.0,31.0
2026-01-13T09:00:00Z,21.0,28.0,27.0,8.0
2026-01-13T10:00:00Z,29.433333333333334,34.3,36.0,18.0
2026-01-13T11:00:00Z,29.666666666666668,33.0,44.0,12.0
2026-01-13T12:00:00Z,29.166666666666668,28.5,49.0,10.0
2026-01-13T13:00:00Z,23.766666666666666,22.3,42.0,7.0
2026-01-13T14:00:00Z,12.6,8.8,24.0,5.0
2026-01-13T15:00:00Z,1.6666666666666667,1.0,3.0,1.0
2026-01-13T16:00:00Z,0.0,0.0,0.0,0.0
2026-01-13T17:00:00Z,0.0,0.0,0.0,0.0
2026-01-13T18:00:00Z,0.0,0.0,0.0,0.0
2026-01-13T19:00:00Z,0.0,0.0,0.0,0.0
2026-01-13T20:00:00Z,0.0,0.0,0.0,0.0
2026-01-13T21:00:00Z,0.0,0.0,0.0,0.0
2026-01-13T22:00:00Z,0.0,0.0,0.0,0.0
2026-01-13T23:00:00Z,0.0,0.0,0.0,0.0
2026-01-14T00:00:00Z,0.0,0.0,0.0,0.0
2026-01-14T01:00:00Z,0.0,0.0,0.0,0.0
2026-01-14T02:00:00Z,0.0,0.0,0.0,0.0
2026-01-14T03:00:00Z,0.0,0.0,0.0,0.0
2026-01-14T04:00:00Z,0.0,0.0,0.0,0.0
2026-01-14T05:00:00Z,0.0,0.0,0.0,0.0
2026-01-14T06:00:00Z,0.0,0.0,0.0,0.0
2026-01-14T07:00:00Z,5.266666666666667,4.8,11.0,0.0
2026-01-14T08:00:00Z,49.43333333333334,35.3,63.0,50.0
2026-01-14T09:00:00Z,104.83333333333333,72.5,97.0,145.0
2026-01-14T10:00:00Z,159.26666666666668,163.8,112.0,202.0
2026-01-14T11:00:00Z,161.33333333333334,190.0,114.0,180.0
2026-01-14T12:00:00Z,99.60000000000001,106.8,103.0,89.0
2026-01-14T13:00:00Z,71.16666666666667,77.5,78.0,58.0
2026-01-14T14:00:00Z,41.1,45.3,42.0,36.0
2026-01-14T15:00:00Z,7.266666666666667,6.8,6.0,9.0
2026-01-14T16:00:00Z,0.0,0.0,0.0,0.0
2026-01-14T17:00:00Z,0.0,0.0,0.0,0.0
2026-01-14T18:00:00Z,0.0,0.0,0.0,0.0
2026-01-14T19:00:00Z,0.0,0.0,0.0,0.0
2026-01-14T20:00:00Z,0.0,0.0,0.0,0.0
2026-01-14T21:00:00Z,0.0,0.0,0.0,0.0
2026-01-14T22:00:00Z,0.0,0.0,0.0,0.0
2026-01-14T23:00:00Z,0.0,0.0,0.0,0.0
2026-01-15T00:00:00Z,0.0,0.0,0.0,0.0
2026-01-15T01:00:00Z,0.0,0.0,0.0,0.0
2026-01-15T02:00:00Z,0.0,0.0,0.0,0.0
2026-01-15T03:00:00Z,0.0,0.0,0.0,0.0
2026-01-15T04:00:00Z,0.0,0.0,0.0,0.0
2026-01-15T05:00:00Z,0.0,0.0,0.0,0.0
2026-01-15T06:00:00Z,0.0,0.0,0.0,0.0
2026-01-15T07:00:00Z,10.666666666666666,10.0,14.0,8.0
2026-01-15T08:00:00Z,75.93333333333334,75.8,90.0,62.0
2026-01-15T09:00:00Z,139.33333333333334,154.0,171.0,93.0
2026-01-15T10:00:00Z,184.33333333333334,203.0,233.0,117.0
2026-01-15T11:00:00Z,243.76666666666665,216.3,259.0,256.0
2026-01-15T12:00:00Z,224.26666666666665,194.8,245.0,233.0
2026-01-15T13:00:00Z,166.1,127.3,188.0,183.0
2026-01-15T14:00:00Z,87.60000000000001,73.8,99.0,90.0
2026-01-15T15:00:00Z,10.933333333333332,8.8,14.0,10.0
2026-01-15T16:00:00Z,0.0,0.0,0.0,0.0
2026-01-15T17:00:00Z,0.0,0.0,0.0,0.0
2026-01-15T18:00:00Z,0.0,0.0,0.0,0.0
2026-01-15T19:00:00Z,0.0,0.0,0.0,0.0
2026-01-15T20:00:00Z,0.0,0.0,0.0,0.0
2026-01-15T21:00:00Z,0.0,0.0,0.0,0.0
2026-01-15T22:00:00Z,0.0,0.0,0.0,0.0
2026-01-15T23:00:00Z,0.0,0.0,0.0,0.0
2026-01-16T00:00:00Z,0.0,0.0,0.0,0.0
2026-01-16T01:00:00Z,0.0,0.0,0.0,0.0
2026-01-16T02:00:00Z,0.0,0.0,0.0,0.0
2026-01-16T03:00:00Z,0.0,0.0,0.0,0.0
2026-01-16T04:00:00Z,0.0,0.0,0.0,0.0
2026-01-16T05:00:00Z,0.0,0.0,0.0,0.0
2026-01-16T06:00:00Z,0.0,0.0,0.0,0.0
2026-01-16T07:00:00Z,11.6,10.8,14.0,10.0
2026-01-16T08:00:00Z,78.10000000000001,81.3,89.0,64.0
2026-01-16T09:00:00Z,155.83333333333334,162.5,176.0,129.0
2026-01-16T10:00:00Z,207.9333333333333,217.8,242.0,164.0
2026-01-16T11:00:00Z,240.33333333333334,231.0,263.0,227.0
2026-01-16T12:00:00Z,200.4333333333333,169.3,241.0,191.0
2026-01-16T13:00:00Z,145.43333333333334,122.3,181.0,133.0
2026-01-16T14:00:00Z,75.43333333333334,69.3,94.0,63.0
2026-01-16T15:00:00Z,11.5,9.5,14.0,11.0
2026-01-16T16:00:00Z,0.0,0.0,0.0,0.0
2026-01-16T17:00:00Z,0.0,0.0,0.0,0.0
2026-01-16T18:00:00Z,0.0,0.0,0.0,0.0
2026-01-16T19:00:00Z,0.0,0.0,0.0,0.0
2026-01-16T20:00:00Z,0.0,0.0,0.0,0.0
2026-01-16T21:00:00Z,0.0,0.0,0.0,0.0
2026-01-16T22:00:00Z,0.0,0.0,0.0,0.0
2026-01-16T23:00:00Z,0.0,0.0,0.0,0.0
2026-01-17T00:00:00Z,0.0,0.0,0.0,0.0
2026-01-17T01:00:00Z,0.0,0.0,0.0,0.0
2026-01-17T02:00:00Z,0.0,0.0,0.0,0.0
2026-01-17T03:00:00Z,0.0,0.0,0.0,0.0
2026-01-17T04:00:00Z,0.0,0.0,0.0,0.0
2026-01-17T05:00:00Z,0.0,0.0,0.0,0.0
2026-01-17T06:00:00Z,0.0,0.0,0.0,0.0
2026-01-17T07:00:00Z,9.433333333333334,5.3,11.0,12.0
2026-01-17T08:00:00Z,68.5,34.5,72.0,99.0
2026-01-17T09:00:00Z,145.76666666666668,87.3,153.0,197.0
2026-01-17T10:00:00Z,205.66666666666666,134.0,224.0,259.0
2026-01-17T11:00:00Z,203.26666666666665,183.8,262.0,164.0
2026-01-17T12:00:00Z,197.1,179.3,258.0,154.0
2026-01-17T13:00:00Z,158.5,144.5,205.0,126.0
2026-01-17T14:00:00Z,93.83333333333333,79.5,110.0,92.0
2026-01-17T15:00:00Z,13.833333333333334,10.5,18.0,13.0
2026-01-17T16:00:00Z,0.0,0.0,0.0,0.0
2026-01-17T17:00:00Z,0.0,0.0,0.0,0.0
2026-01-17T18:00:00Z,0.0,0.0,0.0,0.0
2026-01-17T19:00:00Z,0.0,0.0,0.0,0.0
2026-01-17T20:00:00Z,0.0,0.0,0.0,0.0
2026-01-17T21:00:00Z,0.0,0.0,0.0,0.0
2026-01-17T22:00:00Z,0.0,0.0,0.0,0.0
2026-01-17T23:00:00Z,0.0,0.0,0.0,0.0
2026-01-18T00:00:00Z,0.0,0.0,0.0,0.0
2026-01-18T01:00:00Z,0.0,0.0,0.0,0.0
2026-01-18T02:00:00Z,0.0,0.0,0.0,0.0
2026-01-18T03:00:00Z,0.0,0.0,0.0,0.0
2026-01-18T04:00:00Z,0.0,0.0,0.0,0.0
2026-01-18T05:00:00Z,0.0,0.0,0.0,0.0
2026-01-18T06:00:00Z,0.0,0.0,0.0,0.0
2026-01-18T07:00:00Z,15.1,12.3,20.0,13.0
2026-01-18T08:00:00Z,99.26666666666667,85.8,110.0,102.0
2026-01-18T09:00:00Z,190.9333333333333,172.8,201.0,199.0
2026-01-18T10:00:00Z,254.76666666666665,233.3,266.0,265.0
2026-01-18T11:00:00Z,276.8333333333333,254.5,288.0,288.0
2026-01-18T12:00:00Z,254.4333333333333,231.3,266.0,266.0
2026-01-18T13:00:00Z,192.66666666666666,171.0,205.0,202.0
2026-01-18T14:00:00Z,101.16666666666667,84.5,113.0,106.0
2026-01-18T15:00:00Z,15.5,11.5,20.0,15.0
2026-01-18T16:00:00Z,0.0,0.0,0.0,0.0
2026-01-18T17:00:00Z,0.0,0.0,0.0,0.0
2026-01-18T18:00:00Z,0.0,0.0,0.0,0.0
2026-01-18T19:00:00Z,0.0,0.0,0.0,0.0
2026-01-18T20:00:00Z,0.0,0.0,0.0,0.0
2026-01-18T21:00:00Z,0.0,0.0,0.0,0.0
2026-01-18T22:00:00Z,0.0,0.0,0.0,0.0
2026-01-18T23:00:00Z,0.0,0.0,0.0,0.0
2026-01-19T00:00:00Z,0.0,0.0,0.0,0.0
2026-01-19T01:00:00Z,0.0,0.0,0.0,0.0
2026-01-19T02:00:00Z,0.0,0.0,0.0,0.0
2026-01-19T03:00:00Z,0.0,0.0,0.0,0.0
2026-01-19T04:00:00Z,0.0,0.0,0.0,0.0
2026-01-19T05:00:00Z,0.0,0.0,0.0,0.0
2026-01-19T06:00:00Z,0.0,0.0,0.0,0.0
2026-01-19T07:00:00Z,16.166666666666668,13.5,21.0,14.0
2026-01-19T08:00:00Z,102.76666666666667,89.3,113.0,106.0
2026-01-19T09:00:00Z,195.83333333333334,175.5,206.0,206.0
2026-01-19T10:00:00Z,261.3333333333333,238.0,273.0,273.0
2026-01-19T11:00:00Z,285.1666666666667,261.5,296.0,298.0
2026-01-19T12:00:00Z,262.59999999999997,238.8,274.0,275.0
2026-01-19T13:00:00Z,199.26666666666665,177.8,210.0,210.0
2026-01-19T14:00:00Z,105.10000000000001,90.3,114.0,111.0
2026-01-19T15:00:00Z,16.599999999999998,12.8,21.0,16.0
2026-01-19T16:00:00Z,0.0,0.0,0.0,0.0
2026-01-19T17:00:00Z,0.0,0.0,0.0,0.0
2026-01-19T18:00:00Z,0.0,0.0,0.0,0.0
2026-01-19T19:00:00Z,0.0,0.0,0.0,0.0
2026-01-19T20:00:00Z,0.0,0.0,0.0,0.0
2026-01-19T21:00:00Z,0.0,0.0,0.0,0.0
2026-01-19T22:00:00Z,0.0,0.0,0.0,0.0
2026-01-19T23:00:00Z,0.0,0.0,0.0,0.0
2026-01-20T00:00:00Z,0.0,0.0,0.0,0.0
2026-01-20T01:00:00Z,0.0,0.0,0.0,0.0
2026-01-20T02:00:00Z,0.0,0.0,0.0,0.0
2026-01-20T03:00:00Z,0.0,0.0,0.0,0.0
2026-01-20T04:00:00Z,0.0,0.0,0.0,0.0
2026-01-20T05:00:00Z,0.0,0.0,0.0,0.0
2026-01-20T06:00:00Z,0.0,0.0,0.0,0.0
2026-01-20T07:00:00Z,16.766666666666666,14.3,23.0,13.0
2026-01-20T08:00:00Z,104.33333333333333,95.0,118.0,100.0
2026-01-20T09:00:00Z,202.6,186.8,213.0,208.0
2026-01-20T10:00:00Z,269.8333333333333,251.5,282.0,276.0
2026-01-20T11:00:00Z,293.59999999999997,275.8,307.0,298.0
2026-01-20T12:00:00Z,272.59999999999997,252.8,287.0,278.0
2026-01-20T13:00:00Z,205.9333333333333,188.8,222.0,207.0
2026-01-20T14:00:00Z,109.0,97.0,123.0,107.0
2026-01-20T15:00:00Z,19.266666666666666,15.8,24.0,18.0
2026-01-20T16:00:00Z,0.0,0.0,0.0,0.0
2026-01-20T17:00:00Z,0.0,0.0,0.0,0.0
2026-01-20T18:00:00Z,0.0,0.0,0.0,0.0
2026-01-20T19:00:00Z,0.0,0.0,0.0,0.0
2026-01-20T20:00:00Z,0.0,0.0,0.0,0.0
2026-01-20T21:00:00Z,0.0,0.0,0.0,0.0
2026-01-20T22:00:00Z,0.0,0.0,0.0,0.0
2026-01-20T23:00:00Z,0.0,0.0,0.0,0.0
2026-01-21T00:00:00Z,0.0,0.0,0.0,0.0
2026-01-21T01:00:00Z,0.0,0.0,0.0,0.0
2026-01-21T02:00:00Z,0.0,0.0,0.0,0.0
2026-01-21T03:00:00Z,0.0,0.0,0.0,0.0
2026-01-21T04:00:00Z,0.0,0.0,0.0,0.0
2026-01-21T05:00:00Z,0.0,0.0,0.0,0.0
2026-01-21T06:00:00Z,0.0,0.0,0.0,0.0
2026-01-21T07:00:00Z,19.5,16.5,25.0,17.0
2026-01-21T08:00:00Z,114.43333333333334,102.3,124.0,117.0
2026-01-21T09:00:00Z,212.4333333333333,196.3,220.0,221.0
2026-01-21T10:00:00Z,280.0,261.0,289.0,290.0
2026-01-21T11:00:00Z,304.93333333333334,286.8,314.0,314.0
2026-01-21T12:00:00Z,283.26666666666665,265.8,292.0,292.0
2026-01-21T13:00:00Z,218.0,201.0,228.0,225.0
2026-01-21T14:00:00Z,119.43333333333334,106.3,129.0,123.0
2026-01-21T15:00:00Z,21.933333333333334,17.8,27.0,21.0
2026-01-21T16:00:00Z,0.0,0.0,0.0,0.0
2026-01-21T17:00:00Z,0.0,0.0,0.0,0.0
2026-01-21T18:00:00Z,0.0,0.0,0.0,0.0
2026-01-21T19:00:00Z,0.0,0.0,0.0,0.0
2026-01-21T20:00:00Z,0.0,0.0,0.0,0.0
2026-01-21T21:00:00Z,0.0,0.0,0.0,0.0
2026-01-21T22:00:00Z,0.0,0.0,0.0,0.0
2026-01-21T23:00:00Z,0.0,0.0,0.0,0.0
2026-01-22T00:00:00Z,0.0,0.0,0.0,0.0
2026-01-22T01:00:00Z,0.0,0.0,0.0,0.0
2026-01-22T02:00:00Z,0.0,0.0,0.0,0.0
2026-01-22T03:00:00Z,0.0,0.0,0.0,0.0
2026-01-22T04:00:00Z,0.0,0.0,0.0,0.0
2026-01-22T05:00:00Z,0.0,0.0,0.0,0.0
2026-01-22T06:00:00Z,0.0,0.0,0.0,0.0
2026-01-22T07:00:00Z,13.5,8.5,19.0,13.0
2026-01-22T08:00:00Z,69.26666666666667,44.8,91.0,72.0
2026-01-22T09:00:00Z,150.0,135.0,160.0,155.0
2026-01-22T10:00:00Z,204.9333333333333,196.8,208.0,210.0
2026-01-22T11:00:00Z,155.43333333333334,195.3,222.0,49.0
2026-01-22T12:00:00Z,156.16666666666666,175.5,203.0,90.0
2026-01-22T13:00:00Z,140.26666666666668,162.8,158.0,100.0
2026-01-22T14:00:00Z,85.83333333333333,92.5,94.0,71.0
2026-01-22T15:00:00Z,19.766666666666666,17.3,22.0,20.0
2026-01-22T16:00:00Z,0.0,0.0,0.0,0.0
2026-01-22T17:00:00Z,0.0,0.0,0.0,0.0
2026-01-22T18:00:00Z,0.0,0.0,0.0,0.0
2026-01-22T19:00:00Z,0.0,0.0,0.0,0.0
2026-01-22T20:00:00Z,0.0,0.0,0.0,0.0
2026-01-22T21:00:00Z,0.0,0.0,0.0,0.0
2026-01-22T22:00:00Z,0.0,0.0,0.0,0.0
2026-01-22T23:00:00Z,0.0,0.0,0.0,0.0
2026-01-23T00:00:00Z,0.0,0.0,0.0,0.0
2026-01-23T01:00:00Z,0.0,0.0,0.0,0.0
2026-01-23T02:00:00Z,0.0,0.0,0.0,0.0
2026-01-23T03:00:00Z,0.0,0.0,0.0,0.0
2026-01-23T04:00:00Z,0.0,0.0,0.0,0.0
2026-01-23T05:00:00Z,0.0,0.0,0.0,0.0
2026-01-23T06:00:00Z,0.0,0.0,0.0,0.0
2026-01-23T07:00:00Z,13.666666666666666,9.0,23.0,9.0
2026-01-23T08:00:00Z,66.83333333333333,59.5,92.0,49.0
2026-01-23T09:00:00Z,128.0,127.0,136.0,121.0
2026-01-23T10:00:00Z,158.6,148.8,157.0,170.0
2026-01-23T11:00:00Z,193.0,172.0,165.0,242.0
2026-01-23T12:00:00Z,179.6,182.8,156.0,200.0
2026-01-23T13:00:00Z,129.0,116.0,124.0,147.0
2026-01-23T14:00:00Z,79.43333333333334,82.3,71.0,85.0
2026-01-23T15:00:00Z,18.333333333333332,17.0,17.0,21.0
2026-01-23T16:00:00Z,0.0,0.0,0.0,0.0
2026-01-23T17:00:00Z,0.0,0.0,0.0,0.0
2026-01-23T18:00:00Z,0.0,0.0,0.0,0.0
2026-01-23T19:00:00Z,0.0,0.0,0.0,0.0
2026-01-23T20:00:00Z,0.0,0.0,0.0,0.0
2026-01-23T21:00:00Z,0.0,0.0,0.0,0.0
2026-01-23T22:00:00Z,0.0,0.0,0.0,0.0
2026-01-23T23:00:00Z,0.0,0.0,0.0,0.0
2026-01-24T00:00:00Z,0.0,0.0,0.0,0.0
2026-01-24T01:00:00Z,0.0,0.0,0.0,0.0
2026-01-24T02:00:00Z,0.0,0.0,0.0,0.0
2026-01-24T03:00:00Z,0.0,0.0,0.0,0.0
2026-01-24T04:00:00Z,0.0,0.0,0.0,0.0
2026-01-24T05:00:00Z,0.0,0.0,0.0,0.0
2026-01-24T06:00:00Z,0.0,0.0,0.0,0.0
2026-01-24T07:00:00Z,17.266666666666666,14.8,19.0,18.0
2026-01-24T08:00:00Z,78.66666666666667,71.0,82.0,83.0
2026-01-24T09:00:00Z,139.16666666666666,127.5,142.0,148.0
2026-01-24T10:00:00Z,170.76666666666665,166.3,183.0,163.0
2026-01-24T11:00:00Z,205.66666666666666,214.0,197.0,206.0
2026-01-24T12:00:00Z,181.4333333333333,185.3,183.0,176.0
2026-01-24T13:00:00Z,151.1,131.3,141.0,181.0
2026-01-24T14:00:00Z,81.10000000000001,77.3,79.0,87.0
2026-01-24T15:00:00Z,15.5,13.5,18.0,15.0
2026-01-24T16:00:00Z,0.0,0.0,0.0,0.0
2026-01-24T17:00:00Z,0.0,0.0,0.0,0.0
2026-01-24T18:00:00Z,0.0,0.0,0.0,0.0
2026-01-24T19:00:00Z,0.0,0.0,0.0,0.0
2026-01-24T20:00:00Z,0.0,0.0,0.0,0.0
2026-01-24T21:00:00Z,0.0,0.0,0.0,0.0
2026-01-24T22:00:00Z,0.0,0.0,0.0,0.0
2026-01-24T23:00:00Z,0.0,0.0,0.0,0.0
2026-01-25T00:00:00Z,0.0,0.0,0.0,0.0
2026-01-25T01:00:00Z,0.0,0.0,0.0,0.0
2026-01-25T02:00:00Z,0.0,0.0,0.0,0.0
2026-01-25T03:00:00Z,0.0,0.0,0.0,0.0
2026-01-25T04:00:00Z,0.0,0.0,0.0,0.0
2026-01-25T05:00:00Z,0.0,0.0,0.0,0.0
2026-01-25T06:00:00Z,0.0,0.0,0.0,0.0
2026-01-25T07:00:00Z,8.766666666666667,8.3,10.0,8.0
2026-01-25T08:00:00Z,46.0,37.0,40.0,61.0
2026-01-25T09:00:00Z,80.76666666666667,76.3,67.0,99.0
2026-01-25T10:00:00Z,96.33333333333333,104.0,85.0,100.0
2026-01-25T11:00:00Z,127.43333333333334,121.3,94.0,167.0
2026-01-25T12:00:00Z,116.43333333333334,100.3,91.0,158.0
2026-01-25T13:00:00Z,96.76666666666667,103.3,71.0,116.0
2026-01-25T14:00:00Z,54.43333333333334,56.3,38.0,69.0
2026-01-25T15:00:00Z,11.833333333333334,9.5,8.0,18.0
2026-01-25T16:00:00Z,0.0,0.0,0.0,0.0
2026-01-25T17:00:00Z,0.0,0.0,0.0,0.0
2026-01-25T18:00:00Z,0.0,0.0,0.0,0.0
2026-01-25T19:00:00Z,0.0,0.0,0.0,0.0
2026-01-25T20:00:00Z,0.0,0.0,0.0,0.0
2026-01-25T21:00:00Z,0.0,0.0,0.0,0.0
2026-01-25T22:00:00Z,0.0,0.0,0.0,0.0
2026-01-25T23:00:00Z,0.0,0.0,0.0,0.0
2026-01-26T00:00:00Z,0.0,0.0,0.0,0.0
2026-01-26T01:00:00Z,0.0,0.0,0.0,0.0
2026-01-26T02:00:00Z,0.0,0.0,0.0,0.0
2026-01-26T03:00:00Z,0.0,0.0,0.0,0.0
2026-01-26T04:00:00Z,0.0,0.0,0.0,0.0
2026-01-26T05:00:00Z,0.0,0.0,0.0,0.0
2026-01-26T06:00:00Z,0.0,0.0,0.0,0.0
2026-01-26T07:00:00Z,10.933333333333332,12.8,12.0,8.0
2026-01-26T08:00:00Z,61.43333333333334,59.3,52.0,73.0
2026-01-26T09:00:00Z,154.83333333333334,145.5,98.0,221.0
2026-01-26T10:00:00Z,199.0,163.0,139.0,295.0
2026-01-26T11:00:00Z,205.76666666666665,195.3,165.0,257.0
2026-01-26T12:00:00Z,203.9333333333333,200.8,171.0,240.0
2026-01-26T13:00:00Z,168.16666666666666,164.5,146.0,194.0
2026-01-26T14:00:00Z,95.76666666666667,93.3,91.0,103.0
2026-01-26T15:00:00Z,23.833333333333332,21.5,26.0,24.0
2026-01-26T16:00:00Z,0.0,0.0,0.0,0.0
2026-01-26T17:00:00Z,0.0,0.0,0.0,0.0
2026-01-26T18:00:00Z,0.0,0.0,0.0,0.0
2026-01-26T19:00:00Z,0.0,0.0,0.0,0.0
2026-01-26T20:00:00Z,0.0,0.0,0.0,0.0
2026-01-26T21:00:00Z,0.0,0.0,0.0,0.0
2026-01-26T22:00:00Z,0.0,0.0,0.0,0.0
2026-01-26T23:00:00Z,0.0,0.0,0.0,0.0
2026-01-27T00:00:00Z,0.0,0.0,0.0,0.0
2026-01-27T01:00:00Z,0.0,0.0,0.0,0.0
2026-01-27T02:00:00Z,0.0,0.0,0.0,0.0
2026-01-27T03:00:00Z,0.0,0.0,0.0,0.0
2026-01-27T04:00:00Z,0.0,0.0,0.0,0.0
2026-01-27T05:00:00Z,0.0,0.0,0.0,0.0
2026-01-27T06:00:00Z,0.0,0.0,0.0,0.0
2026-01-27T07:00:00Z,9.833333333333334,11.5,12.0,6.0
2026-01-27T08:00:00Z,44.0,41.0,46.0,45.0
2026-01-27T09:00:00Z,86.93333333333334,91.8,76.0,93.0
2026-01-27T10:00:00Z,113.93333333333334,113.8,100.0,128.0
2026-01-27T11:00:00Z,118.16666666666667,119.5,117.0,118.0
2026-01-27T12:00:00Z,108.26666666666667,107.8,121.0,96.0
2026-01-27T13:00:00Z,88.0,77.0,102.0,85.0
2026-01-27T14:00:00Z,55.833333333333336,48.5,62.0,57.0
2026-01-27T15:00:00Z,13.6,11.8,17.0,12.0
2026-01-27T16:00:00Z,0.0,0.0,0.0,0.0
2026-01-27T17:00:00Z,0.0,0.0,0.0,0.0
2026-01-27T18:00:00Z,0.0,0.0,0.0,0.0
2026-01-27T19:00:00Z,0.0,0.0,0.0,0.0
2026-01-27T20:00:00Z,0.0,0.0,0.0,0.0
2026-01-27T21:00:00Z,0.0,0.0,0.0,0.0
2026-01-27T22:00:00Z,0.0,0.0,0.0,0.0
2026-01-27T23:00:00Z,0.0,0.0,0.0,0.0
2026-01-28T00:00:00Z,0.0,0.0,0.0,0.0
2026-01-28T01:00:00Z,0.0,0.0,0.0,0.0
2026-01-28T02:00:00Z,0.0,0.0,0.0,0.0
2026-01-28T03:00:00Z,0.0,0.0,0.0,0.0
2026-01-28T04:00:00Z,0.0,0.0,0.0,0.0
2026-01-28T05:00:00Z,0.0,0.0,0.0,0.0
2026-01-28T06:00:00Z,0.0,0.0,0.0,0.0
2026-01-28T07:00:00Z,13.5,14.5,15.0,11.0
2026-01-28T08:00:00Z,52.93333333333334,66.8,60.0,32.0
2026-01-28T09:00:00Z,90.26666666666667,98.8,110.0,62.0
2026-01-28T10:00:00Z,126.76666666666667,144.3,148.0,88.0
2026-01-28T11:00:00Z,142.0,156.0,153.0,117.0
2026-01-28T12:00:00Z,135.5,140.5,132.0,134.0
2026-01-28T13:00:00Z,100.26666666666667,99.8,96.0,105.0
2026-01-28T14:00:00Z,52.833333333333336,55.5,54.0,49.0
2026-01-28T15:00:00Z,13.766666666666666,15.3,15.0,11.0
2026-01-28T16:00:00Z,0.0,0.0,0.0,0.0
2026-01-28T17:00:00Z,0.0,0.0,0.0,0.0
2026-01-28T18:00:00Z,0.0,0.0,0.0,0.0
2026-01-28T19:00:00Z,0.0,0.0,0.0,0.0
2026-01-28T20:00:00Z,0.0,0.0,0.0,0.0
2026-01-28T21:00:00Z,0.0,0.0,0.0,0.0
2026-01-28T22:00:00Z,0.0,0.0,0.0,0.0
2026-01-28T23:00:00Z,0.0,0.0,0.0,0.0
2026-01-29T00:00:00Z,0.0,0.0,0.0,0.0
2026-01-29T01:00:00Z,0.0,0.0,0.0,0.0
2026-01-29T02:00:00Z,0.0,0.0,0.0,0.0
2026-01-29T03:00:00Z,0.0,0.0,0.0,0.0
2026-01-29T04:00:00Z,0.0,0.0,0.0,0.0
2026-01-29T05:00:00Z,0.0,0.0,0.0,0.0
2026-01-29T06:00:00Z,0.0,0.0,0.0,0.0
2026-01-29T07:00:00Z,17.766666666666666,21.3,21.0,11.0
2026-01-29T08:00:00Z,72.16666666666667,87.5,80.0,49.0
2026-01-29T09:00:00Z,118.0,109.0,141.0,104.0
2026-01-29T10:00:00Z,171.0,166.0,195.0,152.0
2026-01-29T11:00:00Z,214.1,223.3,236.0,183.0
2026-01-29T12:00:00Z,245.26666666666665,299.8,250.0,186.0
2026-01-29T13:00:00Z,235.83333333333334,239.5,217.0,251.0
2026-01-29T14:00:00Z,137.33333333333334,137.0,137.0,138.0
2026-01-29T15:00:00Z,33.0,34.0,43.0,22.0
2026-01-29T16:00:00Z,0.0,0.0,0.0,0.0
2026-01-29T17:00:00Z,0.0,0.0,0.0,0.0
2026-01-29T18:00:00Z,0.0,0.0,0.0,0.0
2026-01-29T19:00:00Z,0.0,0.0,0.0,0.0
2026-01-29T20:00:00Z,0.0,0.0,0.0,0.0
2026-01-29T21:00:00Z,0.0,0.0,0.0,0.0
2026-01-29T22:00:00Z,0.0,0.0,0.0,0.0
2026-01-29T23:00:00Z,0.0,0.0,0.0,0.0
2026-01-30T00:00:00Z,0.0,0.0,0.0,0.0
2026-01-30T01:00:00Z,0.0,0.0,0.0,0.0
2026-01-30T02:00:00Z,0.0,0.0,0.0,0.0
2026-01-30T03:00:00Z,0.0,0.0,0.0,0.0
2026-01-30T04:00:00Z,0.0,0.0,0.0,0.0
2026-01-30T05:00:00Z,0.0,0.0,0.0,0.0
2026-01-30T06:00:00Z,0.0,0.0,0.0,0.0
2026-01-30T07:00:00Z,27.099999999999998,26.3,31.0,24.0
2026-01-30T08:00:00Z,94.60000000000001,94.8,110.0,79.0
2026-01-30T09:00:00Z,168.93333333333334,202.8,192.0,112.0
2026-01-30T10:00:00Z,240.9333333333333,257.8,261.0,204.0
2026-01-30T11:00:00Z,252.16666666666666,247.5,301.0,208.0
2026-01-30T12:00:00Z,295.6666666666667,311.0,304.0,272.0
2026-01-30T13:00:00Z,227.26666666666665,237.8,253.0,191.0
2026-01-30T14:00:00Z,123.66666666666667,113.0,153.0,105.0
2026-01-30T15:00:00Z,32.0,25.0,46.0,25.0
2026-01-30T16:00:00Z,0.0,0.0,0.0,0.0
2026-01-30T17:00:00Z,0.0,0.0,0.0,0.0
2026-01-30T18:00:00Z,0.0,0.0,0.0,0.0
2026-01-30T19:00:00Z,0.0,0.0,0.0,0.0
2026-01-30T20:00:00Z,0.0,0.0,0.0,0.0
2026-01-30T21:00:00Z,0.0,0.0,0.0,0.0
2026-01-30T22:00:00Z,0.0,0.0,0.0,0.0
2026-01-30T23:00:00Z,0.0,0.0,0.0,0.0
2026-01-31T00:00:00Z,0.0,0.0,0.0,0.0
2026-01-31T01:00:00Z,0.0,0.0,0.0,0.0
2026-01-31T02:00:00Z,0.0,0.0,0.0,0.0
2026-01-31T03:00:00Z,0.0,0.0,0.0,0.0
2026-01-31T04:00:00Z,0.0,0.0,0.0,0.0
2026-01-31T05:00:00Z,0.0,0.0,0.0,0.0
2026-01-31T06:00:00Z,0.0,0.0,0.0,0.0
2026-01-31T07:00:00Z,22.266666666666666,13.8,35.0,18.0
2026-01-31T08:00:00Z,80.5,55.5,113.0,73.0
2026-01-31T09:00:00Z,136.83333333333334,119.5,180.0,111.0
2026-01-31T10:00:00Z,167.26666666666668,121.8,228.0,152.0
2026-01-31T11:00:00Z,216.26666666666665,161.8,251.0,236.0
2026-01-31T12:00:00Z,211.33333333333334,219.0,244.0,171.0
2026-01-31T13:00:00Z,162.43333333333334,167.3,197.0,123.0
2026-01-31T14:00:00Z,101.16666666666667,114.5,115.0,74.0
2026-01-31T15:00:00Z,30.0,34.0,34.0,22.0
2026-01-31T16:00:00Z,0.0,0.0,0.0,0.0
2026-01-31T17:00:00Z,0.0,0.0,0.0,0.0
2026-01-31T18:00:00Z,0.0,0.0,0.0,0.0
2026-01-31T19:00:00Z,0.0,0.0,0.0,0.0
2026-01-31T20:00:00Z,0.0,0.0,0.0,0.0
2026-01-31T21:00:00Z,0.0,0.0,0.0,0.0
2026-01-31T22:00:00Z,0.0,0.0,0.0,0.0
2026-01-31T23:00:00Z,0.0,0.0,0.0,0.0
2026-02-01T00:00:00Z,0.0,0.0,0.0,0.0
2026-02-01T01:00:00Z,0.0,0.0,0.0,0.0
2026-02-01T02:00:00Z,0.0,0.0,0.0,0.0
2026-02-01T03:00:00Z,0.0,0.0,0.0,0.0
2026-02-01T04:00:00Z,0.0,0.0,0.0,0.0
2026-02-01T05:00:00Z,0.0,0.0,0.0,0.0
2026-02-01T06:00:00Z,0.0,0.0,0.0,0.0
2026-02-01T07:00:00Z,33.266666666666666,24.8,46.0,29.0
2026-02-01T08:00:00Z,122.66666666666667,103.0,143.0,122.0
2026-02-01T09:00:00Z,203.9333333333333,165.8,231.0,215.0
2026-02-01T10:00:00Z,262.1666666666667,225.5,293.0,268.0
2026-02-01T11:00:00Z,323.26666666666665,302.8,317.0,350.0
2026-02-01T12:00:00Z,280.3333333333333,220.0,301.0,320.0
2026-02-01T13:00:00Z,219.6,172.8,246.0,240.0
2026-02-01T14:00:00Z,125.83333333333333,100.5,156.0,121.0
2026-02-01T15:00:00Z,46.0,39.0,55.0,44.0
2026-02-01T16:00:00Z,0.0,0.0,0.0,0.0
2026-02-01T17:00:00Z,0.0,0.0,0.0,0.0
2026-02-01T18:00:00Z,0.0,0.0,0.0,0.0
2026-02-01T19:00:00Z,0.0,0.0,0.0,0.0
2026-02-01T20:00:00Z,0.0,0.0,0.0,0.0
2026-02-01T21:00:00Z,0.0,0.0,0.0,0.0
2026-02-01T22:00:00Z,0.0,0.0,0.0,0.0
2026-02-01T23:00:00Z,0.0,0.0,0.0,0.0
2026-02-02T00:00:00Z,0.0,0.0,0.0,0.0
2026-02-02T01:00:00Z,0.0,0.0,0.0,0.0
2026-02-02T02:00:00Z,0.0,0.0,0.0,0.0
2026-02-02T03:00:00Z,0.0,0.0,0.0,0.0
2026-02-02T04:00:00Z,0.0,0.0,0.0,0.0
2026-02-02T05:00:00Z,0.0,0.0,0.0,0.0
2026-02-02T06:00:00Z,0.0,0.0,0.0,0.0
2026-02-02T07:00:00Z,28.933333333333334,33.8,27.0,26.0
2026-02-02T08:00:00Z,105.60000000000001,134.8,85.0,97.0
2026-02-02T09:00:00Z,177.76666666666665,229.3,144.0,160.0
2026-02-02T10:00:00Z,223.1,292.3,189.0,188.0
2026-02-02T11:00:00Z,235.1,317.3,208.0,180.0
2026-02-02T12:00:00Z,198.33333333333334,238.0,199.0,158.0
2026-02-02T13:00:00Z,147.0,186.0,159.0,96.0
2026-02-02T14:00:00Z,86.60000000000001,98.8,94.0,67.0
2026-02-02T15:00:00Z,20.833333333333332,13.5,30.0,19.0
2026-02-02T16:00:00Z,0.0,0.0,0.0,0.0
2026-02-02T17:00:00Z,0.0,0.0,0.0,0.0
2026-02-02T18:00:00Z,0.0,0.0,0.0,0.0
2026-02-02T19:00:00Z,0.0,0.0,0.0,0.0
2026-02-02T20:00:00Z,0.0,0.0,0.0,0.0
2026-02-02T21:00:00Z,0.0,0.0,0.0,0.0
2026-02-02T22:00:00Z,0.0,0.0,0.0,0.0
2026-02-02T23:00:00Z,0.0,0.0,0.0,0.0
2026-02-03T00:00:00Z,0.0,0.0,0.0,0.0
2026-02-03T01:00:00Z,0.0,0.0,0.0,0.0
2026-02-03T02:00:00Z,0.0,0.0,0.0,0.0
2026-02-03T03:00:00Z,0.0,0.0,0.0,0.0
2026-02-03T04:00:00Z,0.0,0.0,0.0,0.0
2026-02-03T05:00:00Z,0.0,0.0,0.0,0.0
2026-02-03T06:00:00Z,0.0,0.0,0.0,0.0
2026-02-03T07:00:00Z,39.766666666666666,40.3,40.0,39.0
2026-02-03T08:00:00Z,138.1,128.3,129.0,157.0
2026-02-03T09:00:00Z,227.16666666666666,182.5,234.0,265.0
2026-02-03T10:00:00Z,294.1666666666667,241.5,320.0,321.0
2026-02-03T11:00:00Z,272.09999999999997,292.3,358.0,166.0
2026-02-03T12:00:00Z,257.26666666666665,284.8,346.0,141.0
2026-02-03T13:00:00Z,199.9333333333333,201.8,283.0,115.0
2026-02-03T14:00:00Z,124.16666666666667,126.5,176.0,70.0
2026-02-03T15:00:00Z,44.0,49.0,62.0,21.0
2026-02-03T16:00:00Z,0.43333333333333335,0.3,1.0,0.0
2026-02-03T17:00:00Z,0.0,0.0,0.0,0.0
2026-02-03T18:00:00Z,0.0,0.0,0.0,0.0
2026-02-03T19:00:00Z,0.0,0.0,0.0,0.0
2026-02-03T20:00:00Z,0.0,0.0,0.0,0.0
2026-02-03T21:00:00Z,0.0,0.0,0.0,0.0
2026-02-03T22:00:00Z,0.0,0.0,0.0,0.0
2026-02-03T23:00:00Z,0.0,0.0,0.0,0.0
2026-02-04T00:00:00Z,0.0,0.0,0.0,0.0
2026-02-04T01:00:00Z,0.0,0.0,0.0,0.0
2026-02-04T02:00:00Z,0.0,0.0,0.0,0.0
2026-02-04T03:00:00Z,0.0,0.0,0.0,0.0
2026-02-04T04:00:00Z,0.0,0.0,0.0,0.0
2026-02-04T05:00:00Z,0.0,0.0,0.0,0.0
2026-02-04T06:00:00Z,0.0,0.0,0.0,0.0
2026-02-04T07:00:00Z,18.433333333333334,25.3,22.0,8.0
2026-02-04T08:00:00Z,59.26666666666667,77.8,65.0,35.0
2026-02-04T09:00:00Z,110.93333333333334,140.8,111.0,81.0
2026-02-04T10:00:00Z,155.33333333333334,180.0,149.0,137.0
2026-02-04T11:00:00Z,184.33333333333334,199.0,171.0,183.0
2026-02-04T12:00:00Z,206.16666666666666,211.5,174.0,233.0
2026-02-04T13:00:00Z,171.33333333333334,187.0,153.0,174.0
2026-02-04T14:00:00Z,106.43333333333334,115.3,108.0,96.0
2026-02-04T15:00:00Z,39.1,42.3,47.0,28.0
2026-02-04T16:00:00Z,0.5,0.5,1.0,0.0
2026-02-04T17:00:00Z,0.0,0.0,0.0,0.0
2026-02-04T18:00:00Z,0.0,0.0,0.0,0.0
2026-02-04T19:00:00Z,0.0,0.0,0.0,0.0
2026-02-04T20:00:00Z,0.0,0.0,0.0,0.0
2026-02-04T21:00:00Z,0.0,0.0,0.0,0.0
2026-02-04T22:00:00Z,0.0,0.0,0.0,0.0
2026-02-04T23:00:00Z,0.0,0.0,0.0,0.0
2026-02-05T00:00:00Z,0.0,0.0,0.0,0.0
2026-02-05T01:00:00Z,0.0,0.0,0.0,0.0
2026-02-05T02:00:00Z,0.0,0.0,0.0,0.0
2026-02-05T03:00:00Z,0.0,0.0,0.0,0.0
2026-02-05T04:00:00Z,0.0,0.0,0.0,0.0
2026-02-05T05:00:00Z,0.0,0.0,0.0,0.0
2026-02-05T06:00:00Z,0.0,0.0,0.0,0.0
2026-02-05T07:00:00Z,26.333333333333332,28.0,29.0,22.0
2026-02-05T08:00:00Z,82.66666666666667,99.0,85.0,64.0
2026-02-05T09:00:00Z,140.33333333333334,189.0,143.0,89.0
2026-02-05T10:00:00Z,189.16666666666666,223.5,192.0,152.0
2026-02-05T11:00:00Z,208.26666666666665,251.8,218.0,155.0
2026-02-05T12:00:00Z,198.83333333333334,255.5,218.0,123.0
2026-02-05T13:00:00Z,165.93333333333334,217.8,186.0,94.0
2026-02-05T14:00:00Z,110.76666666666667,137.3,124.0,71.0
2026-02-05T15:00:00Z,38.333333333333336,42.0,50.0,23.0
2026-02-05T16:00:00Z,1.3333333333333333,1.0,2.0,1.0
2026-02-05T17:00:00Z,0.0,0.0,0.0,0.0
2026-02-05T18:00:00Z,0.0,0.0,0.0,0.0
2026-02-05T19:00:00Z,0.0,0.0,0.0,0.0
2026-02-05T20:00:00Z,0.0,0.0,0.0,0.0
2026-02-05T21:00:00Z,0.0,0.0,0.0,0.0
2026-02-05T22:00:00Z,0.0,0.0,0.0,0.0
2026-02-05T23:00:00Z,0.0,0.0,0.0,0.0
2026-02-06T00:00:00Z,0.0,0.0,0.0,0.0
2026-02-06T01:00:00Z,0.0,0.0,0.0,0.0
2026-02-06T02:00:00Z,0.0,0.0,0.0,0.0
2026-02-06T03:00:00Z,0.0,0.0,0.0,0.0
2026-02-06T04:00:00Z,0.0,0.0,0.0,0.0
2026-02-06T05:00:00Z,0.0,0.0,0.0,0.0
2026-02-06T06:00:00Z,0.09999999999999999,0.3,0.0,0.0
2026-02-06T07:00:00Z,26.333333333333332,35.0,15.0,29.0
2026-02-06T08:00:00Z,58.833333333333336,71.5,60.0,45.0
2026-02-06T09:00:00Z,87.10000000000001,108.3,135.0,18.0
2026-02-06T10:00:00Z,132.16666666666666,133.5,203.0,60.0
2026-02-06T11:00:00Z,142.76666666666668,140.3,231.0,57.0
2026-02-06T12:00:00Z,143.83333333333334,159.5,218.0,54.0
2026-02-06T13:00:00Z,114.10000000000001,108.3,172.0,62.0
2026-02-06T14:00:00Z,86.0,102.0,101.0,55.0
2026-02-06T15:00:00Z,31.666666666666668,43.0,33.0,19.0
2026-02-06T16:00:00Z,0.6,0.8,1.0,0.0
2026-02-06T17:00:00Z,0.0,0.0,0.0,0.0
2026-02-06T18:00:00Z,0.0,0.0,0.0,0.0
2026-02-06T19:00:00Z,0.0,0.0,0.0,0.0
2026-02-06T20:00:00Z,0.0,0.0,0.0,0.0
2026-02-06T21:00:00Z,0.0,0.0,0.0,0.0
2026-02-06T22:00:00Z,0.0,0.0,0.0,0.0
2026-02-06T23:00:00Z,0.0,0.0,0.0,0.0
2026-02-07T00:00:00Z,0.0,0.0,0.0,0.0
2026-02-07T01:00:00Z,0.0,0.0,0.0,0.0
2026-02-07T02:00:00Z,0.0,0.0,0.0,0.0
2026-02-07T03:00:00Z,0.0,0.0,0.0,0.0
2026-02-07T04:00:00Z,0.0,0.0,0.0,0.0
2026-02-07T05:00:00Z,0.0,0.0,0.0,0.0
2026-02-07T06:00:00Z,0.09999999999999999,0.3,0.0,0.0
2026-02-07T07:00:00Z,17.766666666666666,18.3,23.0,12.0
2026-02-07T08:00:00Z,50.1,57.3,61.0,32.0
2026-02-07T09:00:00Z,84.5,89.5,101.0,63.0
2026-02-07T10:00:00Z,96.66666666666667,89.0,130.0,71.0
2026-02-07T11:00:00Z,113.5,102.5,138.0,100.0
2026-02-07T12:00:00Z,115.66666666666667,111.0,126.0,110.0
2026-02-07T13:00:00Z,90.10000000000001,80.3,100.0,90.0
2026-02-07T14:00:00Z,55.333333333333336,50.0,64.0,52.0
2026-02-07T15:00:00Z,21.166666666666668,21.5,26.0,16.0
2026-02-07T16:00:00Z,0.9333333333333332,0.8,1.0,1.0
2026-02-07T17:00:00Z,0.0,0.0,0.0,0.0
2026-02-07T18:00:00Z,0.0,0.0,0.0,0.0
2026-02-07T19:00:00Z,0.0,0.0,0.0,0.0
2026-02-07T20:00:00Z,0.0,0.0,0.0,0.0
2026-02-07T21:00:00Z,0.0,0.0,0.0,0.0
2026-02-07T22:00:00Z,0.0,0.0,0.0,0.0
2026-02-07T23:00:00Z,0.0,0.0,0.0,0.0
2026-02-08T00:00:00Z,0.0,0.0,0.0,0.0
2026-02-08T01:00:00Z,0.0,0.0,0.0,0.0
2026-02-08T02:00:00Z,0.0,0.0,0.0,0.0
2026-02-08T03:00:00Z,0.0,0.0,0.0,0.0
2026-02-08T04:00:00Z,0.0,0.0,0.0,0.0
2026-02-08T05:00:00Z,0.0,0.0,0.0,0.0
2026-02-08T06:00:00Z,0.09999999999999999,0.3,0.0,0.0
2026-02-08T07:00:00Z,23.766666666666666,32.3,25.0,14.0
2026-02-08T08:00:00Z,67.16666666666667,84.5,69.0,48.0
2026-02-08T09:00:00Z,127.76666666666667,158.3,122.0,103.0
2026-02-08T10:00:00Z,190.6,230.8,165.0,176.0
2026-02-08T11:00:00Z,231.16666666666666,286.5,180.0,227.0
2026-02-08T12:00:00Z,239.0,272.0,170.0,275.0
2026-02-08T13:00:00Z,209.16666666666666,229.5,142.0,256.0
2026-02-08T14:00:00Z,127.0,161.0,99.0,121.0
2026-02-08T15:00:00Z,48.0,63.0,46.0,35.0
2026-02-08T16:00:00Z,2.0,2.0,3.0,1.0
2026-02-08T17:00:00Z,0.0,0.0,0.0,0.0
2026-02-08T18:00:00Z,0.0,0.0,0.0,0.0
2026-02-08T19:00:00Z,0.0,0.0,0.0,0.0
2026-02-08T20:00:00Z,0.0,0.0,0.0,0.0
2026-02-08T21:00:00Z,0.0,0.0,0.0,0.0
2026-02-08T22:00:00Z,0.0,0.0,0.0,0.0
2026-02-08T23:00:00Z,0.0,0.0,0.0,0.0
2026-02-09T00:00:00Z,0.0,0.0,0.0,0.0
2026-02-09T01:00:00Z,0.0,0.0,0.0,0.0
2026-02-09T02:00:00Z,0.0,0.0,0.0,0.0
2026-02-09T03:00:00Z,0.0,0.0,0.0,0.0
2026-02-09T04:00:00Z,0.0,0.0,0.0,0.0
2026-02-09T05:00:00Z,0.0,0.0,0.0,0.0
2026-02-09T06:00:00Z,1.0,1.0,1.0,1.0
2026-02-09T07:00:00Z,58.43333333333334,56.3,60.0,59.0
2026-02-09T08:00:00Z,160.66666666666666,146.0,155.0,181.0
2026-02-09T09:00:00Z,260.43333333333334,229.3,259.0,293.0
2026-02-09T10:00:00Z,289.8333333333333,250.5,325.0,294.0
2026-02-09T11:00:00Z,315.59999999999997,292.8,309.0,345.0
2026-02-09T12:00:00Z,226.76666666666665,188.3,235.0,257.0
2026-02-09T13:00:00Z,120.83333333333333,151.5,151.0,60.0
2026-02-09T14:00:00Z,66.83333333333333,78.5,80.0,42.0
2026-02-09T15:00:00Z,23.099999999999998,37.3,26.0,6.0
2026-02-09T16:00:00Z,0.7666666666666666,1.3,1.0,0.0
2026-02-09T17:00:00Z,0.0,0.0,0.0,0.0
2026-02-09T18:00:00Z,0.0,0.0,0.0,0.0
2026-02-09T19:00:00Z,0.0,0.0,0.0,0.0
2026-02-09T20:00:00Z,0.0,0.0,0.0,0.0
2026-02-09T21:00:00Z,0.0,0.0,0.0,0.0
2026-02-09T22:00:00Z,0.0,0.0,0.0,0.0
2026-02-09T23:00:00Z,0.0,0.0,0.0,0.0
2026-02-10T00:00:00Z,0.0,0.0,0.0,0.0
2026-02-10T01:00:00Z,0.0,0.0,0.0,0.0
2026-02-10T02:00:00Z,0.0,0.0,0.0,0.0
2026-02-10T03:00:00Z,0.0,0.0,0.0,0.0
2026-02-10T04:00:00Z,0.0,0.0,0.0,0.0
2026-02-10T05:00:00Z,0.0,0.0,0.0,0.0
2026-02-10T06:00:00Z,0.16666666666666666,0.5,0.0,0.0
2026-02-10T07:00:00Z,10.6,11.8,16.0,4.0
2026-02-10T08:00:00Z,28.599999999999998,37.8,40.0,8.0
2026-02-10T09:00:00Z,49.93333333333334,71.8,69.0,9.0
2026-02-10T10:00:00Z,52.0,53.0,88.0,15.0
2026-02-10T11:00:00Z,54.1,64.3,86.0,12.0
2026-02-10T12:00:00Z,52.0,68.0,69.0,19.0
2026-02-10T13:00:00Z,32.333333333333336,37.0,50.0,10.0
2026-02-10T14:00:00Z,25.599999999999998,31.8,34.0,11.0
2026-02-10T15:00:00Z,24.433333333333334,29.3,17.0,27.0
2026-02-10T16:00:00Z,1.0999999999999999,1.3,1.0,1.0
2026-02-10T17:00:00Z,0.0,0.0,0.0,0.0
2026-02-10T18:00:00Z,0.0,0.0,0.0,0.0
2026-02-10T19:00:00Z,0.0,0.0,0.0,0.0
2026-02-10T20:00:00Z,0.0,0.0,0.0,0.0
2026-02-10T21:00:00Z,0.0,0.0,0.0,0.0
2026-02-10T22:00:00Z,0.0,0.0,0.0,0.0
2026-02-10T23:00:00Z,0.0,0.0,0.0,0.0
2026-02-11T00:00:00Z,0.0,0.0,0.0,0.0
2026-02-11T01:00:00Z,0.0,0.0,0.0,0.0
2026-02-11T02:00:00Z,0.0,0.0,0.0,0.0
2026-02-11T03:00:00Z,0.0,0.0,0.0,0.0
2026-02-11T04:00:00Z,0.0,0.0,0.0,0.0
2026-02-11T05:00:00Z,0.0,0.0,0.0,0.0
2026-02-11T06:00:00Z,0.16666666666666666,0.5,0.0,0.0
2026-02-11T07:00:00Z,10.933333333333332,16.8,13.0,3.0
2026-02-11T08:00:00Z,29.766666666666666,35.3,44.0,10.0
2026-02-11T09:00:00Z,48.166666666666664,42.5,92.0,10.0
2026-02-11T10:00:00Z,88.26666666666667,52.8,134.0,78.0
2026-02-11T11:00:00Z,74.43333333333334,45.3,152.0,26.0
2026-02-11T12:00:00Z,73.16666666666667,62.5,144.0,13.0
2026-02-11T13:00:00Z,55.26666666666667,40.8,114.0,11.0
2026-02-11T14:00:00Z,34.5,30.5,66.0,7.0
2026-02-11T15:00:00Z,13.5,14.5,22.0,4.0
2026-02-11T16:00:00Z,0.6666666666666666,1.0,1.0,0.0
2026-02-11T17:00:00Z,0.0,0.0,0.0,0.0
2026-02-11T18:00:00Z,0.0,0.0,0.0,0.0
2026-02-11T19:00:00Z,0.0,0.0,0.0,0.0
2026-02-11T20:00:00Z,0.0,0.0,0.0,0.0
2026-02-11T21:00:00Z,0.0,0.0,0.0,0.0
2026-02-11T22:00:00Z,0.0,0.0,0.0,0.0
2026-02-11T23:00:00Z,0.0,0.0,0.0,0.0
2026-02-12T00:00:00Z,0.0,0.0,0.0,0.0
2026-02-12T01:00:00Z,0.0,0.0,0.0,0.0
2026-02-12T02:00:00Z,0.0,0.0,0.0,0.0
2026-02-12T03:00:00Z,0.0,0.0,0.0,0.0
2026-02-12T04:00:00Z,0.0,0.0,0.0,0.0
2026-02-12T05:00:00Z,0.0,0.0,0.0,0.0
2026-02-12T06:00:00Z,0.5,0.5,1.0,0.0
2026-02-12T07:00:00Z,14.933333333333332,15.8,23.0,6.0
2026-02-12T08:00:00Z,36.266666666666666,47.8,45.0,16.0
2026-02-12T09:00:00Z,54.93333333333334,83.8,60.0,21.0
2026-02-12T10:00:00Z,76.16666666666667,126.5,72.0,30.0
2026-02-12T11:00:00Z,95.16666666666667,119.5,96.0,70.0
2026-02-12T12:00:00Z,127.10000000000001,145.3,118.0,118.0
2026-02-12T13:00:00Z,133.43333333333334,101.3,112.0,187.0
2026-02-12T14:00:00Z,81.10000000000001,83.3,71.0,89.0
2026-02-12T15:00:00Z,31.833333333333332,54.5,27.0,14.0
2026-02-12T16:00:00Z,2.3333333333333335,4.0,2.0,1.0
2026-02-12T17:00:00Z,0.0,0.0,0.0,0.0
2026-02-12T18:00:00Z,0.0,0.0,0.0,0.0
2026-02-12T19:00:00Z,0.0,0.0,0.0,0.0
2026-02-12T20:00:00Z,0.0,0.0,0.0,0.0
2026-02-12T21:00:00Z,0.0,0.0,0.0,0.0
2026-02-12T22:00:00Z,0.0,0.0,0.0,0.0
2026-02-12T23:00:00Z,0.0,0.0,0.0,0.0
2026-02-13T00:00:00Z,0.0,0.0,0.0,0.0
2026-02-13T01:00:00Z,0.0,0.0,0.0,0.0
2026-02-13T02:00:00Z,0.0,0.0,0.0,0.0
2026-02-13T03:00:00Z,0.0,0.0,0.0,0.0
2026-02-13T04:00:00Z,0.0,0.0,0.0,0.0
2026-02-13T05:00:00Z,0.0,0.0,0.0,0.0
2026-02-13T06:00:00Z,1.3333333333333333,1.0,1.0,2.0
2026-02-13T07:00:00Z,32.1,26.3,18.0,52.0
2026-02-13T08:00:00Z,79.10000000000001,71.3,44.0,122.0
2026-02-13T09:00:00Z,116.93333333333334,103.8,76.0,171.0
2026-02-13T10:00:00Z,149.43333333333334,152.3,104.0,192.0
2026-02-13T11:00:00Z,160.5,177.5,125.0,179.0
2026-02-13T12:00:00Z,184.76666666666665,267.3,133.0,154.0
2026-02-13T13:00:00Z,169.76666666666668,201.3,120.0,188.0
2026-02-13T14:00:00Z,111.16666666666667,117.5,85.0,131.0
2026-02-13T15:00:00Z,46.666666666666664,34.0,41.0,65.0
2026-02-13T16:00:00Z,4.1000000000000005,2.3,4.0,6.0
2026-02-13T17:00:00Z,0.0,0.0,0.0,0.0
2026-02-13T18:00:00Z,0.0,0.0,0.0,0.0
2026-02-13T19:00:00Z,0.0,0.0,0.0,0.0
2026-02-13T20:00:00Z,0.0,0.0,0.0,0.0
2026-02-13T21:00:00Z,0.0,0.0,0.0,0.0
2026-02-13T22:00:00Z,0.0,0.0,0.0,0.0
2026-02-13T23:00:00Z,0.0,0.0,0.0,0.0
2026-02-14T00:00:00Z,0.0,0.0,0.0,0.0
2026-02-14T01:00:00Z,0.0,0.0,0.0,0.0
2026-02-14T02:00:00Z,0.0,0.0,0.0,0.0
2026-02-14T03:00:00Z,0.0,0.0,0.0,0.0
2026-02-14T04:00:00Z,0.0,0.0,0.0,0.0
2026-02-14T05:00:00Z,0.0,0.0,0.0,0.0
2026-02-14T06:00:00Z,4.0,3.0,5.0,4.0
2026-02-14T07:00:00Z,78.5,69.5,78.0,88.0
2026-02-14T08:00:00Z,199.26666666666665,201.8,171.0,225.0
2026-02-14T09:00:00Z,287.8333333333333,259.5,260.0,344.0
2026-02-14T10:00:00Z,357.26666666666665,321.8,329.0,421.0
2026-02-14T11:00:00Z,384.26666666666665,359.8,366.0,427.0
2026-02-14T12:00:00Z,370.93333333333334,333.8,365.0,414.0
2026-02-14T13:00:00Z,314.6666666666667,268.0,317.0,359.0
2026-02-14T14:00:00Z,215.6,175.8,226.0,245.0
2026-02-14T15:00:00Z,100.26666666666667,78.8,112.0,110.0
2026-02-14T16:00:00Z,9.266666666666667,6.8,13.0,8.0
2026-02-14T17:00:00Z,0.0,0.0,0.0,0.0
2026-02-14T18:00:00Z,0.0,0.0,0.0,0.0
2026-02-14T19:00:00Z,0.0,0.0,0.0,0.0
2026-02-14T20:00:00Z,0.0,0.0,0.0,0.0
2026-02-14T21:00:00Z,0.0,0.0,0.0,0.0
2026-02-14T22:00:00Z,0.0,0.0,0.0,0.0
2026-02-14T23:00:00Z,0.0,0.0,0.0,0.0
2026-02-15T00:00:00Z,0.0,0.0,0.0,0.0
2026-02-15T01:00:00Z,0.0,0.0,0.0,0.0
2026-02-15T02:00:00Z,0.0,0.0,0.0,0.0
2026-02-15T03:00:00Z,0.0,0.0,0.0,0.0
2026-02-15T04:00:00Z,0.0,0.0,0.0,0.0
2026-02-15T05:00:00Z,0.0,0.0,0.0,0.0
2026-02-15T06:00:00Z,1.4333333333333333,1.3,2.0,1.0
2026-02-15T07:00:00Z,18.833333333333332,21.5,20.0,15.0
2026-02-15T08:00:00Z,37.833333333333336,56.5,49.0,8.0
2026-02-15T09:00:00Z,59.833333333333336,77.5,85.0,17.0
2026-02-15T10:00:00Z,79.83333333333333,94.5,119.0,26.0
2026-02-15T11:00:00Z,111.83333333333333,126.5,145.0,64.0
2026-02-15T12:00:00Z,135.76666666666668,166.3,156.0,85.0
2026-02-15T13:00:00Z,96.33333333333333,126.0,142.0,21.0
2026-02-15T14:00:00Z,58.1,57.3,99.0,18.0
2026-02-15T15:00:00Z,39.766666666666666,44.3,47.0,28.0
2026-02-15T16:00:00Z,4.833333333333333,5.5,6.0,3.0
2026-02-15T17:00:00Z,0.0,0.0,0.0,0.0
2026-02-15T18:00:00Z,0.0,0.0,0.0,0.0
2026-02-15T19:00:00Z,0.0,0.0,0.0,0.0
2026-02-15T20:00:00Z,0.0,0.0,0.0,0.0
2026-02-15T21:00:00Z,0.0,0.0,0.0,0.0
2026-02-15T22:00:00Z,0.0,0.0,0.0,0.0
2026-02-15T23:00:00Z,0.0,0.0,0.0,0.0
2026-02-16T00:00:00Z,0.0,0.0,0.0,0.0
2026-02-16T01:00:00Z,0.0,0.0,0.0,0.0
2026-02-16T02:00:00Z,0.0,0.0,0.0,0.0
2026-02-16T03:00:00Z,0.0,0.0,0.0,0.0
2026-02-16T04:00:00Z,0.0,0.0,0.0,0.0
2026-02-16T05:00:00Z,0.0,0.0,0.0,0.0
2026-02-16T06:00:00Z,1.9333333333333333,1.8,4.0,0.0
2026-02-16T07:00:00Z,28.933333333333334,31.8,38.0,17.0
2026-02-16T08:00:00Z,68.43333333333334,69.3,74.0,62.0
2026-02-16T09:00:00Z,80.83333333333333,95.5,101.0,46.0
2026-02-16T10:00:00Z,92.10000000000001,139.3,116.0,21.0
2026-02-16T11:00:00Z,97.60000000000001,136.8,116.0,40.0
2026-02-16T12:00:00Z,83.76666666666667,115.3,104.0,32.0
2026-02-16T13:00:00Z,66.60000000000001,85.8,90.0,24.0
2026-02-16T14:00:00Z,48.43333333333334,57.3,75.0,13.0
2026-02-16T15:00:00Z,35.333333333333336,48.0,47.0,11.0
2026-02-16T16:00:00Z,7.0,7.0,8.0,6.0
2026-02-16T17:00:00Z,0.0,0.0,0.0,0.0
2026-02-16T18:00:00Z,0.0,0.0,0.0,0.0
2026-02-16T19:00:00Z,0.0,0.0,0.0,0.0
2026-02-16T20:00:00Z,0.0,0.0,0.0,0.0
2026-02-16T21:00:00Z,0.0,0.0,0.0,0.0
2026-02-16T22:00:00Z,0.0,0.0,0.0,0.0
2026-02-16T23:00:00Z,0.0,0.0,0.0,0.0
2026-02-17T00:00:00Z,0.0,0.0,0.0,0.0
2026-02-17T01:00:00Z,0.0,0.0,0.0,0.0
2026-02-17T02:00:00Z,0.0,0.0,0.0,0.0
2026-02-17T03:00:00Z,0.0,0.0,0.0,0.0
2026-02-17T04:00:00Z,0.0,0.0,0.0,0.0
2026-02-17T05:00:00Z,0.0,0.0,0.0,0.0
2026-02-17T06:00:00Z,3.1,2.3,3.0,4.0
2026-02-17T07:00:00Z,43.833333333333336,42.5,31.0,58.0
2026-02-17T08:00:00Z,106.83333333333333,107.5,70.0,143.0
2026-02-17T09:00:00Z,131.66666666666666,124.0,118.0,153.0
2026-02-17T10:00:00Z,178.0,185.0,156.0,193.0
2026-02-17T11:00:00Z,161.93333333333334,244.8,163.0,78.0
2026-02-17T12:00:00Z,136.1,158.3,147.0,103.0
2026-02-17T13:00:00Z,172.4333333333333,229.3,129.0,159.0
2026-02-17T14:00:00Z,152.26666666666668,198.8,115.0,143.0
2026-02-17T15:00:00Z,88.26666666666667,98.8,79.0,87.0
2026-02-17T16:00:00Z,12.5,11.5,15.0,11.0
2026-02-17T17:00:00Z,0.0,0.0,0.0,0.0
2026-02-17T18:00:00Z,0.0,0.0,0.0,0.0
2026-02-17T19:00:00Z,0.0,0.0,0.0,0.0
2026-02-17T20:00:00Z,0.0,0.0,0.0,0.0
2026-02-17T21:00:00Z,0.0,0.0,0.0,0.0
2026-02-17T22:00:00Z,0.0,0.0,0.0,0.0
2026-02-17T23:00:00Z,0.0,0.0,0.0,0.0
2026-02-18T00:00:00Z,0.0,0.0,0.0,0.0
2026-02-18T01:00:00Z,0.0,0.0,0.0,0.0
2026-02-18T02:00:00Z,0.0,0.0,0.0,0.0
2026-02-18T03:00:00Z,0.0,0.0,0.0,0.0
2026-02-18T04:00:00Z,0.0,0.0,0.0,0.0
2026-02-18T05:00:00Z,0.0,0.0,0.0,0.0
2026-02-18T06:00:00Z,4.266666666666667,4.8,4.0,4.0
2026-02-18T07:00:00Z,39.1,49.3,32.0,36.0
2026-02-18T08:00:00Z,86.16666666666667,114.5,66.0,78.0
2026-02-18T09:00:00Z,135.83333333333334,168.5,103.0,136.0
2026-02-18T10:00:00Z,189.5,221.5,135.0,212.0
2026-02-18T11:00:00Z,216.1,269.3,160.0,219.0
2026-02-18T12:00:00Z,234.0,301.0,171.0,230.0
2026-02-18T13:00:00Z,208.33333333333334,227.0,160.0,238.0
2026-02-18T14:00:00Z,139.16666666666666,137.5,124.0,156.0
2026-02-18T15:00:00Z,72.10000000000001,65.3,71.0,80.0
2026-02-18T16:00:00Z,10.333333333333334,9.0,12.0,10.0
2026-02-18T17:00:00Z,0.0,0.0,0.0,0.0
2026-02-18T18:00:00Z,0.0,0.0,0.0,0.0
2026-02-18T19:00:00Z,0.0,0.0,0.0,0.0
2026-02-18T20:00:00Z,0.0,0.0,0.0,0.0
2026-02-18T21:00:00Z,0.0,0.0,0.0,0.0
2026-02-18T22:00:00Z,0.0,0.0,0.0,0.0
2026-02-18T23:00:00Z,0.0,0.0,0.0,0.0
2026-02-19T00:00:00Z,0.0,0.0,0.0,0.0
2026-02-19T01:00:00Z,0.0,0.0,0.0,0.0
2026-02-19T02:00:00Z,0.0,0.0,0.0,0.0
2026-02-19T03:00:00Z,0.0,0.0,0.0,0.0
2026-02-19T04:00:00Z,0.0,0.0,0.0,0.0
2026-02-19T05:00:00Z,0.0,0.0,0.0,0.0
2026-02-19T06:00:00Z,11.6,8.8,16.0,10.0
2026-02-19T07:00:00Z,113.5,99.5,123.0,118.0
2026-02-19T08:00:00Z,245.16666666666666,227.5,247.0,261.0
2026-02-19T09:00:00Z,360.59999999999997,336.8,367.0,378.0
2026-02-19T10:00:00Z,422.5,416.5,449.0,402.0
2026-02-19T11:00:00Z,427.8333333333333,439.5,464.0,380.0
2026-02-19T12:00:00Z,385.5,393.5,421.0,342.0
2026-02-19T13:00:00Z,302.26666666666665,298.8,337.0,271.0
2026-02-19T14:00:00Z,196.1,187.3,227.0,174.0
2026-02-19T15:00:00Z,71.93333333333334,45.8,111.0,59.0
2026-02-19T16:00:00Z,8.333333333333334,3.0,18.0,4.0
2026-02-19T17:00:00Z,0.0,0.0,0.0,0.0
2026-02-19T18:00:00Z,0.0,0.0,0.0,0.0
2026-02-19T19:00:00Z,0.0,0.0,0.0,0.0
2026-02-19T20:00:00Z,0.0,0.0,0.0,0.0
2026-02-19T21:00:00Z,0.0,0.0,0.0,0.0
2026-02-19T22:00:00Z,0.0,0.0,0.0,0.0
2026-02-19T23:00:00Z,0.0,0.0,0.0,0.0
2026-02-20T00:00:00Z,0.0,0.0,0.0,0.0
2026-02-20T01:00:00Z,0.0,0.0,0.0,0.0
2026-02-20T02:00:00Z,0.0,0.0,0.0,0.0
2026-02-20T03:00:00Z,0.0,0.0,0.0,0.0
2026-02-20T04:00:00Z,0.0,0.0,0.0,0.0
2026-02-20T05:00:00Z,0.0,0.0,0.0,0.0
2026-02-20T06:00:00Z,2.5,2.5,4.0,1.0
2026-02-20T07:00:00Z,25.5,23.5,30.0,23.0
2026-02-20T08:00:00Z,51.166666666666664,73.5,55.0,25.0
2026-02-20T09:00:00Z,70.66666666666667,113.0,76.0,23.0
2026-02-20T10:00:00Z,110.43333333333334,203.3,98.0,30.0
2026-02-20T11:00:00Z,136.0,182.0,134.0,92.0
2026-02-20T12:00:00Z,138.16666666666666,182.5,167.0,65.0
2026-02-20T13:00:00Z,111.43333333333334,128.3,165.0,41.0
2026-02-20T14:00:00Z,98.33333333333333,112.0,120.0,63.0
2026-02-20T15:00:00Z,48.166666666666664,50.5,61.0,33.0
2026-02-20T16:00:00Z,8.666666666666666,7.0,11.0,8.0
2026-02-20T17:00:00Z,0.0,0.0,0.0,0.0
2026-02-20T18:00:00Z,0.0,0.0,0.0,0.0
2026-02-20T19:00:00Z,0.0,0.0,0.0,0.0
2026-02-20T20:00:00Z,0.0,0.0,0.0,0.0
2026-02-20T21:00:00Z,0.0,0.0,0.0,0.0
2026-02-20T22:00:00Z,0.0,0.0,0.0,0.0
2026-02-20T23:00:00Z,0.0,0.0,0.0,0.0
2026-02-21T00:00:00Z,0.0,0.0,0.0,0.0
2026-02-21T01:00:00Z,0.0,0.0,0.0,0.0
2026-02-21T02:00:00Z,0.0,0.0,0.0,0.0
2026-02-21T03:00:00Z,0.0,0.0,0.0,0.0
2026-02-21T04:00:00Z,0.0,0.0,0.0,0.0
2026-02-21T05:00:00Z,0.0,0.0,0.0,0.0
2026-02-21T06:00:00Z,1.7666666666666666,2.3,3.0,0.0
2026-02-21T07:00:00Z,10.266666666666667,12.8,16.0,2.0
2026-02-21T08:00:00Z,20.833333333333332,24.5,33.0,5.0
2026-02-21T09:00:00Z,31.0,32.0,50.0,11.0
2026-02-21T10:00:00Z,49.26666666666667,49.8,61.0,37.0
2026-02-21T11:00:00Z,50.1,48.3,57.0,45.0
2026-02-21T12:00:00Z,31.0,32.0,44.0,17.0
2026-02-21T13:00:00Z,29.166666666666668,37.5,31.0,19.0
2026-02-21T14:00:00Z,18.166666666666668,24.5,22.0,8.0
2026-02-21T15:00:00Z,8.5,9.5,12.0,4.0
2026-02-21T16:00:00Z,1.8333333333333333,1.5,3.0,1.0
2026-02-21T17:00:00Z,0.0,0.0,0.0,0.0
2026-02-21T18:00:00Z,0.0,0.0,0.0,0.0
2026-02-21T19:00:00Z,0.0,0.0,0.0,0.0
2026-02-21T20:00:00Z,0.0,0.0,0.0,0.0
2026-02-21T21:00:00Z,0.0,0.0,0.0,0.0
2026-02-21T22:00:00Z,0.0,0.0,0.0,0.0
2026-02-21T23:00:00Z,0.0,0.0,0.0,0.0
2026-02-22T00:00:00Z,0.0,0.0,0.0,0.0
2026-02-22T01:00:00Z,0.0,0.0,0.0,0.0
2026-02-22T02:00:00Z,0.0,0.0,0.0,0.0
2026-02-22T03:00:00Z,0.0,0.0,0.0,0.0
2026-02-22T04:00:00Z,0.0,0.0,0.0,0.0
2026-02-22T05:00:00Z,0.0,0.0,0.0,0.0
2026-02-22T06:00:00Z,7.266666666666667,9.8,11.0,1.0
2026-02-22T07:00:00Z,48.666666666666664,60.0,67.0,19.0
2026-02-22T08:00:00Z,81.16666666666667,89.5,139.0,15.0
2026-02-22T09:00:00Z,132.43333333333334,148.3,222.0,27.0
2026-02-22T10:00:00Z,144.83333333333334,94.5,282.0,58.0
2026-02-22T11:00:00Z,140.93333333333334,95.8,288.0,39.0
2026-02-22T12:00:00Z,257.8333333333333,100.5,251.0,422.0
2026-02-22T13:00:00Z,94.0,71.0,196.0,15.0
2026-02-22T14:00:00Z,108.76666666666667,45.3,133.0,148.0
2026-02-22T15:00:00Z,65.10000000000001,37.3,68.0,90.0
2026-02-22T16:00:00Z,7.1000000000000005,5.3,14.0,2.0
2026-02-22T17:00:00Z,0.0,0.0,0.0,0.0
2026-02-22T18:00:00Z,0.0,0.0,0.0,0.0
2026-02-22T19:00:00Z,0.0,0.0,0.0,0.0
2026-02-22T20:00:00Z,0.0,0.0,0.0,0.0
2026-02-22T21:00:00Z,0.0,0.0,0.0,0.0
2026-02-22T22:00:00Z,0.0,0.0,0.0,0.0
2026-02-22T23:00:00Z,0.0,0.0,0.0,0.0
2026-02-23T00:00:00Z,0.0,0.0,0.0,0.0
2026-02-23T01:00:00Z,0.0,0.0,0.0,0.0
2026-02-23T02:00:00Z,0.0,0.0,0.0,0.0
2026-02-23T03:00:00Z,0.0,0.0,0.0,0.0
2026-02-23T04:00:00Z,0.0,0.0,0.0,0.0
2026-02-23T05:00:00Z,0.0,0.0,0.0,0.0
2026-02-23T06:00:00Z,8.933333333333334,8.8,8.0,10.0
2026-02-23T07:00:00Z,47.166666666666664,61.5,46.0,34.0
2026-02-23T08:00:00Z,109.76666666666667,149.3,107.0,73.0
2026-02-23T09:00:00Z,188.5,227.5,193.0,145.0
2026-02-23T10:00:00Z,256.5,263.5,265.0,241.0
2026-02-23T11:00:00Z,339.26666666666665,318.8,287.0,412.0
2026-02-23T12:00:00Z,335.1666666666667,293.5,268.0,444.0
2026-02-23T13:00:00Z,269.59999999999997,194.8,229.0,385.0
2026-02-23T14:00:00Z,195.33333333333334,153.0,176.0,257.0
2026-02-23T15:00:00Z,116.83333333333333,107.5,106.0,137.0
2026-02-23T16:00:00Z,20.433333333333334,13.3,25.0,23.0
2026-02-23T17:00:00Z,0.0,0.0,0.0,0.0
2026-02-23T18:00:00Z,0.0,0.0,0.0,0.0
2026-02-23T19:00:00Z,0.0,0.0,0.0,0.0
2026-02-23T20:00:00Z,0.0,0.0,0.0,0.0
2026-02-23T21:00:00Z,0.0,0.0,0.0,0.0
2026-02-23T22:00:00Z,0.0,0.0,0.0,0.0
2026-02-23T23:00:00Z,0.0,0.0,0.0,0.0
2026-02-24T00:00:00Z,0.0,0.0,0.0,0.0
2026-02-24T01:00:00Z,0.0,0.0,0.0,0.0
2026-02-24T02:00:00Z,0.0,0.0,0.0,0.0
2026-02-24T03:00:00Z,0.0,0.0,0.0,0.0
2026-02-24T04:00:00Z,0.0,0.0,0.0,0.0
2026-02-24T05:00:00Z,0.0,0.0,0.0,0.0
2026-02-24T06:00:00Z,13.1,9.3,22.0,8.0
2026-02-24T07:00:00Z,73.0,74.0,111.0,34.0
2026-02-24T08:00:00Z,162.66666666666666,190.0,220.0,78.0
2026-02-24T09:00:00Z,286.09999999999997,341.3,342.0,175.0
2026-02-24T10:00:00Z,404.0,418.0,438.0,356.0
2026-02-24T11:00:00Z,470.6666666666667,451.0,474.0,487.0
2026-02-24T12:00:00Z,451.6666666666667,436.0,454.0,465.0
2026-02-24T13:00:00Z,383.1666666666667,368.5,386.0,395.0
2026-02-24T14:00:00Z,274.3333333333333,260.0,278.0,285.0
2026-02-24T15:00:00Z,144.6,131.8,152.0,150.0
2026-02-24T16:00:00Z,28.266666666666666,22.8,36.0,26.0
2026-02-24T17:00:00Z,0.0,0.0,0.0,0.0
2026-02-24T18:00:00Z,0.0,0.0,0.0,0.0
2026-02-24T19:00:00Z,0.0,0.0,0.0,0.0
2026-02-24T20:00:00Z,0.0,0.0,0.0,0.0
2026-02-24T21:00:00Z,0.0,0.0,0.0,0.0
2026-02-24T22:00:00Z,0.0,0.0,0.0,0.0
2026-02-24T23:00:00Z,0.0,0.0,0.0,0.0
2026-02-25T00:00:00Z,0.0,0.0,0.0,0.0
2026-02-25T01:00:00Z,0.0,0.0,0.0,0.0
2026-02-25T02:00:00Z,0.0,0.0,0.0,0.0
2026-02-25T03:00:00Z,0.0,0.0,0.0,0.0
2026-02-25T04:00:00Z,0.0,0.0,0.0,0.0
2026-02-25T05:00:00Z,0.0,0.0,0.0,0.0
2026-02-25T06:00:00Z,22.333333333333332,18.0,31.0,18.0
2026-02-25T07:00:00Z,133.83333333333334,119.5,146.0,136.0
2026-02-25T08:00:00Z,260.5,245.5,261.0,275.0
2026-02-25T09:00:00Z,366.09999999999997,341.3,369.0,388.0
2026-02-25T10:00:00Z,422.3333333333333,432.0,441.0,394.0
2026-02-25T11:00:00Z,429.3333333333333,415.0,458.0,415.0
2026-02-25T12:00:00Z,371.59999999999997,326.8,424.0,364.0
2026-02-25T13:00:00Z,351.5,316.5,355.0,383.0
2026-02-25T14:00:00Z,266.6666666666667,262.0,261.0,277.0
2026-02-25T15:00:00Z,133.83333333333334,133.5,150.0,118.0
2026-02-25T16:00:00Z,29.333333333333332,24.0,38.0,26.0
2026-02-25T17:00:00Z,0.0,0.0,0.0,0.0
2026-02-25T18:00:00Z,0.0,0.0,0.0,0.0
2026-02-25T19:00:00Z,0.0,0.0,0.0,0.0
2026-02-25T20:00:00Z,0.0,0.0,0.0,0.0
2026-02-25T21:00:00Z,0.0,0.0,0.0,0.0
2026-02-25T22:00:00Z,0.0,0.0,0.0,0.0
2026-02-25T23:00:00Z,0.0,0.0,0.0,0.0
2026-02-26T00:00:00Z,0.0,0.0,0.0,0.0
2026-02-26T01:00:00Z,0.0,0.0,0.0,0.0
2026-02-26T02:00:00Z,0.0,0.0,0.0,0.0
2026-02-26T03:00:00Z,0.0,0.0,0.0,0.0
2026-02-26T04:00:00Z,0.0,0.0,0.0,0.0
2026-02-26T05:00:00Z,0.0,0.0,0.0,0.0
2026-02-26T06:00:00Z,24.433333333333334,19.3,34.0,20.0
2026-02-26T07:00:00Z,131.16666666666666,121.5,149.0,123.0
2026-02-26T08:00:00Z,268.09999999999997,257.3,268.0,279.0
2026-02-26T09:00:00Z,381.1666666666667,369.5,383.0,391.0
2026-02-26T10:00:00Z,458.6666666666667,445.0,466.0,465.0
2026-02-26T11:00:00Z,488.1666666666667,473.5,495.0,496.0
2026-02-26T12:00:00Z,465.26666666666665,450.8,471.0,474.0
2026-02-26T13:00:00Z,396.09999999999997,384.3,401.0,403.0
2026-02-26T14:00:00Z,287.09999999999997,276.3,291.0,294.0
2026-02-26T15:00:00Z,155.16666666666666,144.5,163.0,158.0
2026-02-26T16:00:00Z,33.766666666666666,28.3,43.0,30.0
2026-02-26T17:00:00Z,0.0,0.0,0.0,0.0
2026-02-26T18:00:00Z,0.0,0.0,0.0,0.0
2026-02-26T19:00:00Z,0.0,0.0,0.0,0.0
2026-02-26T20:00:00Z,0.0,0.0,0.0,0.0
2026-02-26T21:00:00Z,0.0,0.0,0.0,0.0
2026-02-26T22:00:00Z,0.0,0.0,0.0,0.0
2026-02-26T23:00:00Z,0.0,0.0,0.0,0.0
2026-02-27T00:00:00Z,0.0,0.0,0.0,0.0
2026-02-27T01:00:00Z,0.0,0.0,0.0,0.0
2026-02-27T02:00:00Z,0.0,0.0,0.0,0.0
2026-02-27T03:00:00Z,0.0,0.0,0.0,0.0
2026-02-27T04:00:00Z,0.0,0.0,0.0,0.0
2026-02-27T05:00:00Z,0.0,0.0,0.0,0.0
2026-02-27T06:00:00Z,24.266666666666666,20.8,35.0,17.0
2026-02-27T07:00:00Z,119.43333333333334,105.3,143.0,110.0
2026-02-27T08:00:00Z,214.83333333333334,212.5,254.0,178.0
2026-02-27T09:00:00Z,279.93333333333334,246.8,362.0,231.0
2026-02-27T10:00:00Z,403.8333333333333,372.5,438.0,401.0
2026-02-27T11:00:00Z,426.3333333333333,407.0,457.0,415.0
2026-02-27T12:00:00Z,392.43333333333334,387.3,425.0,365.0
2026-02-27T13:00:00Z,306.76666666666665,274.3,357.0,289.0
2026-02-27T14:00:00Z,223.4333333333333,175.3,260.0,235.0
2026-02-27T15:00:00Z,118.66666666666667,86.0,150.0,120.0
2026-02-27T16:00:00Z,29.833333333333332,21.5,41.0,27.0
2026-02-27T17:00:00Z,0.0,0.0,0.0,0.0
2026-02-27T18:00:00Z,0.0,0.0,0.0,0.0
2026-02-27T19:00:00Z,0.0,0.0,0.0,0.0
2026-02-27T20:00:00Z,0.0,0.0,0.0,0.0
2026-02-27T21:00:00Z,0.0,0.0,0.0,0.0
2026-02-27T22:00:00Z,0.0,0.0,0.0,0.0
2026-02-27T23:00:00Z,0.0,0.0,0.0,0.0
2026-02-28T00:00:00Z,0.0,0.0,0.0,0.0
2026-02-28T01:00:00Z,0.0,0.0,0.0,0.0
2026-02-28T02:00:00Z,0.0,0.0,0.0,0.0
2026-02-28T03:00:00Z,0.0,0.0,0.0,0.0
2026-02-28T04:00:00Z,0.0,0.0,0.0,0.0
2026-02-28T05:00:00Z,0.0,0.0,0.0,0.0
2026-02-28T06:00:00Z,31.833333333333332,27.5,44.0,24.0
2026-02-28T07:00:00Z,159.26666666666668,146.8,168.0,163.0
2026-02-28T08:00:00Z,294.8333333333333,285.5,291.0,308.0
2026-02-28T09:00:00Z,409.09999999999997,398.3,405.0,424.0
2026-02-28T10:00:00Z,482.93333333333334,465.8,486.0,497.0
2026-02-28T11:00:00Z,512.8333333333334,501.5,516.0,521.0
2026-02-28T12:00:00Z,492.43333333333334,485.3,494.0,498.0
2026-02-28T13:00:00Z,420.76666666666665,415.3,422.0,425.0
2026-02-28T14:00:00Z,305.8333333333333,302.5,303.0,312.0
2026-02-28T15:00:00Z,168.66666666666666,165.0,169.0,172.0
2026-02-28T16:00:00Z,39.6,35.8,47.0,36.0
2026-02-28T17:00:00Z,0.0,0.0,0.0,0.0
2026-02-28T18:00:00Z,0.0,0.0,0.0,0.0
2026-02-28T19:00:00Z,0.0,0.0,0.0,0.0
2026-02-28T20:00:00Z,0.0,0.0,0.0,0.0
2026-02-28T21:00:00Z,0.0,0.0,0.0,0.0
2026-02-28T22:00:00Z,0.0,0.0,0.0,0.0
2026-02-28T23:00:00Z,0.0,0.0,0.0,0.0
2026-03-01T00:00:00Z,0.0,0.0,0.0,0.0
2026-03-01T01:00:00Z,0.0,0.0,0.0,0.0
2026-03-01T02:00:00Z,0.0,0.0,0.0,0.0
2026-03-01T03:00:00Z,0.0,0.0,0.0,0.0
2026-03-01T04:00:00Z,0.0,0.0,0.0,0.0
2026-03-01T05:00:00Z,0.0,0.0,0.0,0.0
2026-03-01T06:00:00Z,35.766666666666666,28.3,48.0,31.0
2026-03-01T07:00:00Z,160.26666666666668,145.8,172.0,163.0
2026-03-01T08:00:00Z,292.8333333333333,279.5,295.0,304.0
2026-03-01T09:00:00Z,407.3333333333333,393.0,409.0,420.0
2026-03-01T10:00:00Z,484.0,469.0,489.0,494.0
2026-03-01T11:00:00Z,513.0,498.0,518.0,523.0
2026-03-01T12:00:00Z,491.26666666666665,477.8,496.0,500.0
2026-03-01T13:00:00Z,421.09999999999997,408.3,426.0,429.0
2026-03-01T14:00:00Z,307.6666666666667,295.0,311.0,317.0
2026-03-01T15:00:00Z,172.76666666666665,161.3,179.0,178.0
2026-03-01T16:00:00Z,40.166666666666664,36.5,53.0,31.0
2026-03-01T17:00:00Z,0.0,0.0,0.0,0.0
2026-03-01T18:00:00Z,0.0,0.0,0.0,0.0
2026-03-01T19:00:00Z,0.0,0.0,0.0,0.0
2026-03-01T20:00:00Z,0.0,0.0,0.0,0.0
2026-03-01T21:00:00Z,0.0,0.0,0.0,0.0
2026-03-01T22:00:00Z,0.0,0.0,0.0,0.0
2026-03-01T23:00:00Z,0.0,0.0,0.0,0.0
2026-03-02T00:00:00Z,0.0,0.0,0.0,0.0
2026-03-02T01:00:00Z,0.0,0.0,0.0,0.0
2026-03-02T02:00:00Z,0.0,0.0,0.0,0.0
2026-03-02T03:00:00Z,0.0,0.0,0.0,0.0
2026-03-02T04:00:00Z,0.0,0.0,0.0,0.0
2026-03-02T05:00:00Z,0.0,0.0,0.0,0.0
2026-03-02T06:00:00Z,38.766666666666666,31.3,50.0,35.0
2026-03-02T07:00:00Z,162.66666666666666,147.0,169.0,172.0
2026-03-02T08:00:00Z,291.43333333333334,271.3,288.0,315.0
2026-03-02T09:00:00Z,401.1666666666667,372.5,401.0,430.0
2026-03-02T10:00:00Z,485.59999999999997,472.8,480.0,504.0
2026-03-02T11:00:00Z,511.0,501.0,505.0,527.0
2026-03-02T12:00:00Z,471.3333333333333,452.0,479.0,483.0
2026-03-02T13:00:00Z,407.8333333333333,396.5,409.0,418.0
2026-03-02T14:00:00Z,304.76666666666665,299.3,301.0,314.0
2026-03-02T15:00:00Z,173.33333333333334,166.0,175.0,179.0
2026-03-02T16:00:00Z,45.1,39.3,55.0,41.0
2026-03-02T17:00:00Z,0.0,0.0,0.0,0.0
2026-03-02T18:00:00Z,0.0,0.0,0.0,0.0
2026-03-02T19:00:00Z,0.0,0.0,0.0,0.0
2026-03-02T20:00:00Z,0.0,0.0,0.0,0.0
2026-03-02T21:00:00Z,0.0,0.0,0.0,0.0
2026-03-02T22:00:00Z,0.0,0.0,0.0,0.0
2026-03-02T23:00:00Z,0.0,0.0,0.0,0.0
2026-03-03T00:00:00Z,0.0,0.0,0.0,0.0
2026-03-03T01:00:00Z,0.0,0.0,0.0,0.0
2026-03-03T02:00:00Z,0.0,0.0,0.0,0.0
2026-03-03T03:00:00Z,0.0,0.0,0.0,0.0
2026-03-03T04:00:00Z,0.0,0.0,0.0,0.0
2026-03-03T05:00:00Z,0.0,0.0,0.0,0.0
2026-03-03T06:00:00Z,30.933333333333334,16.8,40.0,36.0
2026-03-03T07:00:00Z,120.66666666666667,59.0,133.0,170.0
2026-03-03T08:00:00Z,220.6,107.8,244.0,310.0
2026-03-03T09:00:00Z,337.3333333333333,215.0,372.0,425.0
2026-03-03T10:00:00Z,437.26666666666665,342.8,469.0,500.0
2026-03-03T11:00:00Z,503.93333333333334,488.8,497.0,526.0
2026-03-03T12:00:00Z,481.43333333333334,477.3,464.0,503.0
2026-03-03T13:00:00Z,410.76666666666665,410.3,391.0,431.0
2026-03-03T14:00:00Z,304.3333333333333,303.0,290.0,320.0
2026-03-03T15:00:00Z,174.16666666666666,169.5,172.0,181.0
2026-03-03T16:00:00Z,47.333333333333336,42.0,56.0,44.0
2026-03-03T17:00:00Z,0.0,0.0,0.0,0.0
2026-03-03T18:00:00Z,0.0,0.0,0.0,0.0
2026-03-03T19:00:00Z,0.0,0.0,0.0,0.0
2026-03-03T20:00:00Z,0.0,0.0,0.0,0.0
2026-03-03T21:00:00Z,0.0,0.0,0.0,0.0
2026-03-03T22:00:00Z,0.0,0.0,0.0,0.0
2026-03-03T23:00:00Z,0.0,0.0,0.0,0.0
2026-03-04T00:00:00Z,0.0,0.0,0.0,0.0
2026-03-04T01:00:00Z,0.0,0.0,0.0,0.0
2026-03-04T02:00:00Z,0.0,0.0,0.0,0.0
2026-03-04T03:00:00Z,0.0,0.0,0.0,0.0
2026-03-04T04:00:00Z,0.0,0.0,0.0,0.0
2026-03-04T05:00:00Z,0.0,0.0,0.0,0.0
2026-03-04T06:00:00Z,38.6,30.8,44.0,41.0
2026-03-04T07:00:00Z,148.6,126.8,138.0,181.0
2026-03-04T08:00:00Z,277.1666666666667,258.5,249.0,324.0
2026-03-04T09:00:00Z,408.26666666666665,409.8,375.0,440.0
2026-03-04T10:00:00Z,491.59999999999997,483.8,475.0,516.0
2026-03-04T11:00:00Z,523.8333333333334,512.5,518.0,541.0
2026-03-04T12:00:00Z,504.76666666666665,491.3,505.0,518.0
2026-03-04T13:00:00Z,436.0,421.0,440.0,447.0
2026-03-04T14:00:00Z,324.1666666666667,311.5,327.0,334.0
2026-03-04T15:00:00Z,187.6,176.8,194.0,192.0
2026-03-04T16:00:00Z,53.26666666666667,45.8,65.0,49.0
2026-03-04T17:00:00Z,0.0,0.0,0.0,0.0
2026-03-04T18:00:00Z,0.0,0.0,0.0,0.0
2026-03-04T19:00:00Z,0.0,0.0,0.0,0.0
2026-03-04T20:00:00Z,0.0,0.0,0.0,0.0
2026-03-04T21:00:00Z,0.0,0.0,0.0,0.0
2026-03-04T22:00:00Z,0.0,0.0,0.0,0.0
2026-03-04T23:00:00Z,0.0,0.0,0.0,0.0
2026-03-05T00:00:00Z,0.0,0.0,0.0,0.0
2026-03-05T01:00:00Z,0.0,0.0,0.0,0.0
2026-03-05T02:00:00Z,0.0,0.0,0.0,0.0
2026-03-05T03:00:00Z,0.0,0.0,0.0,0.0
2026-03-05T04:00:00Z,0.0,0.0,0.0,0.0
2026-03-05T05:00:00Z,0.0,0.0,0.0,0.0
2026-03-05T06:00:00Z,52.1,42.3,68.0,46.0
2026-03-05T07:00:00Z,186.0,169.0,198.0,191.0
2026-03-05T08:00:00Z,319.8333333333333,303.5,324.0,332.0
2026-03-05T09:00:00Z,436.76666666666665,418.3,440.0,452.0
2026-03-05T10:00:00Z,513.7666666666667,493.3,520.0,528.0
2026-03-05T11:00:00Z,537.1,522.3,548.0,541.0
2026-03-05T12:00:00Z,518.1,501.3,523.0,530.0
2026-03-05T13:00:00Z,445.5,429.5,450.0,457.0
2026-03-05T14:00:00Z,331.3333333333333,317.0,333.0,344.0
2026-03-05T15:00:00Z,193.66666666666666,181.0,199.0,201.0
2026-03-05T16:00:00Z,57.43333333333334,49.3,69.0,54.0
2026-03-05T17:00:00Z,0.0,0.0,0.0,0.0
2026-03-05T18:00:00Z,0.0,0.0,0.0,0.0
2026-03-05T19:00:00Z,0.0,0.0,0.0,0.0
2026-03-05T20:00:00Z,0.0,0.0,0.0,0.0
2026-03-05T21:00:00Z,0.0,0.0,0.0,0.0
2026-03-05T22:00:00Z,0.0,0.0,0.0,0.0
2026-03-05T23:00:00Z,0.0,0.0,0.0,0.0
2026-03-06T00:00:00Z,0.0,0.0,0.0,0.0
2026-03-06T01:00:00Z,0.0,0.0,0.0,0.0
2026-03-06T02:00:00Z,0.0,0.0,0.0,0.0
2026-03-06T03:00:00Z,0.0,0.0,0.0,0.0
2026-03-06T04:00:00Z,0.0,0.0,0.0,0.0
2026-03-06T05:00:00Z,0.0,0.0,0.0,0.0
2026-03-06T06:00:00Z,45.0,37.0,63.0,35.0
2026-03-06T07:00:00Z,147.43333333333334,140.3,177.0,125.0
2026-03-06T08:00:00Z,290.59999999999997,276.8,301.0,294.0
2026-03-06T09:00:00Z,404.76666666666665,365.3,430.0,419.0
2026-03-06T10:00:00Z,488.8333333333333,426.5,526.0,514.0
2026-03-06T11:00:00Z,539.5,498.5,558.0,562.0
2026-03-06T12:00:00Z,525.2666666666667,506.8,531.0,538.0
2026-03-06T13:00:00Z,451.6666666666667,435.0,455.0,465.0
2026-03-06T14:00:00Z,336.1666666666667,321.5,337.0,350.0
2026-03-06T15:00:00Z,196.6,181.8,202.0,206.0
2026-03-06T16:00:00Z,59.43333333333334,50.3,72.0,56.0
2026-03-06T17:00:00Z,0.09999999999999999,0.3,0.0,0.0
2026-03-06T18:00:00Z,0.0,0.0,0.0,0.0
2026-03-06T19:00:00Z,0.0,0.0,0.0,0.0
2026-03-06T20:00:00Z,0.0,0.0,0.0,0.0
2026-03-06T21:00:00Z,0.0,0.0,0.0,0.0
2026-03-06T22:00:00Z,0.0,0.0,0.0,0.0
2026-03-06T23:00:00Z,0.0,0.0,0.0,0.0
2026-03-07T00:00:00Z,0.0,0.0,0.0,0.0
2026-03-07T01:00:00Z,0.0,0.0,0.0,0.0
2026-03-07T02:00:00Z,0.0,0.0,0.0,0.0
2026-03-07T03:00:00Z,0.0,0.0,0.0,0.0
2026-03-07T04:00:00Z,0.0,0.0,0.0,0.0
2026-03-07T05:00:00Z,0.0,0.0,0.0,0.0
2026-03-07T06:00:00Z,53.43333333333334,42.3,75.0,43.0
2026-03-07T07:00:00Z,171.6,153.8,201.0,160.0
2026-03-07T08:00:00Z,304.93333333333334,293.8,324.0,297.0
2026-03-07T09:00:00Z,427.09999999999997,419.3,439.0,423.0
2026-03-07T10:00:00Z,511.59999999999997,501.8,519.0,514.0
2026-03-07T11:00:00Z,546.6,531.8,547.0,561.0
2026-03-07T12:00:00Z,522.2666666666667,508.8,523.0,535.0
2026-03-07T13:00:00Z,449.26666666666665,436.8,450.0,461.0
2026-03-07T14:00:00Z,333.1666666666667,325.5,333.0,341.0
2026-03-07T15:00:00Z,192.5,186.5,199.0,192.0
2026-03-07T16:00:00Z,60.0,54.0,73.0,53.0
2026-03-07T17:00:00Z,0.43333333333333335,0.3,1.0,0.0
2026-03-07T18:00:00Z,0.0,0.0,0.0,0.0
2026-03-07T19:00:00Z,0.0,0.0,0.0,0.0
2026-03-07T20:00:00Z,0.0,0.0,0.0,0.0
2026-03-07T21:00:00Z,0.0,0.0,0.0,0.0
2026-03-07T22:00:00Z,0.0,0.0,0.0,0.0
2026-03-07T23:00:00Z,0.0,0.0,0.0,0.0
2026-03-08T00:00:00Z,0.0,0.0,0.0,0.0
2026-03-08T01:00:00Z,0.0,0.0,0.0,0.0
2026-03-08T02:00:00Z,0.0,0.0,0.0,0.0
2026-03-08T03:00:00Z,0.0,0.0,0.0,0.0
2026-03-08T04:00:00Z,0.0,0.0,0.0,0.0
2026-03-08T05:00:00Z,0.43333333333333335,0.3,1.0,0.0
2026-03-08T06:00:00Z,65.5,53.5,83.0,60.0
2026-03-08T07:00:00Z,201.76666666666665,184.3,213.0,208.0
2026-03-08T08:00:00Z,337.09999999999997,322.3,337.0,352.0
2026-03-08T09:00:00Z,451.1666666666667,439.5,447.0,467.0
2026-03-08T10:00:00Z,523.9333333333333,508.8,523.0,540.0
2026-03-08T11:00:00Z,550.5,542.5,547.0,562.0
2026-03-08T12:00:00Z,525.4333333333333,512.3,522.0,542.0
2026-03-08T13:00:00Z,445.26666666666665,416.8,450.0,469.0
2026-03-08T14:00:00Z,337.76666666666665,321.3,338.0,354.0
2026-03-08T15:00:00Z,202.1,188.3,207.0,211.0
2026-03-08T16:00:00Z,65.93333333333334,54.8,79.0,64.0
2026-03-08T17:00:00Z,0.8333333333333334,0.5,1.0,1.0
2026-03-08T18:00:00Z,0.0,0.0,0.0,0.0
2026-03-08T19:00:00Z,0.0,0.0,0.0,0.0
2026-03-08T20:00:00Z,0.0,0.0,0.0,0.0
2026-03-08T21:00:00Z,0.0,0.0,0.0,0.0
2026-03-08T22:00:00Z,0.0,0.0,0.0,0.0
2026-03-08T23:00:00Z,0.0,0.0,0.0,0.0
2026-03-09T00:00:00Z,0.0,0.0,0.0,0.0
2026-03-09T01:00:00Z,0.0,0.0,0.0,0.0
2026-03-09T02:00:00Z,0.0,0.0,0.0,0.0
2026-03-09T03:00:00Z,0.0,0.0,0.0,0.0
2026-03-09T04:00:00Z,0.0,0.0,0.0,0.0
2026-03-09T05:00:00Z,0.8333333333333334,0.5,1.0,1.0
2026-03-09T06:00:00Z,67.26666666666667,57.8,82.0,62.0
2026-03-09T07:00:00Z,196.1,189.3,204.0,195.0
2026-03-09T08:00:00Z,326.43333333333334,323.3,329.0,327.0
2026-03-09T09:00:00Z,428.1666666666667,437.5,450.0,397.0
2026-03-09T10:00:00Z,498.93333333333334,487.8,531.0,478.0
2026-03-09T11:00:00Z,537.6666666666666,520.0,545.0,548.0
2026-03-09T12:00:00Z,503.09999999999997,469.3,502.0,538.0
2026-03-09T13:00:00Z,424.6666666666667,388.0,421.0,465.0
2026-03-09T14:00:00Z,315.6666666666667,281.0,314.0,352.0
2026-03-09T15:00:00Z,183.6,147.8,194.0,209.0
2026-03-09T16:00:00Z,56.1,31.3,76.0,61.0
2026-03-09T17:00:00Z,1.0999999999999999,0.3,2.0,1.0
2026-03-09T18:00:00Z,0.0,0.0,0.0,0.0
2026-03-09T19:00:00Z,0.0,0.0,0.0,0.0
2026-03-09T20:00:00Z,0.0,0.0,0.0,0.0
2026-03-09T21:00:00Z,0.0,0.0,0.0,0.0
2026-03-09T22:00:00Z,0.0,0.0,0.0,0.0
2026-03-09T23:00:00Z,0.0,0.0,0.0,0.0
2026-03-10T00:00:00Z,0.0,0.0,0.0,0.0
2026-03-10T01:00:00Z,0.0,0.0,0.0,0.0
2026-03-10T02:00:00Z,0.0,0.0,0.0,0.0
2026-03-10T03:00:00Z,0.0,0.0,0.0,0.0
2026-03-10T04:00:00Z,0.0,0.0,0.0,0.0
2026-03-10T05:00:00Z,1.3333333333333333,1.0,2.0,1.0
2026-03-10T06:00:00Z,61.666666666666664,58.0,63.0,64.0
2026-03-10T07:00:00Z,160.6,158.8,149.0,174.0
2026-03-10T08:00:00Z,244.83333333333334,193.5,229.0,312.0
2026-03-10T09:00:00Z,299.43333333333334,212.3,298.0,388.0
2026-03-10T10:00:00Z,355.59999999999997,283.8,336.0,447.0
2026-03-10T11:00:00Z,332.6666666666667,247.0,330.0,421.0
2026-03-10T12:00:00Z,261.1666666666667,212.5,287.0,284.0
2026-03-10T13:00:00Z,204.5,135.5,223.0,255.0
2026-03-10T14:00:00Z,93.60000000000001,94.8,147.0,39.0
2026-03-10T15:00:00Z,41.1,40.3,75.0,8.0
2026-03-10T16:00:00Z,14.833333333333334,15.5,25.0,4.0
2026-03-10T17:00:00Z,0.43333333333333335,0.3,1.0,0.0
2026-03-10T18:00:00Z,0.0,0.0,0.0,0.0
2026-03-10T19:00:00Z,0.0,0.0,0.0,0.0
2026-03-10T20:00:00Z,0.0,0.0,0.0,0.0
2026-03-10T21:00:00Z,0.0,0.0,0.0,0.0
2026-03-10T22:00:00Z,0.0,0.0,0.0,0.0
2026-03-10T23:00:00Z,0.0,0.0,0.0,0.0
2026-03-11T00:00:00Z,0.0,0.0,0.0,0.0
2026-03-11T01:00:00Z,0.0,0.0,0.0,0.0
2026-03-11T02:00:00Z,0.0,0.0,0.0,0.0
2026-03-11T03:00:00Z,0.0,0.0,0.0,0.0
2026-03-11T04:00:00Z,0.0,0.0,0.0,0.0
2026-03-11T05:00:00Z,1.8333333333333333,1.5,3.0,1.0
2026-03-11T06:00:00Z,80.16666666666667,68.5,96.0,76.0
2026-03-11T07:00:00Z,219.16666666666666,209.5,221.0,227.0
2026-03-11T08:00:00Z,351.59999999999997,346.8,336.0,372.0
2026-03-11T09:00:00Z,445.8333333333333,411.5,436.0,490.0
2026-03-11T10:00:00Z,525.1666666666666,506.5,501.0,568.0
2026-03-11T11:00:00Z,527.6,470.8,517.0,595.0
2026-03-11T12:00:00Z,512.4333333333333,482.3,488.0,567.0
2026-03-11T13:00:00Z,435.43333333333334,388.3,423.0,495.0
2026-03-11T14:00:00Z,341.6666666666667,318.0,328.0,379.0
2026-03-11T15:00:00Z,212.0,191.0,214.0,231.0
2026-03-11T16:00:00Z,75.5,67.5,91.0,68.0
2026-03-11T17:00:00Z,2.1666666666666665,1.5,3.0,2.0
2026-03-11T18:00:00Z,0.0,0.0,0.0,0.0
2026-03-11T19:00:00Z,0.0,0.0,0.0,0.0
2026-03-11T20:00:00Z,0.0,0.0,0.0,0.0
2026-03-11T21:00:00Z,0.0,0.0,0.0,0.0
2026-03-11T22:00:00Z,0.0,0.0,0.0,0.0
2026-03-11T23:00:00Z,0.0,0.0,0.0,0.0
2026-03-12T00:00:00Z,0.0,0.0,0.0,0.0
2026-03-12T01:00:00Z,0.0,0.0,0.0,0.0
2026-03-12T02:00:00Z,0.0,0.0,0.0,0.0
2026-03-12T03:00:00Z,0.0,0.0,0.0,0.0
2026-03-12T04:00:00Z,0.0,0.0,0.0,0.0
2026-03-12T05:00:00Z,2.6666666666666665,2.0,4.0,2.0
2026-03-12T06:00:00Z,79.93333333333334,68.8,90.0,81.0
2026-03-12T07:00:00Z,202.33333333333334,204.0,196.0,207.0
2026-03-12T08:00:00Z,298.3333333333333,324.0,273.0,298.0
2026-03-12T09:00:00Z,379.26666666666665,442.8,312.0,383.0
2026-03-12T10:00:00Z,417.59999999999997,471.8,315.0,466.0
2026-03-12T11:00:00Z,358.59999999999997,485.8,284.0,306.0
2026-03-12T12:00:00Z,271.59999999999997,337.8,230.0,247.0
2026-03-12T13:00:00Z,122.60000000000001,165.8,167.0,35.0
2026-03-12T14:00:00Z,57.5,52.5,105.0,15.0
2026-03-12T15:00:00Z,35.5,45.5,53.0,8.0
2026-03-12T16:00:00Z,11.266666666666666,9.8,18.0,6.0
2026-03-12T17:00:00Z,0.43333333333333335,0.3,1.0,0.0
2026-03-12T18:00:00Z,0.0,0.0,0.0,0.0
2026-03-12T19:00:00Z,0.0,0.0,0.0,0.0
2026-03-12T20:00:00Z,0.0,0.0,0.0,0.0
2026-03-12T21:00:00Z,0.0,0.0,0.0,0.0
2026-03-12T22:00:00Z,0.0,0.0,0.0,0.0
2026-03-12T23:00:00Z,0.0,0.0,0.0,0.0
2026-03-13T00:00:00Z,0.0,0.0,0.0,0.0
2026-03-13T01:00:00Z,0.0,0.0,0.0,0.0
2026-03-13T02:00:00Z,0.0,0.0,0.0,0.0
2026-03-13T03:00:00Z,0.0,0.0,0.0,0.0
2026-03-13T04:00:00Z,0.0,0.0,0.0,0.0
2026-03-13T05:00:00Z,0.5,0.5,1.0,0.0
2026-03-13T06:00:00Z,15.166666666666666,17.5,25.0,3.0
2026-03-13T07:00:00Z,35.266666666666666,43.8,57.0,5.0
2026-03-13T08:00:00Z,77.26666666666667,102.8,102.0,27.0
2026-03-13T09:00:00Z,120.33333333333333,156.0,157.0,48.0
2026-03-13T10:00:00Z,183.4333333333333,230.3,195.0,125.0
2026-03-13T11:00:00Z,141.6,204.8,189.0,31.0
2026-03-13T12:00:00Z,96.10000000000001,95.3,154.0,39.0
2026-03-13T13:00:00Z,101.5,124.5,120.0,60.0
2026-03-13T14:00:00Z,83.10000000000001,122.3,97.0,30.0
2026-03-13T15:00:00Z,64.66666666666667,93.0,71.0,30.0
2026-03-13T16:00:00Z,21.833333333333332,21.5,34.0,10.0
2026-03-13T17:00:00Z,1.0,1.0,2.0,0.0
2026-03-13T18:00:00Z,0.0,0.0,0.0,0.0
2026-03-13T19:00:00Z,0.0,0.0,0.0,0.0
2026-03-13T20:00:00Z,0.0,0.0,0.0,0.0
2026-03-13T21:00:00Z,0.0,0.0,0.0,0.0
2026-03-13T22:00:00Z,0.0,0.0,0.0,0.0
2026-03-13T23:00:00Z,0.0,0.0,0.0,0.0
2026-03-14T00:00:00Z,0.0,0.0,0.0,0.0
2026-03-14T01:00:00Z,0.0,0.0,0.0,0.0
2026-03-14T02:00:00Z,0.0,0.0,0.0,0.0
2026-03-14T03:00:00Z,0.0,0.0,0.0,0.0
2026-03-14T04:00:00Z,0.0,0.0,0.0,0.0
2026-03-14T05:00:00Z,1.8333333333333333,2.5,3.0,0.0
2026-03-14T06:00:00Z,34.266666666666666,54.8,43.0,5.0
2026-03-14T07:00:00Z,80.16666666666667,112.5,94.0,34.0
2026-03-14T08:00:00Z,127.43333333333334,146.3,152.0,84.0
2026-03-14T09:00:00Z,185.0,252.0,214.0,89.0
2026-03-14T10:00:00Z,214.33333333333334,268.0,269.0,106.0
2026-03-14T11:00:00Z,345.1666666666667,249.5,309.0,477.0
2026-03-14T12:00:00Z,306.6666666666667,222.0,326.0,372.0
2026-03-14T13:00:00Z,251.5,145.5,305.0,304.0
2026-03-14T14:00:00Z,241.26666666666665,162.8,243.0,318.0
2026-03-14T15:00:00Z,162.0,104.0,158.0,224.0
2026-03-14T16:00:00Z,62.76666666666667,46.3,71.0,71.0
2026-03-14T17:00:00Z,3.3333333333333335,3.0,4.0,3.0
2026-03-14T18:00:00Z,0.0,0.0,0.0,0.0
2026-03-14T19:00:00Z,0.0,0.0,0.0,0.0
2026-03-14T20:00:00Z,0.0,0.0,0.0,0.0
2026-03-14T21:00:00Z,0.0,0.0,0.0,0.0
2026-03-14T22:00:00Z,0.0,0.0,0.0,0.0
2026-03-14T23:00:00Z,0.0,0.0,0.0,0.0
2026-03-15T00:00:00Z,0.0,0.0,0.0,0.0
2026-03-15T01:00:00Z,0.0,0.0,0.0,0.0
2026-03-15T02:00:00Z,0.0,0.0,0.0,0.0
2026-03-15T03:00:00Z,0.0,0.0,0.0,0.0
2026-03-15T04:00:00Z,0.0,0.0,0.0,0.0
2026-03-15T05:00:00Z,2.9333333333333336,1.8,3.0,4.0
2026-03-15T06:00:00Z,26.0,26.0,43.0,9.0
2026-03-15T07:00:00Z,85.66666666666667,67.0,100.0,90.0
2026-03-15T08:00:00Z,126.83333333333333,129.5,165.0,86.0
2026-03-15T09:00:00Z,152.83333333333334,113.5,232.0,113.0
2026-03-15T10:00:00Z,213.33333333333334,227.0,287.0,126.0
2026-03-15T11:00:00Z,320.93333333333334,260.8,315.0,387.0
2026-03-15T12:00:00Z,282.1666666666667,275.5,316.0,255.0
2026-03-15T13:00:00Z,386.0,384.0,289.0,485.0
2026-03-15T14:00:00Z,295.26666666666665,287.8,236.0,362.0
2026-03-15T15:00:00Z,192.66666666666666,194.0,163.0,221.0
2026-03-15T16:00:00Z,75.66666666666667,80.0,77.0,70.0
2026-03-15T17:00:00Z,4.5,3.5,6.0,4.0
2026-03-15T18:00:00Z,0.0,0.0,0.0,0.0
2026-03-15T19:00:00Z,0.0,0.0,0.0,0.0
2026-03-15T20:00:00Z,0.0,0.0,0.0,0.0
2026-03-15T21:00:00Z,0.0,0.0,0.0,0.0
2026-03-15T22:00:00Z,0.0,0.0,0.0,0.0
2026-03-15T23:00:00Z,0.0,0.0,0.0,0.0
2026-03-16T00:00:00Z,0.0,0.0,0.0,0.0
2026-03-16T01:00:00Z,0.0,0.0,0.0,0.0
2026-03-16T02:00:00Z,0.0,0.0,0.0,0.0
2026-03-16T03:00:00Z,0.0,0.0,0.0,0.0
2026-03-16T04:00:00Z,0.0,0.0,0.0,0.0
2026-03-16T05:00:00Z,5.6000000000000005,2.8,8.0,6.0
2026-03-16T06:00:00Z,77.83333333333333,43.5,113.0,77.0
2026-03-16T07:00:00Z,159.16666666666666,72.5,254.0,151.0
2026-03-16T08:00:00Z,217.16666666666666,119.5,306.0,226.0
2026-03-16T09:00:00Z,236.83333333333334,167.5,249.0,294.0
2026-03-16T10:00:00Z,256.59999999999997,254.8,185.0,330.0
2026-03-16T11:00:00Z,213.4333333333333,241.3,206.0,193.0
2026-03-16T12:00:00Z,206.33333333333334,148.0,262.0,209.0
2026-03-16T13:00:00Z,186.4333333333333,137.3,279.0,143.0
2026-03-16T14:00:00Z,138.66666666666666,100.0,238.0,78.0
2026-03-16T15:00:00Z,110.16666666666667,93.5,168.0,69.0
2026-03-16T16:00:00Z,54.26666666666667,37.8,82.0,43.0
2026-03-16T17:00:00Z,3.766666666666667,2.3,7.0,2.0
2026-03-16T18:00:00Z,0.0,0.0,0.0,0.0
2026-03-16T19:00:00Z,0.0,0.0,0.0,0.0
2026-03-16T20:00:00Z,0.0,0.0,0.0,0.0
2026-03-16T21:00:00Z,0.0,0.0,0.0,0.0
2026-03-16T22:00:00Z,0.0,0.0,0.0,0.0
2026-03-16T23:00:00Z,0.0,0.0,0.0,0.0
2026-03-17T00:00:00Z,0.0,0.0,0.0,0.0
2026-03-17T01:00:00Z,0.0,0.0,0.0,0.0
2026-03-17T02:00:00Z,0.0,0.0,0.0,0.0
2026-03-17T03:00:00Z,0.0,0.0,0.0,0.0
2026-03-17T04:00:00Z,0.0,0.0,0.0,0.0
2026-03-17T05:00:00Z,8.333333333333334,7.0,11.0,7.0
2026-03-17T06:00:00Z,111.43333333333334,97.3,121.0,116.0
2026-03-17T07:00:00Z,265.6666666666667,243.0,275.0,279.0
2026-03-17T08:00:00Z,410.8333333333333,386.5,418.0,428.0
2026-03-17T09:00:00Z,524.8333333333334,501.5,530.0,543.0
2026-03-17T10:00:00Z,597.3333333333334,577.0,602.0,613.0
2026-03-17T11:00:00Z,622.6,604.8,627.0,636.0
2026-03-17T12:00:00Z,595.4333333333333,578.3,599.0,609.0
2026-03-17T13:00:00Z,519.0,501.0,522.0,534.0
2026-03-17T14:00:00Z,401.3333333333333,388.0,400.0,416.0
2026-03-17T15:00:00Z,254.9333333333333,241.8,257.0,266.0
2026-03-17T16:00:00Z,106.0,93.0,119.0,106.0
2026-03-17T17:00:00Z,7.433333333333334,5.3,11.0,6.0
2026-03-17T18:00:00Z,0.0,0.0,0.0,0.0
2026-03-17T19:00:00Z,0.0,0.0,0.0,0.0
2026-03-17T20:00:00Z,0.0,0.0,0.0,0.0
2026-03-17T21:00:00Z,0.0,0.0,0.0,0.0
2026-03-17T22:00:00Z,0.0,0.0,0.0,0.0
2026-03-17T23:00:00Z,0.0,0.0,0.0,0.0
2026-03-18T00:00:00Z,0.0,0.0,0.0,0.0
2026-03-18T01:00:00Z,0.0,0.0,0.0,0.0
2026-03-18T02:00:00Z,0.0,0.0,0.0,0.0
2026-03-18T03:00:00Z,0.0,0.0,0.0,0.0
2026-03-18T04:00:00Z,0.0,0.0,0.0,0.0
2026-03-18T05:00:00Z,9.833333333333334,8.5,12.0,9.0
2026-03-18T06:00:00Z,110.83333333333333,101.5,121.0,110.0
2026-03-18T07:00:00Z,254.33333333333334,247.0,277.0,239.0
2026-03-18T08:00:00Z,391.09999999999997,393.3,421.0,359.0
2026-03-18T09:00:00Z,506.09999999999997,507.3,530.0,481.0
2026-03-18T10:00:00Z,599.9333333333333,585.8,599.0,615.0
2026-03-18T11:00:00Z,625.3333333333334,614.0,624.0,638.0
2026-03-18T12:00:00Z,600.0,589.0,599.0,612.0
2026-03-18T13:00:00Z,523.4333333333333,512.3,523.0,535.0
2026-03-18T14:00:00Z,403.26666666666665,393.8,400.0,416.0
2026-03-18T15:00:00Z,256.8333333333333,246.5,258.0,266.0
2026-03-18T16:00:00Z,108.0,96.0,121.0,107.0
2026-03-18T17:00:00Z,8.1,6.3,12.0,6.0
2026-03-18T18:00:00Z,0.0,0.0,0.0,0.0
2026-03-18T19:00:00Z,0.0,0.0,0.0,0.0
2026-03-18T20:00:00Z,0.0,0.0,0.0,0.0
2026-03-18T21:00:00Z,0.0,0.0,0.0,0.0
2026-03-18T22:00:00Z,0.0,0.0,0.0,0.0
2026-03-18T23:00:00Z,0.0,0.0,0.0,0.0
2026-03-19T00:00:00Z,0.0,0.0,0.0,0.0
2026-03-19T01:00:00Z,0.0,0.0,0.0,0.0
2026-03-19T02:00:00Z,0.0,0.0,0.0,0.0
2026-03-19T03:00:00Z,0.0,0.0,0.0,0.0
2026-03-19T04:00:00Z,0.0,0.0,0.0,0.0
2026-03-19T05:00:00Z,6.166666666666667,6.5,3.0,9.0
2026-03-19T06:00:00Z,65.33333333333333,79.0,26.0,91.0
2026-03-19T07:00:00Z,168.66666666666666,210.0,75.0,221.0
2026-03-19T08:00:00Z,256.3333333333333,245.0,194.0,330.0
2026-03-19T09:00:00Z,317.09999999999997,259.3,379.0,313.0
2026-03-19T10:00:00Z,414.09999999999997,324.3,532.0,386.0
2026-03-19T11:00:00Z,507.59999999999997,371.8,574.0,577.0
2026-03-19T12:00:00Z,506.93333333333334,411.8,530.0,579.0
2026-03-19T13:00:00Z,417.76666666666665,289.3,446.0,518.0
2026-03-19T14:00:00Z,362.6666666666667,340.0,338.0,410.0
2026-03-19T15:00:00Z,233.4333333333333,218.3,216.0,266.0
2026-03-19T16:00:00Z,77.16666666666667,77.5,102.0,52.0
2026-03-19T17:00:00Z,6.933333333333334,4.8,11.0,5.0
2026-03-19T18:00:00Z,0.0,0.0,0.0,0.0
2026-03-19T19:00:00Z,0.0,0.0,0.0,0.0
2026-03-19T20:00:00Z,0.0,0.0,0.0,0.0
2026-03-19T21:00:00Z,0.0,0.0,0.0,0.0
2026-03-19T22:00:00Z,0.0,0.0,0.0,0.0
2026-03-19T23:00:00Z,0.0,0.0,0.0,0.0
2026-03-20T00:00:00Z,0.0,0.0,0.0,0.0
2026-03-20T01:00:00Z,0.0,0.0,0.0,0.0
2026-03-20T02:00:00Z,0.0,0.0,0.0,0.0
2026-03-20T03:00:00Z,0.0,0.0,0.0,0.0
2026-03-20T04:00:00Z,0.0,0.0,0.0,0.0
2026-03-20T05:00:00Z,12.1,9.3,15.0,12.0
2026-03-20T06:00:00Z,109.16666666666667,77.5,125.0,125.0
2026-03-20T07:00:00Z,204.5,167.5,268.0,178.0
2026-03-20T08:00:00Z,260.43333333333334,236.3,377.0,168.0
2026-03-20T09:00:00Z,309.43333333333334,242.3,432.0,254.0
2026-03-20T10:00:00Z,359.93333333333334,299.8,450.0,330.0
2026-03-20T11:00:00Z,394.26666666666665,522.8,440.0,220.0
2026-03-20T12:00:00Z,480.76666666666665,437.3,399.0,606.0
2026-03-20T13:00:00Z,297.5,362.5,336.0,194.0
2026-03-20T14:00:00Z,215.26666666666665,277.8,260.0,108.0
2026-03-20T15:00:00Z,179.0,88.0,175.0,274.0
2026-03-20T16:00:00Z,73.16666666666667,60.5,87.0,72.0
2026-03-20T17:00:00Z,6.933333333333334,4.8,11.0,5.0
2026-03-20T18:00:00Z,0.0,0.0,0.0,0.0
2026-03-20T19:00:00Z,0.0,0.0,0.0,0.0
2026-03-20T20:00:00Z,0.0,0.0,0.0,0.0
2026-03-20T21:00:00Z,0.0,0.0,0.0,0.0
2026-03-20T22:00:00Z,0.0,0.0,0.0,0.0
2026-03-20T23:00:00Z,0.0,0.0,0.0,0.0
2026-03-21T00:00:00Z,0.0,0.0,0.0,0.0
2026-03-21T01:00:00Z,0.0,0.0,0.0,0.0
2026-03-21T02:00:00Z,0.0,0.0,0.0,0.0
2026-03-21T03:00:00Z,0.0,0.0,0.0,0.0
2026-03-21T04:00:00Z,0.0,0.0,0.0,0.0
2026-03-21T05:00:00Z,15.1,13.3,18.0,14.0
2026-03-21T06:00:00Z,130.66666666666666,121.0,136.0,135.0
2026-03-21T07:00:00Z,286.3333333333333,272.0,290.0,297.0
2026-03-21T08:00:00Z,431.59999999999997,415.8,433.0,446.0
2026-03-21T09:00:00Z,546.6666666666666,533.0,546.0,561.0
2026-03-21T10:00:00Z,620.2666666666667,607.8,619.0,634.0
2026-03-21T11:00:00Z,645.1666666666666,632.5,645.0,658.0
2026-03-21T12:00:00Z,616.1,600.3,619.0,629.0
2026-03-21T13:00:00Z,535.9333333333333,517.8,540.0,550.0
2026-03-21T14:00:00Z,407.09999999999997,377.3,413.0,431.0
2026-03-21T15:00:00Z,264.3333333333333,245.0,266.0,282.0
2026-03-21T16:00:00Z,119.26666666666667,106.8,129.0,122.0
2026-03-21T17:00:00Z,12.1,9.3,17.0,10.0
2026-03-21T18:00:00Z,0.0,0.0,0.0,0.0
2026-03-21T19:00:00Z,0.0,0.0,0.0,0.0
2026-03-21T20:00:00Z,0.0,0.0,0.0,0.0
2026-03-21T21:00:00Z,0.0,0.0,0.0,0.0
2026-03-21T22:00:00Z,0.0,0.0,0.0,0.0
2026-03-21T23:00:00Z,0.0,0.0,0.0,0.0
2026-03-22T00:00:00Z,0.0,0.0,0.0,0.0
2026-03-22T01:00:00Z,0.0,0.0,0.0,0.0
2026-03-22T02:00:00Z,0.0,0.0,0.0,0.0
2026-03-22T03:00:00Z,0.0,0.0,0.0,0.0
2026-03-22T04:00:00Z,0.0,0.0,0.0,0.0
2026-03-22T05:00:00Z,18.099999999999998,16.3,21.0,17.0
2026-03-22T06:00:00Z,137.66666666666666,132.0,139.0,142.0
2026-03-22T07:00:00Z,283.59999999999997,286.8,288.0,276.0
2026-03-22T08:00:00Z,412.6666666666667,420.0,428.0,390.0
2026-03-22T09:00:00Z,534.3333333333334,538.0,543.0,522.0
2026-03-22T10:00:00Z,621.6666666666666,604.0,618.0,643.0
2026-03-22T11:00:00Z,652.1,644.3,647.0,665.0
2026-03-22T12:00:00Z,625.5,617.5,622.0,637.0
2026-03-22T13:00:00Z,541.8333333333334,532.5,544.0,549.0
2026-03-22T14:00:00Z,399.0,418.0,417.0,362.0
2026-03-22T15:00:00Z,239.26666666666665,263.8,270.0,184.0
2026-03-22T16:00:00Z,107.26666666666667,107.8,132.0,82.0
2026-03-22T17:00:00Z,13.0,10.0,19.0,10.0
2026-03-22T18:00:00Z,0.0,0.0,0.0,0.0
2026-03-22T19:00:00Z,0.0,0.0,0.0,0.0
2026-03-22T20:00:00Z,0.0,0.0,0.0,0.0
2026-03-22T21:00:00Z,0.0,0.0,0.0,0.0
2026-03-22T22:00:00Z,0.0,0.0,0.0,0.0
2026-03-22T23:00:00Z,0.0,0.0,0.0,0.0
2026-03-23T00:00:00Z,0.0,0.0,0.0,0.0
2026-03-23T01:00:00Z,0.0,0.0,0.0,0.0
2026-03-23T02:00:00Z,0.0,0.0,0.0,0.0
2026-03-23T03:00:00Z,0.0,0.0,0.0,0.0
2026-03-23T04:00:00Z,0.0,0.0,0.0,0.0
2026-03-23T05:00:00Z,14.166666666666666,12.5,18.0,12.0
2026-03-23T06:00:00Z,88.83333333333333,89.5,108.0,69.0
2026-03-23T07:00:00Z,186.16666666666666,184.5,220.0,154.0
2026-03-23T08:00:00Z,300.76666666666665,315.3,315.0,272.0
2026-03-23T09:00:00Z,378.26666666666665,395.8,384.0,355.0
2026-03-23T10:00:00Z,429.59999999999997,462.8,425.0,401.0
2026-03-23T11:00:00Z,479.43333333333334,478.3,447.0,513.0
2026-03-23T12:00:00Z,458.09999999999997,479.3,436.0,459.0
2026-03-23T13:00:00Z,385.76666666666665,403.3,379.0,375.0
2026-03-23T14:00:00Z,262.93333333333334,273.8,274.0,241.0
2026-03-23T15:00:00Z,169.16666666666666,187.5,160.0,160.0
2026-03-23T16:00:00Z,68.93333333333334,74.8,71.0,61.0
2026-03-23T17:00:00Z,8.333333333333334,8.0,10.0,7.0
2026-03-23T18:00:00Z,0.0,0.0,0.0,0.0
2026-03-23T19:00:00Z,0.0,0.0,0.0,0.0
2026-03-23T20:00:00Z,0.0,0.0,0.0,0.0
2026-03-23T21:00:00Z,0.0,0.0,0.0,0.0
2026-03-23T22:00:00Z,0.0,0.0,0.0,0.0
2026-03-23T23:00:00Z,0.0,0.0,0.0,0.0
2026-03-24T00:00:00Z,0.0,0.0,0.0,0.0
2026-03-24T01:00:00Z,0.0,0.0,0.0,0.0
2026-03-24T02:00:00Z,0.0,0.0,0.0,0.0
2026-03-24T03:00:00Z,0.0,0.0,0.0,0.0
2026-03-24T04:00:00Z,0.0,0.0,0.0,0.0
2026-03-24T05:00:00Z,4.266666666666667,2.8,5.0,5.0
2026-03-24T06:00:00Z,24.5,24.5,42.0,7.0
2026-03-24T07:00:00Z,143.33333333333334,125.0,111.0,194.0
2026-03-24T08:00:00Z,280.5,145.5,232.0,464.0
2026-03-24T09:00:00Z,403.43333333333334,242.3,389.0,579.0
2026-03-24T10:00:00Z,534.9333333333333,461.8,499.0,644.0
2026-03-24T11:00:00Z,300.26666666666665,352.8,485.0,63.0
2026-03-24T12:00:00Z,256.59999999999997,193.8,388.0,188.0
2026-03-24T13:00:00Z,246.9333333333333,252.8,294.0,194.0
2026-03-24T14:00:00Z,225.0,315.0,233.0,127.0
2026-03-24T15:00:00Z,164.93333333333334,169.8,171.0,154.0
2026-03-24T16:00:00Z,73.43333333333334,72.3,94.0,54.0
2026-03-24T17:00:00Z,11.766666666666666,10.3,16.0,9.0
2026-03-24T18:00:00Z,0.0,0.0,0.0,0.0
2026-03-24T19:00:00Z,0.0,0.0,0.0,0.0
2026-03-24T20:00:00Z,0.0,0.0,0.0,0.0
2026-03-24T21:00:00Z,0.09999999999999999,0.3,0.0,0.0
2026-03-24T22:00:00Z,0.0,0.0,0.0,0.0
2026-03-24T23:00:00Z,0.0,0.0,0.0,0.0
2026-03-25T00:00:00Z,0.0,0.0,0.0,0.0
2026-03-25T01:00:00Z,0.0,0.0,0.0,0.0
2026-03-25T02:00:00Z,0.0,0.0,0.0,0.0
2026-03-25T03:00:00Z,0.0,0.0,0.0,0.0
2026-03-25T04:00:00Z,0.0,0.0,0.0,0.0
2026-03-25T05:00:00Z,9.766666666666667,11.3,10.0,8.0
2026-03-25T06:00:00Z,53.666666666666664,71.0,50.0,40.0
2026-03-25T07:00:00Z,106.66666666666667,128.0,100.0,92.0
2026-03-25T08:00:00Z,195.5,254.5,157.0,175.0
2026-03-25T09:00:00Z,339.59999999999997,332.8,216.0,470.0
2026-03-25T10:00:00Z,391.09999999999997,403.3,270.0,500.0
2026-03-25T11:00:00Z,420.1666666666667,324.5,313.0,623.0
2026-03-25T12:00:00Z,346.09999999999997,409.3,337.0,292.0
2026-03-25T13:00:00Z,293.6666666666667,272.0,329.0,280.0
2026-03-25T14:00:00Z,324.1666666666667,324.5,285.0,363.0
2026-03-25T15:00:00Z,210.26666666666665,201.8,212.0,217.0
2026-03-25T16:00:00Z,106.76666666666667,97.3,119.0,104.0
2026-03-25T17:00:00Z,17.333333333333332,15.0,21.0,16.0
2026-03-25T18:00:00Z,0.0,0.0,0.0,0.0
2026-03-25T19:00:00Z,0.0,0.0,0.0,0.0
2026-03-25T20:00:00Z,0.0,0.0,0.0,0.0
2026-03-25T21:00:00Z,0.0,0.0,0.0,0.0
2026-03-25T22:00:00Z,0.0,0.0,0.0,0.0
2026-03-25T23:00:00Z,0.0,0.0,0.0,0.0
2026-03-26T00:00:00Z,0.0,0.0,0.0,0.0
2026-03-26T01:00:00Z,0.0,0.0,0.0,0.0
2026-03-26T02:00:00Z,0.0,0.0,0.0,0.0
2026-03-26T03:00:00Z,0.0,0.0,0.0,0.0
2026-03-26T04:00:00Z,0.0,0.0,0.0,0.0
2026-03-26T05:00:00Z,23.766666666666666,14.3,32.0,25.0
2026-03-26T06:00:00Z,132.16666666666666,78.5,157.0,161.0
2026-03-26T07:00:00Z,264.6666666666667,160.0,309.0,325.0
2026-03-26T08:00:00Z,394.3333333333333,281.0,455.0,447.0
2026-03-26T09:00:00Z,483.26666666666665,415.8,575.0,459.0
2026-03-26T10:00:00Z,554.9333333333333,610.8,634.0,420.0
2026-03-26T11:00:00Z,573.2666666666667,558.8,595.0,566.0
2026-03-26T12:00:00Z,434.26666666666665,281.8,486.0,535.0
2026-03-26T13:00:00Z,395.5,305.5,375.0,506.0
2026-03-26T14:00:00Z,324.1666666666667,341.5,286.0,345.0
2026-03-26T15:00:00Z,254.66666666666666,262.0,200.0,302.0
2026-03-26T16:00:00Z,127.0,125.0,109.0,147.0
2026-03-26T17:00:00Z,18.0,16.0,20.0,18.0
2026-03-26T18:00:00Z,0.09999999999999999,0.3,0.0,0.0
2026-03-26T19:00:00Z,0.0,0.0,0.0,0.0
2026-03-26T20:00:00Z,0.0,0.0,0.0,0.0
2026-03-26T21:00:00Z,0.0,0.0,0.0,0.0
2026-03-26T22:00:00Z,0.0,0.0,0.0,0.0
2026-03-26T23:00:00Z,0.0,0.0,0.0,0.0
2026-03-27T00:00:00Z,0.0,0.0,0.0,0.0
2026-03-27T01:00:00Z,0.0,0.0,0.0,0.0
2026-03-27T02:00:00Z,0.0,0.0,0.0,0.0
2026-03-27T03:00:00Z,0.09999999999999999,0.3,0.0,0.0
2026-03-27T04:00:00Z,0.0,0.0,0.0,0.0
2026-03-27T05:00:00Z,7.1000000000000005,11.3,6.0,4.0
2026-03-27T06:00:00Z,25.666666666666668,44.0,24.0,9.0
2026-03-27T07:00:00Z,45.5,75.5,44.0,17.0
2026-03-27T08:00:00Z,70.26666666666667,111.8,68.0,31.0
2026-03-27T09:00:00Z,89.16666666666667,127.5,95.0,45.0
2026-03-27T10:00:00Z,102.60000000000001,137.8,112.0,58.0
2026-03-27T11:00:00Z,98.43333333333334,141.3,110.0,44.0
2026-03-27T12:00:00Z,100.76666666666667,147.3,95.0,60.0
2026-03-27T13:00:00Z,111.10000000000001,161.3,79.0,93.0
2026-03-27T14:00:00Z,83.33333333333333,149.0,66.0,35.0
2026-03-27T15:00:00Z,38.93333333333333,57.8,50.0,9.0
2026-03-27T16:00:00Z,22.599999999999998,31.8,29.0,7.0
2026-03-27T17:00:00Z,4.266666666666667,4.8,6.0,2.0
2026-03-27T18:00:00Z,0.0,0.0,0.0,0.0
2026-03-27T19:00:00Z,0.0,0.0,0.0,0.0
2026-03-27T20:00:00Z,0.0,0.0,0.0,0.0
2026-03-27T21:00:00Z,0.0,0.0,0.0,0.0
2026-03-27T22:00:00Z,0.0,0.0,0.0,0.0
2026-03-27T23:00:00Z,0.0,0.0,0.0,0.0
2026-03-28T00:00:00Z,0.0,0.0,0.0,0.0
2026-03-28T01:00:00Z,0.0,0.0,0.0,0.0
2026-03-28T02:00:00Z,0.0,0.0,0.0,0.0
2026-03-28T03:00:00Z,0.0,0.0,0.0,0.0
2026-03-28T04:00:00Z,0.0,0.0,0.0,0.0
2026-03-28T05:00:00Z,15.666666666666666,22.0,15.0,10.0
2026-03-28T06:00:00Z,60.833333333333336,111.5,50.0,21.0
2026-03-28T07:00:00Z,89.60000000000001,135.8,91.0,42.0
2026-03-28T08:00:00Z,149.93333333333334,164.8,151.0,134.0
2026-03-28T09:00:00Z,173.66666666666666,188.0,230.0,103.0
2026-03-28T10:00:00Z,218.33333333333334,166.0,309.0,180.0
2026-03-28T11:00:00Z,489.59999999999997,406.8,384.0,678.0
2026-03-28T12:00:00Z,504.0,422.0,435.0,655.0
2026-03-28T13:00:00Z,446.5,407.5,422.0,510.0
2026-03-28T14:00:00Z,384.43333333333334,404.3,332.0,417.0
2026-03-28T15:00:00Z,266.5,293.5,213.0,293.0
2026-03-28T16:00:00Z,131.83333333333334,143.5,109.0,143.0
2026-03-28T17:00:00Z,19.266666666666666,17.8,22.0,18.0
2026-03-28T18:00:00Z,0.0,0.0,0.0,0.0
2026-03-28T19:00:00Z,0.0,0.0,0.0,0.0
2026-03-28T20:00:00Z,0.0,0.0,0.0,0.0
2026-03-28T21:00:00Z,0.0,0.0,0.0,0.0
2026-03-28T22:00:00Z,0.0,0.0,0.0,0.0
2026-03-28T23:00:00Z,0.0,0.0,0.0,0.0
2026-03-29T00:00:00Z,0.0,0.0,0.0,0.0
2026-03-29T01:00:00Z,0.0,0.0,0.0,0.0
2026-03-29T02:00:00Z,0.0,0.0,0.0,0.0
2026-03-29T03:00:00Z,0.0,0.0,0.0,0.0
2026-03-29T04:00:00Z,0.0,0.0,0.0,0.0
2026-03-29T05:00:00Z,17.933333333333334,7.8,19.0,27.0
2026-03-29T06:00:00Z,89.16666666666667,45.5,97.0,125.0
2026-03-29T07:00:00Z,195.33333333333334,137.0,194.0,255.0
2026-03-29T08:00:00Z,289.0,172.0,244.0,451.0
2026-03-29T09:00:00Z,322.3333333333333,302.0,239.0,426.0
2026-03-29T10:00:00Z,368.76666666666665,504.3,233.0,369.0
2026-03-29T11:00:00Z,368.93333333333334,304.8,274.0,528.0
2026-03-29T12:00:00Z,341.3333333333333,443.0,325.0,256.0
2026-03-29T13:00:00Z,331.1666666666667,428.5,331.0,234.0
2026-03-29T14:00:00Z,254.16666666666666,202.5,277.0,283.0
2026-03-29T15:00:00Z,219.0,253.0,195.0,209.0
2026-03-29T16:00:00Z,84.83333333333333,49.5,108.0,97.0
2026-03-29T17:00:00Z,18.166666666666668,17.5,24.0,13.0
2026-03-29T18:00:00Z,0.0,0.0,0.0,0.0
2026-03-29T19:00:00Z,0.0,0.0,0.0,0.0
2026-03-29T20:00:00Z,0.09999999999999999,0.3,0.0,0.0
2026-03-29T21:00:00Z,0.0,0.0,0.0,0.0
2026-03-29T22:00:00Z,0.0,0.0,0.0,0.0
2026-03-29T23:00:00Z,0.0,0.0,0.0,0.0
2026-03-30T00:00:00Z,0.0,0.0,0.0,0.0
2026-03-30T01:00:00Z,0.0,0.0,0.0,0.0
2026-03-30T02:00:00Z,0.0,0.0,0.0,0.0
2026-03-30T03:00:00Z,0.09999999999999999,0.3,0.0,0.0
2026-03-30T04:00:00Z,0.0,0.0,0.0,0.0
2026-03-30T05:00:00Z,17.266666666666666,25.8,19.0,7.0
2026-03-30T06:00:00Z,72.93333333333334,107.8,67.0,44.0
2026-03-30T07:00:00Z,128.5,177.5,131.0,77.0
2026-03-30T08:00:00Z,208.33333333333334,249.0,238.0,138.0
2026-03-30T09:00:00Z,303.1666666666667,389.5,378.0,142.0
2026-03-30T10:00:00Z,445.0,593.0,485.0,257.0
2026-03-30T11:00:00Z,407.76666666666665,520.3,508.0,195.0
2026-03-30T12:00:00Z,385.76666666666665,344.3,467.0,346.0
2026-03-30T13:00:00Z,308.1666666666667,320.5,393.0,211.0
2026-03-30T14:00:00Z,223.16666666666666,221.5,298.0,150.0
2026-03-30T15:00:00Z,194.4333333333333,157.3,194.0,232.0
2026-03-30T16:00:00Z,100.83333333333333,65.5,102.0,135.0
2026-03-30T17:00:00Z,18.766666666666666,16.3,23.0,17.0
2026-03-30T18:00:00Z,0.09999999999999999,0.3,0.0,0.0
2026-03-30T19:00:00Z,0.0,0.0,0.0,0.0
2026-03-30T20:00:00Z,0.0,0.0,0.0,0.0
2026-03-30T21:00:00Z,0.0,0.0,0.0,0.0
2026-03-30T22:00:00Z,0.0,0.0,0.0,0.0
2026-03-30T23:00:00Z,0.0,0.0,0.0,0.0
2026-03-31T00:00:00Z,0.0,0.0,0.0,0.0
2026-03-31T01:00:00Z,0.0,0.0,0.0,0.0
2026-03-31T02:00:00Z,0.0,0.0,0.0,0.0
2026-03-31T03:00:00Z,0.0,0.0,0.0,0.0
2026-03-31T04:00:00Z,0.0,0.0,0.0,0.0
2026-03-31T05:00:00Z,25.599999999999998,37.8,24.0,15.0
2026-03-31T06:00:00Z,102.26666666666667,160.8,83.0,63.0
2026-03-31T07:00:00Z,162.33333333333334,207.0,159.0,121.0
2026-03-31T08:00:00Z,261.76666666666665,291.3,256.0,238.0
2026-03-31T09:00:00Z,367.1666666666667,329.5,366.0,406.0
2026-03-31T10:00:00Z,480.09999999999997,423.3,463.0,554.0
2026-03-31T11:00:00Z,594.6666666666666,531.0,532.0,721.0
2026-03-31T12:00:00Z,579.7666666666667,489.3,560.0,690.0
2026-03-31T13:00:00Z,522.4333333333333,426.3,530.0,611.0
2026-03-31T14:00:00Z,440.6666666666667,396.0,436.0,490.0
2026-03-31T15:00:00Z,288.09999999999997,219.3,307.0,338.0
2026-03-31T16:00:00Z,151.26666666666668,109.8,173.0,171.0
2026-03-31T17:00:00Z,31.933333333333334,25.8,42.0,28.0
2026-03-31T18:00:00Z,0.0,0.0,0.0,0.0
2026-03-31T19:00:00Z,0.0,0.0,0.0,0.0
2026-03-31T20:00:00Z,0.0,0.0,0.0,0.0
2026-03-31T21:00:00Z,0.16666666666666666,0.5,0.0,0.0
2026-03-31T22:00:00Z,0.0,0.0,0.0,0.0
2026-03-31T23:00:00Z,0.0,0.0,0.0,0.0
2026-04-01T00:00:00Z,0.0,0.0,0.0,0.0
2026-04-01T01:00:00Z,0.0,0.0,0.0,0.0
2026-04-01T02:00:00Z,0.0,0.0,0.0,0.0
2026-04-01T03:00:00Z,0.0,0.0,0.0,0.0
2026-04-01T04:00:00Z,0.0,0.0,0.0,0.0
2026-04-01T05:00:00Z,51.666666666666664,46.0,59.0,50.0
2026-04-01T06:00:00Z,197.4333333333333,185.3,201.0,206.0
2026-04-01T07:00:00Z,356.93333333333334,334.8,364.0,372.0
2026-04-01T08:00:00Z,506.0,487.0,510.0,521.0
2026-04-01T09:00:00Z,624.1666666666666,614.5,623.0,635.0
2026-04-01T10:00:00Z,692.7666666666668,683.3,691.0,704.0
2026-04-01T11:00:00Z,706.2666666666668,685.8,709.0,724.0
2026-04-01T12:00:00Z,674.4333333333333,660.3,670.0,693.0
2026-04-01T13:00:00Z,581.1,556.3,573.0,614.0
2026-04-01T14:00:00Z,432.93333333333334,387.8,420.0,491.0
2026-04-01T15:00:00Z,245.9333333333333,287.8,257.0,193.0
2026-04-01T16:00:00Z,112.33333333333333,120.0,128.0,89.0
2026-04-01T17:00:00Z,19.099999999999998,11.3,32.0,14.0
2026-04-01T18:00:00Z,0.09999999999999999,0.3,0.0,0.0
2026-04-01T19:00:00Z,0.09999999999999999,0.3,0.0,0.0
2026-04-01T20:00:00Z,0.0,0.0,0.0,0.0
2026-04-01T21:00:00Z,0.0,0.0,0.0,0.0
2026-04-01T22:00:00Z,0.0,0.0,0.0,0.0
2026-04-01T23:00:00Z,0.0,0.0,0.0,0.0
2026-04-02T00:00:00Z,0.09999999999999999,0.3,0.0,0.0
2026-04-02T01:00:00Z,0.0,0.0,0.0,0.0
2026-04-02T02:00:00Z,0.0,0.0,0.0,0.0
2026-04-02T03:00:00Z,0.0,0.0,0.0,0.0
2026-04-02T04:00:00Z,0.0,0.0,0.0,0.0
2026-04-02T05:00:00Z,30.5,20.5,18.0,53.0
2026-04-02T06:00:00Z,108.16666666666667,75.5,74.0,175.0
2026-04-02T07:00:00Z,209.33333333333334,135.0,154.0,339.0
2026-04-02T08:00:00Z,329.0,217.0,249.0,521.0
2026-04-02T09:00:00Z,362.3333333333333,225.0,347.0,515.0
2026-04-02T10:00:00Z,474.43333333333334,312.3,409.0,702.0
2026-04-02T11:00:00Z,428.59999999999997,340.8,401.0,544.0
2026-04-02T12:00:00Z,433.59999999999997,353.8,340.0,607.0
2026-04-02T13:00:00Z,419.43333333333334,383.3,267.0,608.0
2026-04-02T14:00:00Z,346.59999999999997,361.8,198.0,480.0
2026-04-02T15:00:00Z,243.4333333333333,271.3,130.0,329.0
2026-04-02T16:00:00Z,128.33333333333334,147.0,70.0,168.0
2026-04-02T17:00:00Z,23.5,27.5,18.0,25.0
2026-04-02T18:00:00Z,0.0,0.0,0.0,0.0
2026-04-02T19:00:00Z,0.0,0.0,0.0,0.0
2026-04-02T20:00:00Z,0.0,0.0,0.0,0.0
2026-04-02T21:00:00Z,0.0,0.0,0.0,0.0
2026-04-02T22:00:00Z,0.0,0.0,0.0,0.0
2026-04-02T23:00:00Z,0.0,0.0,0.0,0.0
2026-04-03T00:00:00Z,0.0,0.0,0.0,0.0
2026-04-03T01:00:00Z,0.0,0.0,0.0,0.0
2026-04-03T02:00:00Z,0.0,0.0,0.0,0.0
2026-04-03T03:00:00Z,0.0,0.0,0.0,0.0
2026-04-03T04:00:00Z,0.09999999999999999,0.3,0.0,0.0
2026-04-03T05:00:00Z,20.099999999999998,32.3,22.0,6.0
2026-04-03T06:00:00Z,87.83333333333333,144.5,83.0,36.0
2026-04-03T07:00:00Z,177.4333333333333,315.3,173.0,44.0
2026-04-03T08:00:00Z,285.3333333333333,418.0,291.0,147.0
2026-04-03T09:00:00Z,335.59999999999997,547.8,421.0,38.0
2026-04-03T10:00:00Z,401.26666666666665,643.8,507.0,53.0
2026-04-03T11:00:00Z,399.6666666666667,512.0,503.0,184.0
2026-04-03T12:00:00Z,502.5,615.5,433.0,459.0
2026-04-03T13:00:00Z,356.59999999999997,541.8,343.0,185.0
2026-04-03T14:00:00Z,360.5,369.5,250.0,462.0
2026-04-03T15:00:00Z,226.6,275.8,159.0,245.0
2026-04-03T16:00:00Z,124.33333333333333,131.0,84.0,158.0
2026-04-03T17:00:00Z,23.933333333333334,21.8,23.0,27.0
2026-04-03T18:00:00Z,0.0,0.0,0.0,0.0
2026-04-03T19:00:00Z,0.0,0.0,0.0,0.0
2026-04-03T20:00:00Z,0.0,0.0,0.0,0.0
2026-04-03T21:00:00Z,0.0,0.0,0.0,0.0
2026-04-03T22:00:00Z,0.0,0.0,0.0,0.0
2026-04-03T23:00:00Z,0.09999999999999999,0.3,0.0,0.0
2026-04-04T00:00:00Z,0.0,0.0,0.0,0.0
2026-04-04T01:00:00Z,0.0,0.0,0.0,0.0
2026-04-04T02:00:00Z,0.0,0.0,0.0,0.0
2026-04-04T03:00:00Z,0.0,0.0,0.0,0.0
2026-04-04T04:00:00Z,0.6,0.8,1.0,0.0
2026-04-04T05:00:00Z,51.1,53.3,53.0,47.0
2026-04-04T06:00:00Z,157.93333333333334,172.8,163.0,138.0
2026-04-04T07:00:00Z,256.09999999999997,231.3,284.0,253.0
2026-04-04T08:00:00Z,337.76666666666665,282.3,375.0,356.0
2026-04-04T09:00:00Z,378.5,246.5,422.0,467.0
2026-04-04T10:00:00Z,250.9333333333333,175.8,420.0,157.0
2026-04-04T11:00:00Z,356.5,200.5,355.0,514.0
2026-04-04T12:00:00Z,368.59999999999997,303.8,251.0,551.0
2026-04-04T13:00:00Z,190.5,164.5,166.0,241.0
2026-04-04T14:00:00Z,178.26666666666665,165.8,124.0,245.0
2026-04-04T15:00:00Z,120.60000000000001,97.8,96.0,168.0
2026-04-04T16:00:00Z,99.10000000000001,132.3,60.0,105.0
2026-04-04T17:00:00Z,26.333333333333332,33.0,18.0,28.0
2026-04-04T18:00:00Z,0.0,0.0,0.0,0.0
2026-04-04T19:00:00Z,0.0,0.0,0.0,0.0
2026-04-04T20:00:00Z,0.0,0.0,0.0,0.0
2026-04-04T21:00:00Z,0.0,0.0,0.0,0.0
2026-04-04T22:00:00Z,0.0,0.0,0.0,0.0
2026-04-04T23:00:00Z,0.0,0.0,0.0,0.0
2026-04-05T00:00:00Z,0.0,0.0,0.0,0.0
2026-04-05T01:00:00Z,0.0,0.0,0.0,0.0
2026-04-05T02:00:00Z,0.0,0.0,0.0,0.0
2026-04-05T03:00:00Z,0.0,0.0,0.0,0.0
2026-04-05T04:00:00Z,0.9333333333333332,0.8,1.0,1.0
2026-04-05T05:00:00Z,65.33333333333333,64.0,77.0,55.0
2026-04-05T06:00:00Z,214.83333333333334,209.5,219.0,216.0
2026-04-05T07:00:00Z,376.09999999999997,374.3,378.0,376.0
2026-04-05T08:00:00Z,522.5,515.5,517.0,535.0
2026-04-05T09:00:00Z,616.7666666666667,592.3,623.0,635.0
2026-04-05T10:00:00Z,694.4333333333334,691.3,681.0,711.0
2026-04-05T11:00:00Z,709.0,718.0,680.0,729.0
2026-04-05T12:00:00Z,665.9333333333333,677.8,625.0,695.0
2026-04-05T13:00:00Z,581.7666666666667,595.3,538.0,612.0
2026-04-05T14:00:00Z,465.1666666666667,470.5,432.0,493.0
2026-04-05T15:00:00Z,329.6666666666667,328.0,311.0,350.0
2026-04-05T16:00:00Z,179.9333333333333,170.8,183.0,186.0
2026-04-05T17:00:00Z,44.1,37.3,56.0,39.0
2026-04-05T18:00:00Z,0.0,0.0,0.0,0.0
2026-04-05T19:00:00Z,0.0,0.0,0.0,0.0
2026-04-05T20:00:00Z,0.0,0.0,0.0,0.0
2026-04-05T21:00:00Z,0.0,0.0,0.0,0.0
2026-04-05T22:00:00Z,0.0,0.0,0.0,0.0
2026-04-05T23:00:00Z,0.0,0.0,0.0,0.0
2026-04-06T00:00:00Z,0.0,0.0,0.0,0.0
2026-04-06T01:00:00Z,0.0,0.0,0.0,0.0
2026-04-06T02:00:00Z,0.0,0.0,0.0,0.0
2026-04-06T03:00:00Z,0.0,0.0,0.0,0.0
2026-04-06T04:00:00Z,1.4333333333333333,1.3,2.0,1.0
2026-04-06T05:00:00Z,73.5,64.5,82.0,74.0
2026-04-06T06:00:00Z,222.26666666666665,207.8,226.0,233.0
2026-04-06T07:00:00Z,383.6666666666667,367.0,386.0,398.0
2026-04-06T08:00:00Z,527.6,510.8,528.0,544.0
2026-04-06T09:00:00Z,640.6666666666666,624.0,639.0,659.0
2026-04-06T10:00:00Z,710.9333333333334,695.8,709.0,728.0
2026-04-06T11:00:00Z,732.4333333333334,718.3,732.0,747.0
2026-04-06T12:00:00Z,703.3333333333334,690.0,703.0,717.0
2026-04-06T13:00:00Z,624.0,612.0,622.0,638.0
2026-04-06T14:00:00Z,501.3333333333333,494.0,493.0,517.0
2026-04-06T15:00:00Z,349.8333333333333,343.5,342.0,364.0
2026-04-06T16:00:00Z,190.1,178.3,196.0,196.0
2026-04-06T17:00:00Z,48.1,39.3,62.0,43.0
2026-04-06T18:00:00Z,0.0,0.0,0.0,0.0
2026-04-06T19:00:00Z,0.0,0.0,0.0,0.0
2026-04-06T20:00:00Z,0.0,0.0,0.0,0.0
2026-04-06T21:00:00Z,0.0,0.0,0.0,0.0
2026-04-06T22:00:00Z,0.0,0.0,0.0,0.0
2026-04-06T23:00:00Z,0.0,0.0,0.0,0.0
2026-04-07T00:00:00Z,0.0,0.0,0.0,0.0
2026-04-07T01:00:00Z,0.0,0.0,0.0,0.0
2026-04-07T02:00:00Z,0.0,0.0,0.0,0.0
2026-04-07T03:00:00Z,0.0,0.0,0.0,0.0
2026-04-07T04:00:00Z,2.2666666666666666,1.8,3.0,2.0
2026-04-07T05:00:00Z,80.43333333333334,71.3,88.0,82.0
2026-04-07T06:00:00Z,235.83333333333334,220.5,238.0,249.0
2026-04-07T07:00:00Z,401.3333333333333,383.0,403.0,418.0
2026-04-07T08:00:00Z,546.6,531.8,546.0,562.0
2026-04-07T09:00:00Z,644.5,647.5,654.0,632.0
2026-04-07T10:00:00Z,719.4333333333334,719.3,719.0,720.0
2026-04-07T11:00:00Z,747.3333333333334,738.0,740.0,764.0
2026-04-07T12:00:00Z,714.9333333333334,703.8,709.0,732.0
2026-04-07T13:00:00Z,630.6666666666666,620.0,625.0,647.0
2026-04-07T14:00:00Z,503.93333333333334,500.8,488.0,523.0
2026-04-07T15:00:00Z,350.59999999999997,350.8,332.0,369.0
2026-04-07T16:00:00Z,189.5,178.5,188.0,202.0
2026-04-07T17:00:00Z,46.666666666666664,39.0,61.0,40.0
2026-04-07T18:00:00Z,0.0,0.0,0.0,0.0
2026-04-07T19:00:00Z,0.09999999999999999,0.3,0.0,0.0
2026-04-07T20:00:00Z,0.0,0.0,0.0,0.0
2026-04-07T21:00:00Z,0.0,0.0,0.0,0.0
2026-04-07T22:00:00Z,0.0,0.0,0.0,0.0
2026-04-07T23:00:00Z,0.0,0.0,0.0,0.0
2026-04-08T00:00:00Z,0.0,0.0,0.0,0.0
2026-04-08T01:00:00Z,0.0,0.0,0.0,0.0
2026-04-08T02:00:00Z,0.0,0.0,0.0,0.0
2026-04-08T03:00:00Z,0.09999999999999999,0.3,0.0,0.0
2026-04-08T04:00:00Z,2.8333333333333335,2.5,4.0,2.0
2026-04-08T05:00:00Z,66.76666666666667,65.3,84.0,51.0
2026-04-08T06:00:00Z,167.43333333333334,174.3,202.0,126.0
2026-04-08T07:00:00Z,291.3333333333333,263.0,332.0,279.0
2026-04-08T08:00:00Z,458.0,409.0,473.0,492.0
2026-04-08T09:00:00Z,592.8333333333334,606.5,614.0,558.0
2026-04-08T10:00:00Z,671.0,672.0,714.0,627.0
2026-04-08T11:00:00Z,737.1666666666666,710.5,748.0,753.0
2026-04-08T12:00:00Z,685.1666666666666,616.5,719.0,720.0
2026-04-08T13:00:00Z,626.6,609.8,630.0,640.0
2026-04-08T14:00:00Z,494.59999999999997,495.8,483.0,505.0
2026-04-08T15:00:00Z,318.76666666666665,337.3,318.0,301.0
2026-04-08T16:00:00Z,145.26666666666668,156.8,176.0,103.0
2026-04-08T17:00:00Z,42.6,36.8,59.0,32.0
2026-04-08T18:00:00Z,0.09999999999999999,0.3,0.0,0.0
2026-04-08T19:00:00Z,0.09999999999999999,0.3,0.0,0.0
2026-04-08T20:00:00Z,0.16666666666666666,0.5,0.0,0.0
2026-04-08T21:00:00Z,0.0,0.0,0.0,0.0
2026-04-08T22:00:00Z,0.09999999999999999,0.3,0.0,0.0
2026-04-08T23:00:00Z,0.0,0.0,0.0,0.0
2026-04-09T00:00:00Z,0.0,0.0,0.0,0.0
2026-04-09T01:00:00Z,0.0,0.0,0.0,0.0
2026-04-09T02:00:00Z,0.0,0.0,0.0,0.0
2026-04-09T03:00:00Z,0.0,0.0,0.0,0.0
2026-04-09T04:00:00Z,0.6666666666666666,1.0,1.0,0.0
2026-04-09T05:00:00Z,17.5,24.5,24.0,4.0
2026-04-09T06:00:00Z,95.93333333333334,143.8,103.0,41.0
2026-04-09T07:00:00Z,294.09999999999997,288.3,222.0,372.0
2026-04-09T08:00:00Z,303.5,360.5,350.0,200.0
2026-04-09T09:00:00Z,317.6666666666667,328.0,474.0,151.0
2026-04-09T10:00:00Z,428.6666666666667,535.0,560.0,191.0
2026-04-09T11:00:00Z,555.3333333333334,567.0,582.0,517.0
2026-04-09T12:00:00Z,544.6,519.8,546.0,568.0
2026-04-09T13:00:00Z,449.5,417.5,474.0,457.0
2026-04-09T14:00:00Z,411.26666666666665,384.8,376.0,473.0
2026-04-09T15:00:00Z,289.6666666666667,295.0,263.0,311.0
2026-04-09T16:00:00Z,166.6,177.8,155.0,167.0
2026-04-09T17:00:00Z,45.333333333333336,43.0,54.0,39.0
2026-04-09T18:00:00Z,0.09999999999999999,0.3,0.0,0.0
2026-04-09T19:00:00Z,0.0,0.0,0.0,0.0
2026-04-09T20:00:00Z,0.0,0.0,0.0,0.0
2026-04-09T21:00:00Z,0.0,0.0,0.0,0.0
2026-04-09T22:00:00Z,0.0,0.0,0.0,0.0
2026-04-09T23:00:00Z,0.0,0.0,0.0,0.0
2026-04-10T00:00:00Z,0.0,0.0,0.0,0.0
2026-04-10T01:00:00Z,0.0,0.0,0.0,0.0
2026-04-10T02:00:00Z,0.09999999999999999,0.3,0.0,0.0
2026-04-10T03:00:00Z,0.0,0.0,0.0,0.0
2026-04-10T04:00:00Z,4.666666666666667,4.0,6.0,4.0
2026-04-10T05:00:00Z,90.16666666666667,86.5,98.0,86.0
2026-04-10T06:00:00Z,242.1,231.3,244.0,251.0
2026-04-10T07:00:00Z,398.26666666666665,391.8,404.0,399.0
2026-04-10T08:00:00Z,537.0,538.0,542.0,531.0
2026-04-10T09:00:00Z,643.3333333333334,630.0,646.0,654.0
2026-04-10T10:00:00Z,698.6666666666666,690.0,707.0,699.0
2026-04-10T11:00:00Z,710.9333333333334,700.8,722.0,710.0
2026-04-10T12:00:00Z,679.3333333333334,674.0,686.0,678.0
2026-04-10T13:00:00Z,613.8333333333334,617.5,605.0,619.0
2026-04-10T14:00:00Z,491.43333333333334,496.3,485.0,493.0
2026-04-10T15:00:00Z,351.59999999999997,340.8,344.0,370.0
2026-04-10T16:00:00Z,189.9333333333333,182.8,205.0,182.0
2026-04-10T17:00:00Z,57.833333333333336,45.5,74.0,54.0
2026-04-10T18:00:00Z,0.0,0.0,0.0,0.0
2026-04-10T19:00:00Z,0.09999999999999999,0.3,0.0,0.0
2026-04-10T20:00:00Z,0.0,0.0,0.0,0.0
2026-04-10T21:00:00Z,0.0,0.0,0.0,0.0
2026-04-10T22:00:00Z,0.0,0.0,0.0,0.0
2026-04-10T23:00:00Z,0.0,0.0,0.0,0.0
2026-04-11T00:00:00Z,0.0,0.0,0.0,0.0
2026-04-11T01:00:00Z,0.0,0.0,0.0,0.0
2026-04-11T02:00:00Z,0.0,0.0,0.0,0.0
2026-04-11T03:00:00Z,0.0,0.0,0.0,0.0
2026-04-11T04:00:00Z,0.9333333333333332,0.8,2.0,0.0
2026-04-11T05:00:00Z,26.5,32.5,32.0,15.0
2026-04-11T06:00:00Z,122.66666666666667,191.0,106.0,71.0
2026-04-11T07:00:00Z,291.76666666666665,346.3,217.0,312.0
2026-04-11T08:00:00Z,412.6666666666667,494.0,357.0,387.0
2026-04-11T09:00:00Z,509.6666666666667,555.0,512.0,462.0
2026-04-11T10:00:00Z,650.1666666666666,670.5,623.0,657.0
2026-04-11T11:00:00Z,655.6,662.8,649.0,655.0
2026-04-11T12:00:00Z,599.8333333333334,496.5,602.0,701.0
2026-04-11T13:00:00Z,487.3333333333333,361.0,504.0,597.0
2026-04-11T14:00:00Z,340.5,275.5,365.0,381.0
2026-04-11T15:00:00Z,198.66666666666666,195.0,219.0,182.0
2026-04-11T16:00:00Z,118.83333333333333,97.5,112.0,147.0
2026-04-11T17:00:00Z,32.166666666666664,23.5,40.0,33.0
2026-04-11T18:00:00Z,0.0,0.0,0.0,0.0
2026-04-11T19:00:00Z,0.0,0.0,0.0,0.0
2026-04-11T20:00:00Z,0.0,0.0,0.0,0.0
2026-04-11T21:00:00Z,0.0,0.0,0.0,0.0
2026-04-11T22:00:00Z,0.0,0.0,0.0,0.0
2026-04-11T23:00:00Z,0.0,0.0,0.0,0.0
2026-04-12T00:00:00Z,0.0,0.0,0.0,0.0
2026-04-12T01:00:00Z,0.0,0.0,0.0,0.0
2026-04-12T02:00:00Z,0.0,0.0,0.0,0.0
2026-04-12T03:00:00Z,0.0,0.0,0.0,0.0
2026-04-12T04:00:00Z,3.266666666666667,1.8,4.0,4.0
2026-04-12T05:00:00Z,20.099999999999998,14.3,41.0,5.0
2026-04-12T06:00:00Z,45.1,48.3,78.0,9.0
2026-04-12T07:00:00Z,98.0,166.0,113.0,15.0
2026-04-12T08:00:00Z,137.16666666666666,236.5,157.0,18.0
2026-04-12T09:00:00Z,159.6,241.8,209.0,28.0
2026-04-12T10:00:00Z,246.0,450.0,247.0,41.0
2026-04-12T11:00:00Z,294.6666666666667,367.0,254.0,263.0
2026-04-12T12:00:00Z,252.1,296.3,239.0,221.0
2026-04-12T13:00:00Z,238.9333333333333,301.8,216.0,199.0
2026-04-12T14:00:00Z,189.83333333333334,221.5,189.0,159.0
2026-04-12T15:00:00Z,97.0,56.0,152.0,83.0
2026-04-12T16:00:00Z,62.666666666666664,38.0,100.0,50.0
2026-04-12T17:00:00Z,22.266666666666666,16.8,39.0,11.0
2026-04-12T18:00:00Z,0.3333333333333333,0.0,1.0,0.0
2026-04-12T19:00:00Z,0.0,0.0,0.0,0.0
2026-04-12T20:00:00Z,0.0,0.0,0.0,0.0
2026-04-12T21:00:00Z,0.0,0.0,0.0,0.0
2026-04-12T22:00:00Z,0.0,0.0,0.0,0.0
2026-04-12T23:00:00Z,0.0,0.0,0.0,0.0
2026-04-13T00:00:00Z,0.0,0.0,0.0,0.0
2026-04-13T01:00:00Z,0.0,0.0,0.0,0.0
2026-04-13T02:00:00Z,0.0,0.0,0.0,0.0
2026-04-13T03:00:00Z,0.0,0.0,0.0,0.0
2026-04-13T04:00:00Z,1.5999999999999999,1.8,3.0,0.0
2026-04-13T05:00:00Z,22.833333333333332,25.5,36.0,7.0
2026-04-13T06:00:00Z,66.76666666666667,95.3,91.0,14.0
2026-04-13T07:00:00Z,144.43333333333334,240.3,165.0,28.0
2026-04-13T08:00:00Z,202.26666666666665,304.8,252.0,50.0
2026-04-13T09:00:00Z,267.43333333333334,363.3,348.0,91.0
2026-04-13T10:00:00Z,501.09999999999997,446.3,440.0,617.0
2026-04-13T11:00:00Z,625.1666666666666,607.5,527.0,741.0
2026-04-13T12:00:00Z,613.6666666666666,545.0,585.0,711.0
2026-04-13T13:00:00Z,568.5,481.5,575.0,649.0
2026-04-13T14:00:00Z,470.6666666666667,396.0,485.0,531.0
2026-04-13T15:00:00Z,349.0,311.0,352.0,384.0
2026-04-13T16:00:00Z,204.4333333333333,176.3,216.0,221.0
2026-04-13T17:00:00Z,68.66666666666667,56.0,85.0,65.0
2026-04-13T18:00:00Z,1.2666666666666666,0.8,2.0,1.0
2026-04-13T19:00:00Z,0.0,0.0,0.0,0.0
2026-04-13T20:00:00Z,0.0,0.0,0.0,0.0
2026-04-13T21:00:00Z,0.0,0.0,0.0,0.0
2026-04-13T22:00:00Z,0.0,0.0,0.0,0.0
2026-04-13T23:00:00Z,0.0,0.0,0.0,0.0
2026-04-14T00:00:00Z,0.0,0.0,0.0,0.0
2026-04-14T01:00:00Z,0.0,0.0,0.0,0.0
2026-04-14T02:00:00Z,0.0,0.0,0.0,0.0
2026-04-14T03:00:00Z,0.0,0.0,0.0,0.0
2026-04-14T04:00:00Z,10.0,9.0,13.0,8.0
2026-04-14T05:00:00Z,113.33333333333333,106.0,119.0,115.0
2026-04-14T06:00:00Z,271.3333333333333,263.0,271.0,280.0
2026-04-14T07:00:00Z,434.93333333333334,427.8,433.0,444.0
2026-04-14T08:00:00Z,565.5,572.5,571.0,553.0
2026-04-14T09:00:00Z,657.1666666666666,663.5,673.0,635.0
2026-04-14T10:00:00Z,702.6,745.8,726.0,636.0
2026-04-14T11:00:00Z,740.1,761.3,726.0,733.0
2026-04-14T12:00:00Z,681.4333333333333,732.3,672.0,640.0
2026-04-14T13:00:00Z,590.7666666666667,620.3,573.0,579.0
2026-04-14T14:00:00Z,442.1666666666667,463.5,435.0,428.0
2026-04-14T15:00:00Z,301.6666666666667,332.0,287.0,286.0
2026-04-14T16:00:00Z,157.83333333333334,167.5,164.0,142.0
2026-04-14T17:00:00Z,52.833333333333336,47.5,64.0,47.0
2026-04-14T18:00:00Z,1.1666666666666667,0.5,2.0,1.0
2026-04-14T19:00:00Z,0.0,0.0,0.0,0.0
2026-04-14T20:00:00Z,0.0,0.0,0.0,0.0
2026-04-14T21:00:00Z,0.0,0.0,0.0,0.0
2026-04-14T22:00:00Z,0.09999999999999999,0.3,0.0,0.0
2026-04-14T23:00:00Z,0.0,0.0,0.0,0.0
2026-04-15T00:00:00Z,0.0,0.0,0.0,0.0
2026-04-15T01:00:00Z,0.0,0.0,0.0,0.0
2026-04-15T02:00:00Z,0.0,0.0,0.0,0.0
2026-04-15T03:00:00Z,0.0,0.0,0.0,0.0
2026-04-15T04:00:00Z,7.166666666666667,7.5,12.0,2.0
2026-04-15T05:00:00Z,59.0,64.0,104.0,9.0
2026-04-15T06:00:00Z,154.26666666666668,168.8,241.0,53.0
2026-04-15T07:00:00Z,241.33333333333334,312.0,380.0,32.0
2026-04-15T08:00:00Z,323.0,402.0,457.0,110.0
2026-04-15T09:00:00Z,417.6666666666667,585.0,468.0,200.0
2026-04-15T10:00:00Z,513.0,630.0,463.0,446.0
2026-04-15T11:00:00Z,550.8333333333334,454.5,491.0,707.0
2026-04-15T12:00:00Z,527.9333333333333,515.8,513.0,555.0
2026-04-15T13:00:00Z,423.93333333333334,412.8,478.0,381.0
2026-04-15T14:00:00Z,326.43333333333334,230.3,370.0,379.0
2026-04-15T15:00:00Z,181.5,158.5,242.0,144.0
2026-04-15T16:00:00Z,160.76666666666668,154.3,136.0,192.0
2026-04-15T17:00:00Z,57.166666666666664,47.5,55.0,69.0
2026-04-15T18:00:00Z,1.3333333333333333,1.0,2.0,1.0
2026-04-15T19:00:00Z,0.0,0.0,0.0,0.0
2026-04-15T20:00:00Z,0.09999999999999999,0.3,0.0,0.0
2026-04-15T21:00:00Z,0.0,0.0,0.0,0.0
2026-04-15T22:00:00Z,0.09999999999999999,0.3,0.0,0.0
2026-04-15T23:00:00Z,0.0,0.0,0.0,0.0
2026-04-16T00:00:00Z,0.09999999999999999,0.3,0.0,0.0
2026-04-16T01:00:00Z,0.0,0.0,0.0,0.0
2026-04-16T02:00:00Z,0.0,0.0,0.0,0.0
2026-04-16T03:00:00Z,0.09999999999999999,0.3,0.0,0.0
2026-04-16T04:00:00Z,9.166666666666666,8.5,11.0,8.0
2026-04-16T05:00:00Z,62.43333333333334,81.3,87.0,19.0
2026-04-16T06:00:00Z,146.1,192.3,198.0,48.0
2026-04-16T07:00:00Z,266.1666666666667,358.5,323.0,117.0
2026-04-16T08:00:00Z,436.0,480.0,441.0,387.0
2026-04-16T09:00:00Z,615.6,630.8,540.0,676.0
2026-04-16T10:00:00Z,578.5,562.5,596.0,577.0
2026-04-16T11:00:00Z,620.7666666666667,500.3,590.0,772.0
2026-04-16T12:00:00Z,596.9333333333333,544.8,531.0,715.0
2026-04-16T13:00:00Z,360.1666666666667,494.5,447.0,139.0
2026-04-16T14:00:00Z,269.59999999999997,366.8,347.0,95.0
2026-04-16T15:00:00Z,229.9333333333333,294.8,240.0,155.0
2026-04-16T16:00:00Z,152.26666666666668,144.8,144.0,168.0
2026-04-16T17:00:00Z,45.26666666666667,49.8,60.0,26.0
2026-04-16T18:00:00Z,1.4333333333333333,1.3,2.0,1.0
2026-04-16T19:00:00Z,0.0,0.0,0.0,0.0
2026-04-16T20:00:00Z,0.0,0.0,0.0,0.0
2026-04-16T21:00:00Z,0.0,0.0,0.0,0.0
2026-04-16T22:00:00Z,0.0,0.0,0.0,0.0
2026-04-16T23:00:00Z,0.0,0.0,0.0,0.0
2026-04-17T00:00:00Z,0.0,0.0,0.0,0.0
2026-04-17T01:00:00Z,0.0,0.0,0.0,0.0
2026-04-17T02:00:00Z,0.0,0.0,0.0,0.0
2026-04-17T03:00:00Z,0.0,0.0,0.0,0.0
2026-04-17T04:00:00Z,9.266666666666667,8.8,14.0,5.0
2026-04-17T05:00:00Z,82.66666666666667,80.0,94.0,74.0
2026-04-17T06:00:00Z,202.6,204.8,203.0,200.0
2026-04-17T07:00:00Z,271.0,369.0,318.0,126.0
2026-04-17T08:00:00Z,372.3333333333333,463.0,416.0,238.0
2026-04-17T09:00:00Z,539.8333333333334,546.5,488.0,585.0
2026-04-17T10:00:00Z,603.1666666666666,672.5,533.0,604.0
2026-04-17T11:00:00Z,639.9333333333333,662.8,547.0,710.0
2026-04-17T12:00:00Z,572.1666666666666,558.5,527.0,631.0
2026-04-17T13:00:00Z,370.6666666666667,215.0,476.0,421.0
2026-04-17T14:00:00Z,237.83333333333334,261.5,398.0,54.0
2026-04-17T15:00:00Z,197.33333333333334,275.0,300.0,17.0
2026-04-17T16:00:00Z,125.66666666666667,178.0,193.0,6.0
2026-04-17T17:00:00Z,53.333333333333336,48.0,83.0,29.0
2026-04-17T18:00:00Z,1.8333333333333333,1.5,4.0,0.0
2026-04-17T19:00:00Z,0.0,0.0,0.0,0.0
2026-04-17T20:00:00Z,0.09999999999999999,0.3,0.0,0.0
2026-04-17T21:00:00Z,0.0,0.0,0.0,0.0
2026-04-17T22:00:00Z,0.0,0.0,0.0,0.0
2026-04-17T23:00:00Z,0.0,0.0,0.0,0.0
2026-04-18T00:00:00Z,0.09999999999999999,0.3,0.0,0.0
2026-04-18T01:00:00Z,0.0,0.0,0.0,0.0
2026-04-18T02:00:00Z,0.0,0.0,0.0,0.0
2026-04-18T03:00:00Z,0.09999999999999999,0.3,0.0,0.0
2026-04-18T04:00:00Z,2.1666666666666665,4.5,2.0,0.0
2026-04-18T05:00:00Z,9.766666666666667,15.3,11.0,3.0
2026-04-18T06:00:00Z,23.599999999999998,35.8,18.0,17.0
2026-04-18T07:00:00Z,49.166666666666664,91.5,36.0,20.0
2026-04-18T08:00:00Z,119.16666666666667,219.5,84.0,54.0
2026-04-18T09:00:00Z,138.26666666666668,138.8,164.0,112.0
2026-04-18T10:00:00Z,214.0,148.0,259.0,235.0
2026-04-18T11:00:00Z,306.1666666666667,341.5,374.0,203.0
2026-04-18T12:00:00Z,483.3333333333333,539.0,476.0,435.0
2026-04-18T13:00:00Z,517.3333333333334,400.0,493.0,659.0
2026-04-18T14:00:00Z,332.0,337.0,397.0,262.0
2026-04-18T15:00:00Z,313.26666666666665,277.8,261.0,401.0
2026-04-18T16:00:00Z,165.5,119.5,148.0,229.0
2026-04-18T17:00:00Z,63.333333333333336,47.0,64.0,79.0
2026-04-18T18:00:00Z,2.0,1.0,3.0,2.0
2026-04-18T19:00:00Z,0.0,0.0,0.0,0.0
2026-04-18T20:00:00Z,0.0,0.0,0.0,0.0
2026-04-18T21:00:00Z,0.0,0.0,0.0,0.0
2026-04-18T22:00:00Z,0.0,0.0,0.0,0.0
2026-04-18T23:00:00Z,0.0,0.0,0.0,0.0
2026-04-19T00:00:00Z,0.0,0.0,0.0,0.0
2026-04-19T01:00:00Z,0.0,0.0,0.0,0.0
2026-04-19T02:00:00Z,0.09999999999999999,0.3,0.0,0.0
2026-04-19T03:00:00Z,0.0,0.0,0.0,0.0
2026-04-19T04:00:00Z,8.833333333333334,8.5,7.0,11.0
2026-04-19T05:00:00Z,50.1,69.3,36.0,45.0
2026-04-19T06:00:00Z,78.60000000000001,106.8,62.0,67.0
2026-04-19T07:00:00Z,108.26666666666667,163.8,87.0,74.0
2026-04-19T08:00:00Z,124.43333333333334,189.3,120.0,64.0
2026-04-19T09:00:00Z,107.83333333333333,126.5,158.0,39.0
2026-04-19T10:00:00Z,118.33333333333333,133.0,188.0,34.0
2026-04-19T11:00:00Z,143.33333333333334,161.0,207.0,62.0
2026-04-19T12:00:00Z,177.9333333333333,221.8,211.0,101.0
2026-04-19T13:00:00Z,149.43333333333334,179.3,189.0,80.0
2026-04-19T14:00:00Z,121.26666666666667,181.8,137.0,45.0
2026-04-19T15:00:00Z,62.166666666666664,91.5,79.0,16.0
2026-04-19T16:00:00Z,41.166666666666664,77.5,39.0,7.0
2026-04-19T17:00:00Z,12.833333333333334,17.5,16.0,5.0
2026-04-19T18:00:00Z,0.6,0.8,1.0,0.0
2026-04-19T19:00:00Z,0.0,0.0,0.0,0.0
2026-04-19T20:00:00Z,0.09999999999999999,0.3,0.0,0.0
2026-04-19T21:00:00Z,0.09999999999999999,0.3,0.0,0.0
2026-04-19T22:00:00Z,0.09999999999999999,0.3,0.0,0.0
2026-04-19T23:00:00Z,0.0,0.0,0.0,0.0
2026-04-20T00:00:00Z,0.0,0.0,0.0,0.0
2026-04-20T01:00:00Z,0.0,0.0,0.0,0.0
2026-04-20T02:00:00Z,0.0,0.0,0.0,0.0
2026-04-20T03:00:00Z,0.0,0.0,0.0,0.0
2026-04-20T04:00:00Z,19.166666666666668,17.5,26.0,14.0
2026-04-20T05:00:00Z,110.0,108.0,142.0,80.0
2026-04-20T06:00:00Z,217.5,197.5,297.0,158.0
2026-04-20T07:00:00Z,359.43333333333334,357.3,457.0,264.0
2026-04-20T08:00:00Z,527.8333333333334,442.5,577.0,564.0
2026-04-20T09:00:00Z,677.0,656.0,647.0,728.0
2026-04-20T10:00:00Z,728.9333333333334,717.8,673.0,796.0
2026-04-20T11:00:00Z,677.6666666666666,578.0,656.0,799.0
2026-04-20T12:00:00Z,707.6666666666666,761.0,597.0,765.0
2026-04-20T13:00:00Z,605.3333333333334,667.0,515.0,634.0
2026-04-20T14:00:00Z,380.8333333333333,427.5,418.0,297.0
2026-04-20T15:00:00Z,357.0,396.0,312.0,363.0
2026-04-20T16:00:00Z,212.5,183.5,201.0,253.0
2026-04-20T17:00:00Z,83.33333333333333,81.0,91.0,78.0
2026-04-20T18:00:00Z,4.5,3.5,6.0,4.0
2026-04-20T19:00:00Z,0.09999999999999999,0.3,0.0,0.0
2026-04-20T20:00:00Z,0.0,0.0,0.0,0.0
2026-04-20T21:00:00Z,0.0,0.0,0.0,0.0
2026-04-20T22:00:00Z,0.09999999999999999,0.3,0.0,0.0
2026-04-20T23:00:00Z,0.0,0.0,0.0,0.0
2026-04-21T00:00:00Z,0.09999999999999999,0.3,0.0,0.0
2026-04-21T01:00:00Z,0.09999999999999999,0.3,0.0,0.0
2026-04-21T02:00:00Z,0.0,0.0,0.0,0.0
2026-04-21T03:00:00Z,0.0,0.0,0.0,0.0
2026-04-21T04:00:00Z,24.099999999999998,21.3,30.0,21.0
2026-04-21T05:00:00Z,147.83333333333334,138.5,152.0,153.0
2026-04-21T06:00:00Z,309.93333333333334,298.8,308.0,323.0
2026-04-21T07:00:00Z,474.26666666666665,460.8,473.0,489.0
2026-04-21T08:00:00Z,616.1666666666666,603.5,613.0,632.0
2026-04-21T09:00:00Z,721.0,705.0,717.0,741.0
2026-04-21T10:00:00Z,773.2666666666668,736.8,778.0,805.0
2026-04-21T11:00:00Z,786.9333333333334,753.8,790.0,817.0
2026-04-21T12:00:00Z,736.7666666666668,675.3,752.0,783.0
2026-04-21T13:00:00Z,664.0,621.0,668.0,703.0
2026-04-21T14:00:00Z,561.1666666666666,553.5,550.0,580.0
2026-04-21T15:00:00Z,413.93333333333334,408.8,407.0,426.0
2026-04-21T16:00:00Z,251.1,242.3,252.0,259.0
2026-04-21T17:00:00Z,95.10000000000001,86.3,103.0,96.0
2026-04-21T18:00:00Z,5.333333333333333,4.0,7.0,5.0
2026-04-21T19:00:00Z,0.0,0.0,0.0,0.0
2026-04-21T20:00:00Z,0.0,0.0,0.0,0.0
2026-04-21T21:00:00Z,0.0,0.0,0.0,0.0
2026-04-21T22:00:00Z,0.0,0.0,0.0,0.0
2026-04-21T23:00:00Z,0.0,0.0,0.0,0.0
2026-04-22T00:00:00Z,0.0,0.0,0.0,0.0
2026-04-22T01:00:00Z,0.0,0.0,0.0,0.0
2026-04-22T02:00:00Z,0.0,0.0,0.0,0.0
2026-04-22T03:00:00Z,0.0,0.0,0.0,0.0
2026-04-22T04:00:00Z,27.833333333333332,23.5,35.0,25.0
2026-04-22T05:00:00Z,157.33333333333334,145.0,162.0,165.0
2026-04-22T06:00:00Z,320.09999999999997,303.3,320.0,337.0
2026-04-22T07:00:00Z,482.76666666666665,460.3,485.0,503.0
2026-04-22T08:00:00Z,627.4333333333333,610.3,627.0,645.0
2026-04-22T09:00:00Z,736.2666666666668,721.8,734.0,753.0
2026-04-22T10:00:00Z,799.3333333333334,783.0,798.0,817.0
2026-04-22T11:00:00Z,814.5,797.5,815.0,831.0
2026-04-22T12:00:00Z,781.6666666666666,768.0,782.0,795.0
2026-04-22T13:00:00Z,698.7666666666668,688.3,697.0,711.0
2026-04-22T14:00:00Z,574.1,564.3,571.0,587.0
2026-04-22T15:00:00Z,421.09999999999997,410.3,420.0,433.0
2026-04-22T16:00:00Z,254.33333333333334,242.0,257.0,264.0
2026-04-22T17:00:00Z,97.33333333333333,87.0,104.0,101.0
2026-04-22T18:00:00Z,5.6000000000000005,4.8,7.0,5.0
2026-04-22T19:00:00Z,0.0,0.0,0.0,0.0
2026-04-22T20:00:00Z,0.0,0.0,0.0,0.0
2026-04-22T21:00:00Z,0.0,0.0,0.0,0.0
2026-04-22T22:00:00Z,0.0,0.0,0.0,0.0
2026-04-22T23:00:00Z,0.0,0.0,0.0,0.0
2026-04-23T00:00:00Z,0.0,0.0,0.0,0.0
2026-04-23T01:00:00Z,0.0,0.0,0.0,0.0
2026-04-23T02:00:00Z,0.09999999999999999,0.3,0.0,0.0
2026-04-23T03:00:00Z,0.0,0.0,0.0,0.0
2026-04-23T04:00:00Z,18.166666666666668,11.5,16.0,27.0
2026-04-23T05:00:00Z,97.60000000000001,58.8,69.0,165.0
2026-04-23T06:00:00Z,195.5,124.5,130.0,332.0
2026-04-23T07:00:00Z,288.0,166.0,200.0,498.0
2026-04-23T08:00:00Z,402.26666666666665,288.8,278.0,640.0
2026-04-23T09:00:00Z,483.26666666666665,344.8,360.0,745.0
2026-04-23T10:00:00Z,555.3333333333334,420.0,438.0,808.0
2026-04-23T11:00:00Z,611.3333333333334,506.0,510.0,818.0
2026-04-23T12:00:00Z,654.9333333333333,621.8,561.0,782.0
2026-04-23T13:00:00Z,609.2666666666667,572.8,556.0,699.0
2026-04-23T14:00:00Z,509.76666666666665,455.3,497.0,577.0
2026-04-23T15:00:00Z,378.59999999999997,316.8,393.0,426.0
2026-04-23T16:00:00Z,242.83333333333334,212.5,253.0,263.0
2026-04-23T17:00:00Z,96.5,83.5,104.0,102.0
2026-04-23T18:00:00Z,6.333333333333333,5.0,8.0,6.0
2026-04-23T19:00:00Z,0.0,0.0,0.0,0.0
2026-04-23T20:00:00Z,0.0,0.0,0.0,0.0
2026-04-23T21:00:00Z,0.0,0.0,0.0,0.0
2026-04-23T22:00:00Z,0.0,0.0,0.0,0.0
2026-04-23T23:00:00Z,0.0,0.0,0.0,0.0
2026-04-24T00:00:00Z,0.0,0.0,0.0,0.0
2026-04-24T01:00:00Z,0.0,0.0,0.0,0.0
2026-04-24T02:00:00Z,0.0,0.0,0.0,0.0
2026-04-24T03:00:00Z,0.0,0.0,0.0,0.0
2026-04-24T04:00:00Z,21.266666666666666,20.8,19.0,24.0
2026-04-24T05:00:00Z,104.10000000000001,96.3,96.0,120.0
2026-04-24T06:00:00Z,254.16666666666666,224.5,221.0,317.0
2026-04-24T07:00:00Z,441.5,437.5,376.0,511.0
2026-04-24T08:00:00Z,600.4333333333333,620.3,536.0,645.0
2026-04-24T09:00:00Z,720.0,732.0,683.0,745.0
2026-04-24T10:00:00Z,795.8333333333334,797.5,786.0,804.0
2026-04-24T11:00:00Z,819.6,808.8,816.0,834.0
2026-04-24T12:00:00Z,781.8333333333334,767.5,780.0,798.0
2026-04-24T13:00:00Z,696.9333333333334,685.8,691.0,714.0
2026-04-24T14:00:00Z,575.1666666666666,563.5,569.0,593.0
2026-04-24T15:00:00Z,423.76666666666665,410.3,419.0,442.0
2026-04-24T16:00:00Z,257.5,243.5,256.0,273.0
2026-04-24T17:00:00Z,99.5,88.5,102.0,108.0
2026-04-24T18:00:00Z,6.933333333333334,5.8,8.0,7.0
2026-04-24T19:00:00Z,0.0,0.0,0.0,0.0
2026-04-24T20:00:00Z,0.09999999999999999,0.3,0.0,0.0
2026-04-24T21:00:00Z,0.0,0.0,0.0,0.0
2026-04-24T22:00:00Z,0.0,0.0,0.0,0.0
2026-04-24T23:00:00Z,0.0,0.0,0.0,0.0
2026-04-25T00:00:00Z,0.0,0.0,0.0,0.0
2026-04-25T01:00:00Z,0.0,0.0,0.0,0.0
2026-04-25T02:00:00Z,0.09999999999999999,0.3,0.0,0.0
2026-04-25T03:00:00Z,0.0,0.0,0.0,0.0
2026-04-25T04:00:00Z,34.1,30.3,41.0,31.0
2026-04-25T05:00:00Z,162.5,153.5,164.0,170.0
2026-04-25T06:00:00Z,323.76666666666665,315.3,315.0,341.0
2026-04-25T07:00:00Z,481.76666666666665,464.3,473.0,508.0
2026-04-25T08:00:00Z,617.6,594.8,607.0,651.0
2026-04-25T09:00:00Z,723.1666666666666,703.5,708.0,758.0
2026-04-25T10:00:00Z,785.5,766.5,769.0,821.0
2026-04-25T11:00:00Z,796.7666666666668,764.3,791.0,835.0
2026-04-25T12:00:00Z,754.2666666666668,698.8,765.0,799.0
2026-04-25T13:00:00Z,623.3333333333334,515.0,680.0,675.0
2026-04-25T14:00:00Z,493.8333333333333,436.5,540.0,505.0
2026-04-25T15:00:00Z,352.5,327.5,378.0,352.0
2026-04-25T16:00:00Z,209.16666666666666,215.5,227.0,185.0
2026-04-25T17:00:00Z,87.83333333333333,92.5,98.0,73.0
2026-04-25T18:00:00Z,8.166666666666666,6.5,10.0,8.0
2026-04-25T19:00:00Z,0.0,0.0,0.0,0.0
2026-04-25T20:00:00Z,0.09999999999999999,0.3,0.0,0.0
2026-04-25T21:00:00Z,0.0,0.0,0.0,0.0
2026-04-25T22:00:00Z,0.0,0.0,0.0,0.0
2026-04-25T23:00:00Z,0.0,0.0,0.0,0.0
2026-04-26T00:00:00Z,0.0,0.0,0.0,0.0
2026-04-26T01:00:00Z,0.0,0.0,0.0,0.0
2026-04-26T02:00:00Z,0.0,0.0,0.0,0.0
2026-04-26T03:00:00Z,0.0,0.0,0.0,0.0
2026-04-26T04:00:00Z,36.6,32.8,46.0,31.0
2026-04-26T05:00:00Z,169.16666666666666,158.5,172.0,177.0
2026-04-26T06:00:00Z,320.76666666666665,307.3,324.0,331.0
2026-04-26T07:00:00Z,464.93333333333334,455.8,476.0,463.0
2026-04-26T08:00:00Z,560.0,567.0,585.0,528.0
2026-04-26T09:00:00Z,608.6,576.8,645.0,604.0
2026-04-26T10:00:00Z,653.4333333333333,703.3,669.0,588.0
2026-04-26T11:00:00Z,651.9333333333333,675.8,666.0,614.0
2026-04-26T12:00:00Z,615.4333333333333,671.3,629.0,546.0
2026-04-26T13:00:00Z,578.2666666666667,575.8,563.0,596.0
2026-04-26T14:00:00Z,493.76666666666665,479.3,480.0,522.0
2026-04-26T15:00:00Z,369.0,354.0,376.0,377.0
2026-04-26T16:00:00Z,228.9333333333333,216.8,245.0,225.0
2026-04-26T17:00:00Z,95.5,91.5,107.0,88.0
2026-04-26T18:00:00Z,8.6,6.8,11.0,8.0
2026-04-26T19:00:00Z,0.09999999999999999,0.3,0.0,0.0
2026-04-26T20:00:00Z,0.0,0.0,0.0,0.0
2026-04-26T21:00:00Z,0.0,0.0,0.0,0.0
2026-04-26T22:00:00Z,0.0,0.0,0.0,0.0
2026-04-26T23:00:00Z,0.0,0.0,0.0,0.0
2026-04-27T00:00:00Z,0.09999999999999999,0.3,0.0,0.0
2026-04-27T01:00:00Z,0.0,0.0,0.0,0.0
2026-04-27T02:00:00Z,0.09999999999999999,0.3,0.0,0.0
2026-04-27T03:00:00Z,0.0,0.0,0.0,0.0
2026-04-27T04:00:00Z,32.766666666666666,33.3,38.0,27.0
2026-04-27T05:00:00Z,137.66666666666666,142.0,144.0,127.0
2026-04-27T06:00:00Z,277.0,306.0,284.0,241.0
2026-04-27T07:00:00Z,428.26666666666665,459.8,436.0,389.0
2026-04-27T08:00:00Z,572.6,575.8,566.0,576.0
2026-04-27T09:00:00Z,666.4333333333333,632.3,666.0,701.0
2026-04-27T10:00:00Z,745.7666666666668,715.3,731.0,791.0
2026-04-27T11:00:00Z,754.1,785.3,765.0,712.0
2026-04-27T12:00:00Z,744.6666666666666,713.0,756.0,765.0
2026-04-27T13:00:00Z,687.1666666666666,678.5,690.0,693.0
2026-04-27T14:00:00Z,578.3333333333334,571.0,575.0,589.0
2026-04-27T15:00:00Z,431.76666666666665,426.3,428.0,441.0
2026-04-27T16:00:00Z,270.26666666666665,262.8,271.0,277.0
2026-04-27T17:00:00Z,114.5,105.5,121.0,117.0
2026-04-27T18:00:00Z,10.933333333333332,8.8,14.0,10.0
2026-04-27T19:00:00Z,0.0,0.0,0.0,0.0
2026-04-27T20:00:00Z,0.0,0.0,0.0,0.0
2026-04-27T21:00:00Z,0.0,0.0,0.0,0.0
2026-04-27T22:00:00Z,0.0,0.0,0.0,0.0
2026-04-27T23:00:00Z,0.0,0.0,0.0,0.0
2026-04-28T00:00:00Z,0.0,0.0,0.0,0.0
2026-04-28T01:00:00Z,0.09999999999999999,0.3,0.0,0.0
2026-04-28T02:00:00Z,0.0,0.0,0.0,0.0
2026-04-28T03:00:00Z,0.09999999999999999,0.3,0.0,0.0
2026-04-28T04:00:00Z,43.666666666666664,38.0,53.0,40.0
2026-04-28T05:00:00Z,179.4333333333333,169.3,182.0,187.0
2026-04-28T06:00:00Z,343.59999999999997,333.8,340.0,357.0
2026-04-28T07:00:00Z,507.1666666666667,496.5,505.0,520.0
2026-04-28T08:00:00Z,648.3333333333334,640.0,645.0,660.0
2026-04-28T09:00:00Z,751.6666666666666,744.0,748.0,763.0
2026-04-28T10:00:00Z,816.1,811.3,809.0,828.0
2026-04-28T11:00:00Z,830.4333333333334,826.3,823.0,842.0
2026-04-28T12:00:00Z,794.2666666666668,789.8,788.0,805.0
2026-04-28T13:00:00Z,712.4333333333334,710.3,704.0,723.0
2026-04-28T14:00:00Z,591.7666666666667,589.3,584.0,602.0
2026-04-28T15:00:00Z,441.6666666666667,437.0,437.0,451.0
2026-04-28T16:00:00Z,276.09999999999997,268.3,277.0,283.0
2026-04-28T17:00:00Z,117.60000000000001,109.8,122.0,121.0
2026-04-28T18:00:00Z,11.6,9.8,14.0,11.0
2026-04-28T19:00:00Z,0.0,0.0,0.0,0.0
2026-04-28T20:00:00Z,0.09999999999999999,0.3,0.0,0.0
2026-04-28T21:00:00Z,0.0,0.0,0.0,0.0
2026-04-28T22:00:00Z,0.0,0.0,0.0,0.0
2026-04-28T23:00:00Z,0.0,0.0,0.0,0.0
2026-04-29T00:00:00Z,0.0,0.0,0.0,0.0
2026-04-29T01:00:00Z,0.09999999999999999,0.3,0.0,0.0
2026-04-29T02:00:00Z,0.0,0.0,0.0,0.0
2026-04-29T03:00:00Z,0.09999999999999999,0.3,0.0,0.0
2026-04-29T04:00:00Z,46.333333333333336,40.0,56.0,43.0
2026-04-29T05:00:00Z,182.83333333333334,168.5,186.0,194.0
2026-04-29T06:00:00Z,346.3333333333333,331.0,344.0,364.0
2026-04-29T07:00:00Z,509.43333333333334,492.3,508.0,528.0
2026-04-29T08:00:00Z,649.1666666666666,634.5,646.0,667.0
2026-04-29T09:00:00Z,754.1666666666666,741.5,749.0,772.0
2026-04-29T10:00:00Z,815.6,804.8,809.0,833.0
2026-04-29T11:00:00Z,826.6,817.8,823.0,839.0
2026-04-29T12:00:00Z,790.2666666666668,781.8,787.0,802.0
2026-04-29T13:00:00Z,707.1,700.3,702.0,719.0
2026-04-29T14:00:00Z,585.7666666666667,579.3,581.0,597.0
2026-04-29T15:00:00Z,436.1666666666667,426.5,435.0,447.0
2026-04-29T16:00:00Z,273.1666666666667,262.5,275.0,282.0
2026-04-29T17:00:00Z,116.76666666666667,108.3,121.0,121.0
2026-04-29T18:00:00Z,12.666666666666666,11.0,15.0,12.0
2026-04-29T19:00:00Z,0.09999999999999999,0.3,0.0,0.0
2026-04-29T20:00:00Z,0.0,0.0,0.0,0.0
2026-04-29T21:00:00Z,0.0,0.0,0.0,0.0
2026-04-29T22:00:00Z,0.0,0.0,0.0,0.0
2026-04-29T23:00:00Z,0.0,0.0,0.0,0.0
2026-04-30T00:00:00Z,0.09999999999999999,0.3,0.0,0.0
2026-04-30T01:00:00Z,0.0,0.0,0.0,0.0
2026-04-30T02:00:00Z,0.09999999999999999,0.3,0.0,0.0
2026-04-30T03:00:00Z,0.0,0.0,0.0,0.0
2026-04-30T04:00:00Z,48.43333333333334,42.3,58.0,45.0
2026-04-30T05:00:00Z,181.9333333333333,170.8,185.0,190.0
2026-04-30T06:00:00Z,342.93333333333334,330.8,341.0,357.0
2026-04-30T07:00:00Z,504.3333333333333,491.0,504.0,518.0
2026-04-30T08:00:00Z,643.1666666666666,631.5,642.0,656.0
2026-04-30T09:00:00Z,748.2666666666668,739.8,745.0,760.0
2026-04-30T10:00:00Z,809.9333333333334,801.8,806.0,822.0
2026-04-30T11:00:00Z,825.3333333333334,816.0,822.0,838.0
2026-04-30T12:00:00Z,790.4333333333334,780.3,788.0,803.0
2026-04-30T13:00:00Z,709.0,700.0,705.0,722.0
2026-04-30T14:00:00Z,587.8333333333334,578.5,584.0,601.0
2026-04-30T15:00:00Z,439.26666666666665,428.8,437.0,452.0
2026-04-30T16:00:00Z,277.1666666666667,265.5,279.0,287.0
2026-04-30T17:00:00Z,121.0,111.0,127.0,125.0
2026-04-30T18:00:00Z,14.333333333333334,12.0,18.0,13.0
2026-04-30T19:00:00Z,0.0,0.0,0.0,0.0
2026-04-30T20:00:00Z,0.0,0.0,0.0,0.0
2026-04-30T21:00:00Z,0.0,0.0,0.0,0.0
2026-04-30T22:00:00Z,0.0,0.0,0.0,0.0
2026-04-30T23:00:00Z,0.0,0.0,0.0,0.0
2026-05-01T00:00:00Z,0.0,0.0,0.0,0.0
2026-05-01T01:00:00Z,0.0,0.0,0.0,0.0
2026-05-01T02:00:00Z,0.0,0.0,0.0,0.0
2026-05-01T03:00:00Z,0.0,0.0,0.0,0.0
2026-05-01T04:00:00Z,52.43333333333334,46.3,62.0,49.0
2026-05-01T05:00:00Z,188.33333333333334,178.0,191.0,196.0
2026-05-01T06:00:00Z,350.1666666666667,338.5,348.0,364.0
2026-05-01T07:00:00Z,512.8333333333334,501.5,512.0,525.0
2026-05-01T08:00:00Z,652.6,642.8,651.0,664.0
2026-05-01T09:00:00Z,757.0,748.0,755.0,768.0
2026-05-01T10:00:00Z,813.1,795.3,815.0,829.0
2026-05-01T11:00:00Z,817.6,779.8,830.0,843.0
2026-05-01T12:00:00Z,764.5,693.5,794.0,806.0
2026-05-01T13:00:00Z,658.6666666666666,631.0,700.0,645.0
2026-05-01T14:00:00Z,516.1666666666666,472.5,553.0,523.0
2026-05-01T15:00:00Z,374.3333333333333,399.0,386.0,338.0
2026-05-01T16:00:00Z,233.26666666666665,253.8,232.0,214.0
2026-05-01T17:00:00Z,98.16666666666667,103.5,103.0,88.0
2026-05-01T18:00:00Z,13.0,12.0,15.0,12.0
2026-05-01T19:00:00Z,0.0,0.0,0.0,0.0
2026-05-01T20:00:00Z,0.0,0.0,0.0,0.0
2026-05-01T21:00:00Z,0.09999999999999999,0.3,0.0,0.0
2026-05-01T22:00:00Z,0.09999999999999999,0.3,0.0,0.0
2026-05-01T23:00:00Z,0.0,0.0,0.0,0.0
2026-05-02T00:00:00Z,0.09999999999999999,0.3,0.0,0.0
2026-05-02T01:00:00Z,0.0,0.0,0.0,0.0
2026-05-02T02:00:00Z,0.0,0.0,0.0,0.0
2026-05-02T03:00:00Z,0.09999999999999999,0.3,0.0,0.0
2026-05-02T04:00:00Z,43.833333333333336,38.5,53.0,40.0
2026-05-02T05:00:00Z,141.0,122.0,165.0,136.0
2026-05-02T06:00:00Z,260.5,197.5,311.0,273.0
2026-05-02T07:00:00Z,361.76666666666665,166.3,457.0,462.0
2026-05-02T08:00:00Z,413.26666666666665,193.8,548.0,498.0
2026-05-02T09:00:00Z,428.1666666666667,277.5,579.0,428.0
2026-05-02T10:00:00Z,475.5,384.5,576.0,466.0
2026-05-02T11:00:00Z,533.0,547.0,554.0,498.0
2026-05-02T12:00:00Z,501.8333333333333,346.5,507.0,652.0
2026-05-02T13:00:00Z,462.0,392.0,442.0,552.0
2026-05-02T14:00:00Z,407.6666666666667,361.0,374.0,488.0
2026-05-02T15:00:00Z,311.5,248.5,294.0,392.0
2026-05-02T16:00:00Z,175.4333333333333,125.3,190.0,211.0
2026-05-02T17:00:00Z,71.60000000000001,72.8,80.0,62.0
2026-05-02T18:00:00Z,8.666666666666666,8.0,10.0,8.0
2026-05-02T19:00:00Z,0.09999999999999999,0.3,0.0,0.0
2026-05-02T20:00:00Z,0.16666666666666666,0.5,0.0,0.0
2026-05-02T21:00:00Z,0.0,0.0,0.0,0.0
2026-05-02T22:00:00Z,0.0,0.0,0.0,0.0
2026-05-02T23:00:00Z,0.0,0.0,0.0,0.0
2026-05-03T00:00:00Z,0.0,0.0,0.0,0.0
2026-05-03T01:00:00Z,0.09999999999999999,0.3,0.0,0.0
2026-05-03T02:00:00Z,0.0,0.0,0.0,0.0
2026-05-03T03:00:00Z,0.5,0.5,1.0,0.0
2026-05-03T04:00:00Z,52.166666666666664,47.5,59.0,50.0
2026-05-03T05:00:00Z,173.83333333333334,174.5,174.0,173.0
2026-05-03T06:00:00Z,327.26666666666665,312.8,320.0,349.0
2026-05-03T07:00:00Z,468.43333333333334,437.3,470.0,498.0
2026-05-03T08:00:00Z,568.2666666666667,477.8,587.0,640.0
2026-05-03T09:00:00Z,610.7666666666667,454.3,662.0,716.0
2026-05-03T10:00:00Z,602.3333333333334,487.0,701.0,619.0
2026-05-03T11:00:00Z,648.3333333333334,487.0,719.0,739.0
2026-05-03T12:00:00Z,662.0,517.0,698.0,771.0
2026-05-03T13:00:00Z,627.2666666666667,584.8,605.0,692.0
2026-05-03T14:00:00Z,459.5,408.5,432.0,538.0
2026-05-03T15:00:00Z,226.9333333333333,91.8,248.0,341.0
2026-05-03T16:00:00Z,152.43333333333334,165.3,119.0,173.0
2026-05-03T17:00:00Z,41.766666666666666,69.3,47.0,9.0
2026-05-03T18:00:00Z,6.6000000000000005,3.8,7.0,9.0
2026-05-03T19:00:00Z,0.09999999999999999,0.3,0.0,0.0
2026-05-03T20:00:00Z,0.09999999999999999,0.3,0.0,0.0
2026-05-03T21:00:00Z,0.0,0.0,0.0,0.0
2026-05-03T22:00:00Z,0.0,0.0,0.0,0.0
2026-05-03T23:00:00Z,0.0,0.0,0.0,0.0
2026-05-04T00:00:00Z,0.0,0.0,0.0,0.0
2026-05-04T01:00:00Z,0.0,0.0,0.0,0.0
2026-05-04T02:00:00Z,0.0,0.0,0.0,0.0
2026-05-04T03:00:00Z,0.5,0.5,1.0,0.0
2026-05-04T04:00:00Z,25.5,16.5,45.0,15.0
2026-05-04T05:00:00Z,69.76666666666667,62.3,134.0,13.0
2026-05-04T06:00:00Z,212.33333333333334,97.0,256.0,284.0
2026-05-04T07:00:00Z,267.76666666666665,248.3,385.0,170.0
2026-05-04T08:00:00Z,331.5,413.5,493.0,88.0
2026-05-04T09:00:00Z,372.6666666666667,483.0,567.0,68.0
2026-05-04T10:00:00Z,462.76666666666665,501.3,587.0,300.0
2026-05-04T11:00:00Z,373.0,506.0,531.0,82.0
2026-05-04T12:00:00Z,570.6,586.8,421.0,704.0
2026-05-04T13:00:00Z,397.0,321.0,308.0,562.0
2026-05-04T14:00:00Z,241.6,186.8,212.0,326.0
2026-05-04T15:00:00Z,127.83333333333333,185.5,130.0,68.0
2026-05-04T16:00:00Z,46.333333333333336,52.0,69.0,18.0
2026-05-04T17:00:00Z,16.166666666666668,18.5,27.0,3.0
2026-05-04T18:00:00Z,2.0,2.0,4.0,0.0
2026-05-04T19:00:00Z,0.0,0.0,0.0,0.0
2026-05-04T20:00:00Z,0.0,0.0,0.0,0.0
2026-05-04T21:00:00Z,0.0,0.0,0.0,0.0
2026-05-04T22:00:00Z,0.0,0.0,0.0,0.0
2026-05-04T23:00:00Z,0.0,0.0,0.0,0.0
2026-05-05T00:00:00Z,0.0,0.0,0.0,0.0
2026-05-05T01:00:00Z,0.0,0.0,0.0,0.0
2026-05-05T02:00:00Z,0.0,0.0,0.0,0.0
2026-05-05T03:00:00Z,0.09999999999999999,0.3,0.0,0.0
2026-05-05T04:00:00Z,9.433333333333334,7.3,20.0,1.0
2026-05-05T05:00:00Z,23.599999999999998,18.8,47.0,5.0
2026-05-05T06:00:00Z,44.26666666666667,47.8,68.0,17.0
2026-05-05T07:00:00Z,69.33333333333333,38.0,98.0,72.0
2026-05-05T08:00:00Z,98.33333333333333,101.0,164.0,30.0
2026-05-05T09:00:00Z,187.66666666666666,208.0,259.0,96.0
2026-05-05T10:00:00Z,193.6,125.8,344.0,111.0
2026-05-05T11:00:00Z,267.59999999999997,275.8,396.0,131.0
2026-05-05T12:00:00Z,258.43333333333334,252.3,416.0,107.0
2026-05-05T13:00:00Z,276.0,299.0,392.0,137.0
2026-05-05T14:00:00Z,214.26666666666665,190.8,325.0,127.0
2026-05-05T15:00:00Z,150.0,144.0,234.0,72.0
2026-05-05T16:00:00Z,83.0,64.0,145.0,40.0
2026-05-05T17:00:00Z,53.166666666666664,46.5,67.0,46.0
2026-05-05T18:00:00Z,8.0,6.0,11.0,7.0
2026-05-05T19:00:00Z,0.0,0.0,0.0,0.0
2026-05-05T20:00:00Z,0.0,0.0,0.0,0.0
2026-05-05T21:00:00Z,0.0,0.0,0.0,0.0
2026-05-05T22:00:00Z,0.0,0.0,0.0,0.0
2026-05-05T23:00:00Z,0.0,0.0,0.0,0.0
2026-05-06T00:00:00Z,0.0,0.0,0.0,0.0
2026-05-06T01:00:00Z,0.0,0.0,0.0,0.0
2026-05-06T02:00:00Z,0.0,0.0,0.0,0.0
2026-05-06T03:00:00Z,0.0,0.0,0.0,0.0
2026-05-06T04:00:00Z,8.5,6.5,15.0,4.0
2026-05-06T05:00:00Z,19.599999999999998,14.8,38.0,6.0
2026-05-06T06:00:00Z,29.833333333333332,17.5,61.0,11.0
2026-05-06T07:00:00Z,42.43333333333333,29.3,83.0,15.0
2026-05-06T08:00:00Z,54.93333333333334,42.8,101.0,21.0
2026-05-06T09:00:00Z,74.76666666666667,79.3,115.0,30.0
2026-05-06T10:00:00Z,97.0,125.0,127.0,39.0
2026-05-06T11:00:00Z,93.60000000000001,105.8,140.0,35.0
2026-05-06T12:00:00Z,87.60000000000001,78.8,149.0,35.0
2026-05-06T13:00:00Z,81.26666666666667,70.8,141.0,32.0
2026-05-06T14:00:00Z,66.83333333333333,63.5,112.0,25.0
2026-05-06T15:00:00Z,48.0,47.0,77.0,20.0
2026-05-06T16:00:00Z,31.5,34.5,47.0,13.0
2026-05-06T17:00:00Z,16.0,18.0,25.0,5.0
2026-05-06T18:00:00Z,3.3333333333333335,3.0,6.0,1.0
2026-05-06T19:00:00Z,0.0,0.0,0.0,0.0
2026-05-06T20:00:00Z,0.0,0.0,0.0,0.0
2026-05-06T21:00:00Z,0.0,0.0,0.0,0.0
2026-05-06T22:00:00Z,0.0,0.0,0.0,0.0
2026-05-06T23:00:00Z,0.0,0.0,0.0,0.0
2026-05-07T00:00:00Z,0.09999999999999999,0.3,0.0,0.0
2026-05-07T01:00:00Z,0.0,0.0,0.0,0.0
2026-05-07T02:00:00Z,0.09999999999999999,0.3,0.0,0.0
2026-05-07T03:00:00Z,1.0999999999999999,1.3,2.0,0.0
2026-05-07T04:00:00Z,35.166666666666664,33.5,58.0,14.0
2026-05-07T05:00:00Z,99.0,100.0,146.0,51.0
2026-05-07T06:00:00Z,212.0,185.0,247.0,204.0
2026-05-07T07:00:00Z,270.3333333333333,200.0,338.0,273.0
2026-05-07T08:00:00Z,331.3333333333333,252.0,389.0,353.0
2026-05-07T09:00:00Z,390.5,314.5,397.0,460.0
2026-05-07T10:00:00Z,376.93333333333334,430.8,390.0,310.0
2026-05-07T11:00:00Z,347.3333333333333,384.0,391.0,267.0
2026-05-07T12:00:00Z,302.8333333333333,293.5,382.0,233.0
2026-05-07T13:00:00Z,256.0,235.0,342.0,191.0
2026-05-07T14:00:00Z,202.5,190.5,264.0,153.0
2026-05-07T15:00:00Z,157.76666666666668,150.3,178.0,145.0
2026-05-07T16:00:00Z,110.83333333333333,98.5,109.0,125.0
2026-05-07T17:00:00Z,66.43333333333334,50.3,59.0,90.0
2026-05-07T18:00:00Z,15.166666666666666,7.5,15.0,23.0
2026-05-07T19:00:00Z,0.0,0.0,0.0,0.0
2026-05-07T20:00:00Z,0.0,0.0,0.0,0.0
2026-05-07T21:00:00Z,0.0,0.0,0.0,0.0
2026-05-07T22:00:00Z,0.09999999999999999,0.3,0.0,0.0
2026-05-07T23:00:00Z,0.0,0.0,0.0,0.0
2026-05-08T00:00:00Z,0.09999999999999999,0.3,0.0,0.0
2026-05-08T01:00:00Z,0.0,0.0,0.0,0.0
2026-05-08T02:00:00Z,0.0,0.0,0.0,0.0
2026-05-08T03:00:00Z,2.2666666666666666,1.8,3.0,2.0
2026-05-08T04:00:00Z,66.43333333333334,50.3,79.0,70.0
2026-05-08T05:00:00Z,187.33333333333334,140.0,201.0,221.0
2026-05-08T06:00:00Z,328.59999999999997,254.8,344.0,387.0
2026-05-08T07:00:00Z,456.8333333333333,352.5,472.0,546.0
2026-05-08T08:00:00Z,534.9333333333333,397.8,525.0,682.0
2026-05-08T09:00:00Z,564.3333333333334,456.0,505.0,732.0
2026-05-08T10:00:00Z,508.76666666666665,481.3,474.0,571.0
2026-05-08T11:00:00Z,474.43333333333334,619.3,473.0,331.0
2026-05-08T12:00:00Z,563.3333333333334,574.0,475.0,641.0
2026-05-08T13:00:00Z,572.6666666666666,524.0,451.0,743.0
2026-05-08T14:00:00Z,486.3333333333333,447.0,397.0,615.0
2026-05-08T15:00:00Z,387.1666666666667,376.5,322.0,463.0
2026-05-08T16:00:00Z,266.26666666666665,261.8,225.0,312.0
2026-05-08T17:00:00Z,134.6,134.8,118.0,151.0
2026-05-08T18:00:00Z,24.599999999999998,22.8,26.0,25.0
2026-05-08T19:00:00Z,0.09999999999999999,0.3,0.0,0.0
2026-05-08T20:00:00Z,0.0,0.0,0.0,0.0
2026-05-08T21:00:00Z,0.0,0.0,0.0,0.0
2026-05-08T22:00:00Z,0.0,0.0,0.0,0.0
2026-05-08T23:00:00Z,0.0,0.0,0.0,0.0
2026-05-09T00:00:00Z,0.0,0.0,0.0,0.0
2026-05-09T01:00:00Z,0.0,0.0,0.0,0.0
2026-05-09T02:00:00Z,0.0,0.0,0.0,0.0
2026-05-09T03:00:00Z,2.9333333333333336,2.8,4.0,2.0
2026-05-09T04:00:00Z,74.83333333333333,67.5,84.0,73.0
2026-05-09T05:00:00Z,212.4333333333333,207.3,209.0,221.0
2026-05-09T06:00:00Z,356.76666666666665,368.3,357.0,345.0
2026-05-09T07:00:00Z,507.26666666666665,514.8,502.0,505.0
2026-05-09T08:00:00Z,590.5,604.5,612.0,555.0
2026-05-09T09:00:00Z,630.6,563.8,676.0,652.0
2026-05-09T10:00:00Z,647.6666666666666,539.0,699.0,705.0
2026-05-09T11:00:00Z,635.6666666666666,554.0,680.0,673.0
2026-05-09T12:00:00Z,643.5,572.5,620.0,738.0
2026-05-09T13:00:00Z,568.1666666666666,497.5,535.0,672.0
2026-05-09T14:00:00Z,462.5,371.5,440.0,576.0
2026-05-09T15:00:00Z,352.0,320.0,334.0,402.0
2026-05-09T16:00:00Z,218.76666666666665,199.3,219.0,238.0
2026-05-09T17:00:00Z,99.83333333333333,89.5,106.0,104.0
2026-05-09T18:00:00Z,21.166666666666668,19.5,22.0,22.0
2026-05-09T19:00:00Z,0.0,0.0,0.0,0.0
2026-05-09T20:00:00Z,0.0,0.0,0.0,0.0
2026-05-09T21:00:00Z,0.0,0.0,0.0,0.0
2026-05-09T22:00:00Z,0.0,0.0,0.0,0.0
2026-05-09T23:00:00Z,0.0,0.0,0.0,0.0
2026-05-10T00:00:00Z,0.09999999999999999,0.3,0.0,0.0
2026-05-10T01:00:00Z,0.0,0.0,0.0,0.0
2026-05-10T02:00:00Z,0.0,0.0,0.0,0.0
2026-05-10T03:00:00Z,0.16666666666666666,0.5,0.0,0.0
2026-05-10T04:00:00Z,6.166666666666667,8.5,9.0,1.0
2026-05-10T05:00:00Z,18.666666666666668,22.0,29.0,5.0
2026-05-10T06:00:00Z,40.0,51.0,62.0,7.0
2026-05-10T07:00:00Z,63.6,76.8,101.0,13.0
2026-05-10T08:00:00Z,94.33333333333333,128.0,134.0,21.0
2026-05-10T09:00:00Z,135.43333333333334,219.3,159.0,28.0
2026-05-10T10:00:00Z,165.1,287.3,178.0,30.0
2026-05-10T11:00:00Z,169.33333333333334,275.0,188.0,45.0
2026-05-10T12:00:00Z,148.16666666666666,226.5,189.0,29.0
2026-05-10T13:00:00Z,178.83333333333334,304.5,189.0,43.0
2026-05-10T14:00:00Z,160.5,241.5,198.0,42.0
2026-05-10T15:00:00Z,196.1,223.3,193.0,172.0
2026-05-10T16:00:00Z,167.76666666666668,150.3,148.0,205.0
2026-05-10T17:00:00Z,82.33333333333333,60.0,75.0,112.0
2026-05-10T18:00:00Z,9.666666666666666,8.0,16.0,5.0
2026-05-10T19:00:00Z,0.0,0.0,0.0,0.0
2026-05-10T20:00:00Z,0.09999999999999999,0.3,0.0,0.0
2026-05-10T21:00:00Z,0.0,0.0,0.0,0.0
2026-05-10T22:00:00Z,0.09999999999999999,0.3,0.0,0.0
2026-05-10T23:00:00Z,0.0,0.0,0.0,0.0
2026-05-11T00:00:00Z,0.0,0.0,0.0,0.0
2026-05-11T01:00:00Z,0.0,0.0,0.0,0.0
2026-05-11T02:00:00Z,0.0,0.0,0.0,0.0
2026-05-11T03:00:00Z,1.5,1.5,1.0,2.0
2026-05-11T04:00:00Z,16.099999999999998,24.3,13.0,11.0
2026-05-11T05:00:00Z,38.166666666666664,50.5,46.0,18.0
2026-05-11T06:00:00Z,69.26666666666667,67.8,110.0,30.0
2026-05-11T07:00:00Z,158.16666666666666,197.5,184.0,93.0
2026-05-11T08:00:00Z,155.5,195.5,238.0,33.0
2026-05-11T09:00:00Z,187.76666666666665,258.3,269.0,36.0
2026-05-11T10:00:00Z,228.26666666666665,276.8,291.0,117.0
2026-05-11T11:00:00Z,213.33333333333334,275.0,306.0,59.0
2026-05-11T12:00:00Z,306.93333333333334,359.8,308.0,253.0
2026-05-11T13:00:00Z,447.43333333333334,342.3,305.0,695.0
2026-05-11T14:00:00Z,368.59999999999997,343.8,305.0,457.0
2026-05-11T15:00:00Z,356.1666666666667,353.5,284.0,431.0
2026-05-11T16:00:00Z,260.09999999999997,239.3,215.0,326.0
2026-05-11T17:00:00Z,118.16666666666667,107.5,112.0,135.0
2026-05-11T18:00:00Z,24.5,19.5,26.0,28.0
2026-05-11T19:00:00Z,0.09999999999999999,0.3,0.0,0.0
2026-05-11T20:00:00Z,0.0,0.0,0.0,0.0
2026-05-11T21:00:00Z,0.0,0.0,0.0,0.0
2026-05-11T22:00:00Z,0.0,0.0,0.0,0.0
2026-05-11T23:00:00Z,0.0,0.0,0.0,0.0
2026-05-12T00:00:00Z,0.0,0.0,0.0,0.0
2026-05-12T01:00:00Z,0.0,0.0,0.0,0.0
2026-05-12T02:00:00Z,0.09999999999999999,0.3,0.0,0.0
2026-05-12T03:00:00Z,3.1666666666666665,2.5,4.0,3.0
2026-05-12T04:00:00Z,25.833333333333332,24.5,48.0,5.0
2026-05-12T05:00:00Z,86.66666666666667,69.0,110.0,81.0
2026-05-12T06:00:00Z,176.0,154.0,180.0,194.0
2026-05-12T07:00:00Z,266.5,205.5,251.0,343.0
2026-05-12T08:00:00Z,414.26666666666665,342.8,311.0,589.0
2026-05-12T09:00:00Z,469.1666666666667,441.5,357.0,609.0
2026-05-12T10:00:00Z,430.5,339.5,398.0,554.0
2026-05-12T11:00:00Z,553.3333333333334,522.0,447.0,691.0
2026-05-12T12:00:00Z,543.2666666666667,566.8,485.0,578.0
2026-05-12T13:00:00Z,606.1,608.3,478.0,732.0
2026-05-12T14:00:00Z,336.26666666666665,379.8,423.0,206.0
2026-05-12T15:00:00Z,253.16666666666666,356.5,336.0,67.0
2026-05-12T16:00:00Z,116.5,91.5,232.0,26.0
2026-05-12T17:00:00Z,87.60000000000001,77.8,122.0,63.0
2026-05-12T18:00:00Z,24.433333333333334,17.3,31.0,25.0
2026-05-12T19:00:00Z,0.09999999999999999,0.3,0.0,0.0
2026-05-12T20:00:00Z,0.0,0.0,0.0,0.0
2026-05-12T21:00:00Z,0.0,0.0,0.0,0.0
2026-05-12T22:00:00Z,0.0,0.0,0.0,0.0
2026-05-12T23:00:00Z,0.09999999999999999,0.3,0.0,0.0
2026-05-13T00:00:00Z,0.0,0.0,0.0,0.0
2026-05-13T01:00:00Z,0.09999999999999999,0.3,0.0,0.0
2026-05-13T02:00:00Z,0.09999999999999999,0.3,0.0,0.0
2026-05-13T03:00:00Z,3.9333333333333336,2.8,6.0,3.0
2026-05-13T04:00:00Z,42.666666666666664,46.0,65.0,17.0
2026-05-13T05:00:00Z,95.93333333333334,122.8,141.0,24.0
2026-05-13T06:00:00Z,153.0,158.0,219.0,82.0
2026-05-13T07:00:00Z,236.9333333333333,300.8,286.0,124.0
2026-05-13T08:00:00Z,354.09999999999997,404.3,320.0,338.0
2026-05-13T09:00:00Z,483.09999999999997,390.3,324.0,735.0
2026-05-13T10:00:00Z,320.3333333333333,407.0,329.0,225.0
2026-05-13T11:00:00Z,466.0,583.0,356.0,459.0
2026-05-13T12:00:00Z,436.8333333333333,593.5,386.0,331.0
2026-05-13T13:00:00Z,492.8333333333333,320.5,400.0,758.0
2026-05-13T14:00:00Z,372.1666666666667,269.5,400.0,447.0
2026-05-13T15:00:00Z,339.6666666666667,183.0,368.0,468.0
2026-05-13T16:00:00Z,250.26666666666665,146.8,281.0,323.0
2026-05-13T17:00:00Z,120.26666666666667,67.8,154.0,139.0
2026-05-13T18:00:00Z,32.0,23.0,41.0,32.0
2026-05-13T19:00:00Z,0.09999999999999999,0.3,0.0,0.0
2026-05-13T20:00:00Z,0.0,0.0,0.0,0.0
2026-05-13T21:00:00Z,0.0,0.0,0.0,0.0
2026-05-13T22:00:00Z,0.0,0.0,0.0,0.0
2026-05-13T23:00:00Z,0.0,0.0,0.0,0.0
2026-05-14T00:00:00Z,0.0,0.0,0.0,0.0
2026-05-14T01:00:00Z,0.0,0.0,0.0,0.0
2026-05-14T02:00:00Z,0.0,0.0,0.0,0.0
2026-05-14T03:00:00Z,5.666666666666667,4.0,8.0,5.0
2026-05-14T04:00:00Z,76.66666666666667,63.0,82.0,85.0
2026-05-14T05:00:00Z,184.16666666666666,128.5,187.0,237.0
2026-05-14T06:00:00Z,304.93333333333334,199.8,312.0,403.0
2026-05-14T07:00:00Z,446.93333333333334,348.8,432.0,560.0
2026-05-14T08:00:00Z,543.0,437.0,515.0,677.0
2026-05-14T09:00:00Z,597.1666666666666,447.5,556.0,788.0
2026-05-14T10:00:00Z,613.6666666666666,477.0,575.0,789.0
2026-05-14T11:00:00Z,531.0,521.0,581.0,491.0
2026-05-14T12:00:00Z,587.6666666666666,599.0,565.0,599.0
2026-05-14T13:00:00Z,592.4333333333333,510.3,531.0,736.0
2026-05-14T14:00:00Z,496.43333333333334,411.3,488.0,590.0
2026-05-14T15:00:00Z,385.93333333333334,330.8,421.0,406.0
2026-05-14T16:00:00Z,271.76666666666665,227.3,308.0,280.0
2026-05-14T17:00:00Z,159.66666666666666,141.0,166.0,172.0
2026-05-14T18:00:00Z,33.766666666666666,20.3,45.0,36.0
2026-05-14T19:00:00Z,0.0,0.0,0.0,0.0
2026-05-14T20:00:00Z,0.0,0.0,0.0,0.0
2026-05-14T21:00:00Z,0.0,0.0,0.0,0.0
2026-05-14T22:00:00Z,0.0,0.0,0.0,0.0
2026-05-14T23:00:00Z,0.0,0.0,0.0,0.0
2026-05-15T00:00:00Z,0.0,0.0,0.0,0.0
2026-05-15T01:00:00Z,0.0,0.0,0.0,0.0
2026-05-15T02:00:00Z,0.0,0.0,0.0,0.0
2026-05-15T03:00:00Z,4.0,4.0,4.0,4.0
2026-05-15T04:00:00Z,43.26666666666667,59.8,42.0,28.0
2026-05-15T05:00:00Z,103.33333333333333,145.0,99.0,66.0
2026-05-15T06:00:00Z,161.5,246.5,174.0,64.0
2026-05-15T07:00:00Z,266.09999999999997,363.3,262.0,173.0
2026-05-15T08:00:00Z,484.5,579.5,356.0,518.0
2026-05-15T09:00:00Z,555.0,592.0,451.0,622.0
2026-05-15T10:00:00Z,653.1666666666666,621.5,539.0,799.0
2026-05-15T11:00:00Z,520.6666666666666,510.0,625.0,427.0
2026-05-15T12:00:00Z,700.6,751.8,684.0,666.0
2026-05-15T13:00:00Z,549.1,463.3,674.0,510.0
2026-05-15T14:00:00Z,531.2666666666667,369.8,587.0,637.0
2026-05-15T15:00:00Z,429.1666666666667,328.5,456.0,503.0
2026-05-15T16:00:00Z,294.6666666666667,280.0,310.0,294.0
2026-05-15T17:00:00Z,158.93333333333334,143.8,166.0,167.0
2026-05-15T18:00:00Z,40.666666666666664,36.0,47.0,39.0
2026-05-15T19:00:00Z,0.09999999999999999,0.3,0.0,0.0
2026-05-15T20:00:00Z,0.0,0.0,0.0,0.0
2026-05-15T21:00:00Z,0.0,0.0,0.0,0.0
2026-05-15T22:00:00Z,0.0,0.0,0.0,0.0
2026-05-15T23:00:00Z,0.09999999999999999,0.3,0.0,0.0
2026-05-16T00:00:00Z,0.0,0.0,0.0,0.0
2026-05-16T01:00:00Z,0.0,0.0,0.0,0.0
2026-05-16T02:00:00Z,0.09999999999999999,0.3,0.0,0.0
2026-05-16T03:00:00Z,6.833333333333333,6.5,12.0,2.0
2026-05-16T04:00:00Z,70.5,89.5,108.0,14.0
2026-05-16T05:00:00Z,240.26666666666665,235.8,232.0,253.0
2026-05-16T06:00:00Z,395.3333333333333,399.0,365.0,422.0
2026-05-16T07:00:00Z,538.8333333333334,555.5,486.0,575.0
2026-05-16T08:00:00Z,646.6,666.8,573.0,700.0
2026-05-16T09:00:00Z,697.5,700.5,620.0,772.0
2026-05-16T10:00:00Z,618.3333333333334,625.0,622.0,608.0
2026-05-16T11:00:00Z,612.6666666666666,697.0,566.0,575.0
2026-05-16T12:00:00Z,582.4333333333333,607.3,474.0,666.0
2026-05-16T13:00:00Z,434.0,422.0,396.0,484.0
2026-05-16T14:00:00Z,416.09999999999997,426.3,358.0,464.0
2026-05-16T15:00:00Z,291.59999999999997,286.8,320.0,268.0
2026-05-16T16:00:00Z,205.1,185.3,246.0,184.0
2026-05-16T17:00:00Z,115.66666666666667,92.0,142.0,113.0
2026-05-16T18:00:00Z,31.599999999999998,24.8,44.0,26.0
2026-05-16T19:00:00Z,0.09999999999999999,0.3,0.0,0.0
2026-05-16T20:00:00Z,0.0,0.0,0.0,0.0
2026-05-16T21:00:00Z,0.09999999999999999,0.3,0.0,0.0
2026-05-16T22:00:00Z,0.0,0.0,0.0,0.0
2026-05-16T23:00:00Z,0.0,0.0,0.0,0.0
2026-05-17T00:00:00Z,0.0,0.0,0.0,0.0
2026-05-17T01:00:00Z,0.09999999999999999,0.3,0.0,0.0
2026-05-17T02:00:00Z,0.09999999999999999,0.3,0.0,0.0
2026-05-17T03:00:00Z,7.833333333333333,5.5,11.0,7.0
2026-05-17T04:00:00Z,76.76666666666667,55.3,98.0,77.0
2026-05-17T05:00:00Z,189.33333333333334,150.0,225.0,193.0
2026-05-17T06:00:00Z,364.09999999999997,308.3,387.0,397.0
2026-05-17T07:00:00Z,532.1666666666666,483.5,547.0,566.0
2026-05-17T08:00:00Z,645.8333333333334,598.5,656.0,683.0
2026-05-17T09:00:00Z,685.5,586.5,709.0,761.0
2026-05-17T10:00:00Z,639.7666666666667,584.3,714.0,621.0
2026-05-17T11:00:00Z,439.59999999999997,467.8,672.0,179.0
2026-05-17T12:00:00Z,577.6,460.8,588.0,684.0
2026-05-17T13:00:00Z,383.93333333333334,480.8,493.0,178.0
2026-05-17T14:00:00Z,431.8333333333333,360.5,401.0,534.0
2026-05-17T15:00:00Z,256.26666666666665,208.8,308.0,252.0
2026-05-17T16:00:00Z,155.76666666666668,59.3,213.0,195.0
2026-05-17T17:00:00Z,87.43333333333334,49.3,122.0,91.0
2026-05-17T18:00:00Z,27.5,22.5,40.0,20.0
2026-05-17T19:00:00Z,0.0,0.0,0.0,0.0
2026-05-17T20:00:00Z,0.0,0.0,0.0,0.0
2026-05-17T21:00:00Z,0.0,0.0,0.0,0.0
2026-05-17T22:00:00Z,0.0,0.0,0.0,0.0
2026-05-17T23:00:00Z,0.0,0.0,0.0,0.0
2026-05-18T00:00:00Z,0.09999999999999999,0.3,0.0,0.0
2026-05-18T01:00:00Z,0.09999999999999999,0.3,0.0,0.0
2026-05-18T02:00:00Z,0.0,0.0,0.0,0.0
2026-05-18T03:00:00Z,8.666666666666666,8.0,11.0,7.0
2026-05-18T04:00:00Z,93.83333333333333,91.5,93.0,97.0
2026-05-18T05:00:00Z,232.33333333333334,234.0,215.0,248.0
2026-05-18T06:00:00Z,390.1666666666667,384.5,375.0,411.0
2026-05-18T07:00:00Z,545.0,531.0,538.0,566.0
2026-05-18T08:00:00Z,654.3333333333334,603.0,662.0,698.0
2026-05-18T09:00:00Z,750.5,719.5,736.0,796.0
2026-05-18T10:00:00Z,775.2666666666668,723.8,747.0,855.0
2026-05-18T11:00:00Z,601.1,265.3,669.0,869.0
2026-05-18T12:00:00Z,558.3333333333334,306.0,534.0,835.0
2026-05-18T13:00:00Z,529.1,450.3,421.0,716.0
2026-05-18T14:00:00Z,434.6666666666667,441.0,371.0,492.0
2026-05-18T15:00:00Z,300.5,322.5,328.0,251.0
2026-05-18T16:00:00Z,189.16666666666666,175.5,242.0,150.0
2026-05-18T17:00:00Z,92.0,57.0,124.0,95.0
2026-05-18T18:00:00Z,26.666666666666668,14.0,32.0,34.0
2026-05-18T19:00:00Z,0.0,0.0,0.0,0.0
2026-05-18T20:00:00Z,0.0,0.0,0.0,0.0
2026-05-18T21:00:00Z,0.0,0.0,0.0,0.0
2026-05-18T22:00:00Z,0.0,0.0,0.0,0.0
2026-05-18T23:00:00Z,0.0,0.0,0.0,0.0
2026-05-19T00:00:00Z,0.0,0.0,0.0,0.0
2026-05-19T01:00:00Z,0.0,0.0,0.0,0.0
2026-05-19T02:00:00Z,0.0,0.0,0.0,0.0
2026-05-19T03:00:00Z,4.6000000000000005,2.8,11.0,0.0
2026-05-19T04:00:00Z,54.333333333333336,26.0,81.0,56.0
2026-05-19T05:00:00Z,114.60000000000001,67.8,162.0,114.0
2026-05-19T06:00:00Z,161.66666666666666,103.0,239.0,143.0
2026-05-19T07:00:00Z,225.4333333333333,135.3,310.0,231.0
2026-05-19T08:00:00Z,192.6,185.8,371.0,21.0
2026-05-19T09:00:00Z,324.43333333333334,257.3,420.0,296.0
2026-05-19T10:00:00Z,367.1666666666667,265.5,460.0,376.0
2026-05-19T11:00:00Z,564.4333333333333,374.3,500.0,819.0
2026-05-19T12:00:00Z,416.09999999999997,428.3,525.0,295.0
2026-05-19T13:00:00Z,449.0,242.0,511.0,594.0
2026-05-19T14:00:00Z,452.5,289.5,455.0,613.0
2026-05-19T15:00:00Z,380.26666666666665,283.8,370.0,487.0
2026-05-19T16:00:00Z,269.5,210.5,264.0,334.0
2026-05-19T17:00:00Z,153.1,134.3,149.0,176.0
2026-05-19T18:00:00Z,43.6,38.8,49.0,43.0
2026-05-19T19:00:00Z,0.09999999999999999,0.3,0.0,0.0
2026-05-19T20:00:00Z,0.0,0.0,0.0,0.0
2026-05-19T21:00:00Z,0.0,0.0,0.0,0.0
2026-05-19T22:00:00Z,0.0,0.0,0.0,0.0
2026-05-19T23:00:00Z,0.0,0.0,0.0,0.0
2026-05-20T00:00:00Z,0.0,0.0,0.0,0.0
2026-05-20T01:00:00Z,0.09999999999999999,0.3,0.0,0.0
2026-05-20T02:00:00Z,0.0,0.0,0.0,0.0
2026-05-20T03:00:00Z,9.933333333333334,8.8,12.0,9.0
2026-05-20T04:00:00Z,78.43333333333334,68.3,86.0,81.0
2026-05-20T05:00:00Z,175.0,149.0,169.0,207.0
2026-05-20T06:00:00Z,303.76666666666665,316.3,248.0,347.0
2026-05-20T07:00:00Z,317.3333333333333,322.0,322.0,308.0
2026-05-20T08:00:00Z,442.43333333333334,440.3,396.0,491.0
2026-05-20T09:00:00Z,479.93333333333334,608.8,465.0,366.0
2026-05-20T10:00:00Z,621.0,517.0,517.0,829.0
2026-05-20T11:00:00Z,458.76666666666665,628.3,547.0,201.0
2026-05-20T12:00:00Z,609.1,466.3,551.0,810.0
2026-05-20T13:00:00Z,426.93333333333334,522.8,520.0,238.0
2026-05-20T14:00:00Z,420.3333333333333,469.0,453.0,339.0
2026-05-20T15:00:00Z,320.43333333333334,197.3,363.0,401.0
2026-05-20T16:00:00Z,284.26666666666665,257.8,258.0,337.0
2026-05-20T17:00:00Z,158.76666666666668,149.3,148.0,179.0
2026-05-20T18:00:00Z,47.166666666666664,42.5,51.0,48.0
2026-05-20T19:00:00Z,0.43333333333333335,0.3,1.0,0.0
2026-05-20T20:00:00Z,0.0,0.0,0.0,0.0
2026-05-20T21:00:00Z,0.09999999999999999,0.3,0.0,0.0
2026-05-20T22:00:00Z,0.0,0.0,0.0,0.0
2026-05-20T23:00:00Z,0.16666666666666666,0.5,0.0,0.0
2026-05-21T00:00:00Z,0.09999999999999999,0.3,0.0,0.0
2026-05-21T01:00:00Z,0.0,0.0,0.0,0.0
2026-05-21T02:00:00Z,0.09999999999999999,0.3,0.0,0.0
2026-05-21T03:00:00Z,12.0,10.0,17.0,9.0
2026-05-21T04:00:00Z,101.26666666666667,94.8,114.0,95.0
2026-05-21T05:00:00Z,239.83333333333334,231.5,241.0,247.0
2026-05-21T06:00:00Z,382.3333333333333,383.0,391.0,373.0
2026-05-21T07:00:00Z,525.1,535.3,537.0,503.0
2026-05-21T08:00:00Z,663.5,662.5,641.0,687.0
2026-05-21T09:00:00Z,724.1666666666666,755.5,701.0,716.0
2026-05-21T10:00:00Z,764.0,802.0,738.0,752.0
2026-05-21T11:00:00Z,763.7666666666668,793.3,773.0,725.0
2026-05-21T12:00:00Z,763.4333333333334,770.3,782.0,738.0
2026-05-21T13:00:00Z,718.0,669.0,734.0,751.0
2026-05-21T14:00:00Z,621.1,599.3,626.0,638.0
2026-05-21T15:00:00Z,483.09999999999997,466.3,486.0,497.0
2026-05-21T16:00:00Z,330.5,317.5,333.0,341.0
2026-05-21T17:00:00Z,177.6,165.8,183.0,184.0
2026-05-21T18:00:00Z,51.6,44.8,60.0,50.0
2026-05-21T19:00:00Z,0.43333333333333335,0.3,1.0,0.0
2026-05-21T20:00:00Z,0.0,0.0,0.0,0.0
2026-05-21T21:00:00Z,0.0,0.0,0.0,0.0
2026-05-21T22:00:00Z,0.0,0.0,0.0,0.0
2026-05-21T23:00:00Z,0.0,0.0,0.0,0.0
2026-05-22T00:00:00Z,0.0,0.0,0.0,0.0
2026-05-22T01:00:00Z,0.0,0.0,0.0,0.0
2026-05-22T02:00:00Z,0.0,0.0,0.0,0.0
2026-05-22T03:00:00Z,12.666666666666666,10.0,18.0,10.0
2026-05-22T04:00:00Z,105.26666666666667,92.8,118.0,105.0
2026-05-22T05:00:00Z,243.1,228.3,249.0,252.0
2026-05-22T06:00:00Z,401.09999999999997,385.3,406.0,412.0
2026-05-22T07:00:00Z,555.6,538.8,564.0,564.0
2026-05-22T08:00:00Z,688.2666666666668,672.8,697.0,695.0
2026-05-22T09:00:00Z,788.9333333333334,777.8,795.0,794.0
2026-05-22T10:00:00Z,847.7666666666668,840.3,850.0,853.0
2026-05-22T11:00:00Z,857.7666666666668,853.3,854.0,866.0
2026-05-22T12:00:00Z,819.6666666666666,819.0,808.0,832.0
2026-05-22T13:00:00Z,734.6666666666666,726.0,723.0,755.0
2026-05-22T14:00:00Z,576.2666666666667,557.8,613.0,558.0
2026-05-22T15:00:00Z,447.1666666666667,415.5,482.0,444.0
2026-05-22T16:00:00Z,314.6666666666667,292.0,335.0,317.0
2026-05-22T17:00:00Z,178.5,167.5,186.0,182.0
2026-05-22T18:00:00Z,53.833333333333336,46.5,63.0,52.0
2026-05-22T19:00:00Z,0.9333333333333332,0.8,1.0,1.0
2026-05-22T20:00:00Z,0.0,0.0,0.0,0.0
2026-05-22T21:00:00Z,0.0,0.0,0.0,0.0
2026-05-22T22:00:00Z,0.0,0.0,0.0,0.0
2026-05-22T23:00:00Z,0.0,0.0,0.0,0.0
2026-05-23T00:00:00Z,0.0,0.0,0.0,0.0
2026-05-23T01:00:00Z,0.0,0.0,0.0,0.0
2026-05-23T02:00:00Z,0.0,0.0,0.0,0.0
2026-05-23T03:00:00Z,12.933333333333332,10.8,17.0,11.0
2026-05-23T04:00:00Z,95.0,80.0,107.0,98.0
2026-05-23T05:00:00Z,223.4333333333333,200.3,231.0,239.0
2026-05-23T06:00:00Z,379.59999999999997,373.8,388.0,377.0
2026-05-23T07:00:00Z,525.0,512.0,549.0,514.0
2026-05-23T08:00:00Z,637.5,654.5,673.0,585.0
2026-05-23T09:00:00Z,738.4333333333334,745.3,755.0,715.0
2026-05-23T10:00:00Z,792.2666666666668,790.8,801.0,785.0
2026-05-23T11:00:00Z,811.1,794.3,818.0,821.0
2026-05-23T12:00:00Z,777.2666666666668,799.8,795.0,737.0
2026-05-23T13:00:00Z,699.8333333333334,699.5,723.0,677.0
2026-05-23T14:00:00Z,567.2666666666667,586.8,608.0,507.0
2026-05-23T15:00:00Z,450.6666666666667,451.0,468.0,433.0
2026-05-23T16:00:00Z,316.5,321.5,321.0,307.0
2026-05-23T17:00:00Z,179.66666666666666,169.0,179.0,191.0
2026-05-23T18:00:00Z,51.93333333333334,47.8,62.0,46.0
2026-05-23T19:00:00Z,0.8333333333333334,0.5,1.0,1.0
2026-05-23T20:00:00Z,0.0,0.0,0.0,0.0
2026-05-23T21:00:00Z,0.0,0.0,0.0,0.0
2026-05-23T22:00:00Z,0.0,0.0,0.0,0.0
2026-05-23T23:00:00Z,0.0,0.0,0.0,0.0
2026-05-24T00:00:00Z,0.0,0.0,0.0,0.0
2026-05-24T01:00:00Z,0.0,0.0,0.0,0.0
2026-05-24T02:00:00Z,0.09999999999999999,0.3,0.0,0.0
2026-05-24T03:00:00Z,14.333333333333334,11.0,20.0,12.0
2026-05-24T04:00:00Z,107.93333333333334,91.8,122.0,110.0
2026-05-24T05:00:00Z,244.83333333333334,224.5,253.0,257.0
2026-05-24T06:00:00Z,400.93333333333334,377.8,408.0,417.0
2026-05-24T07:00:00Z,554.4333333333333,529.3,565.0,569.0
2026-05-24T08:00:00Z,685.2666666666668,661.8,695.0,699.0
2026-05-24T09:00:00Z,783.1666666666666,761.5,791.0,797.0
2026-05-24T10:00:00Z,842.0,823.0,848.0,855.0
2026-05-24T11:00:00Z,854.2666666666668,835.8,862.0,865.0
2026-05-24T12:00:00Z,813.8333333333334,779.5,830.0,832.0
2026-05-24T13:00:00Z,739.4333333333334,708.3,753.0,757.0
2026-05-24T14:00:00Z,629.3333333333334,602.0,641.0,645.0
2026-05-24T15:00:00Z,488.5,460.5,503.0,502.0
2026-05-24T16:00:00Z,339.8333333333333,324.5,349.0,346.0
2026-05-24T17:00:00Z,185.26666666666665,170.8,194.0,191.0
2026-05-24T18:00:00Z,57.0,49.0,66.0,56.0
2026-05-24T19:00:00Z,1.3333333333333333,1.0,2.0,1.0
2026-05-24T20:00:00Z,0.0,0.0,0.0,0.0
2026-05-24T21:00:00Z,0.09999999999999999,0.3,0.0,0.0
2026-05-24T22:00:00Z,0.0,0.0,0.0,0.0
2026-05-24T23:00:00Z,0.09999999999999999,0.3,0.0,0.0
2026-05-25T00:00:00Z,0.0,0.0,0.0,0.0
2026-05-25T01:00:00Z,0.0,0.0,0.0,0.0
2026-05-25T02:00:00Z,0.0,0.0,0.0,0.0
2026-05-25T03:00:00Z,15.333333333333334,12.0,22.0,12.0
2026-05-25T04:00:00Z,111.83333333333333,95.5,127.0,113.0
2026-05-25T05:00:00Z,251.4333333333333,231.3,260.0,263.0
2026-05-25T06:00:00Z,408.93333333333334,385.8,418.0,423.0
2026-05-25T07:00:00Z,563.9333333333333,539.8,576.0,576.0
2026-05-25T08:00:00Z,696.5,673.5,708.0,708.0
2026-05-25T09:00:00Z,795.2666666666668,773.8,805.0,807.0
2026-05-25T10:00:00Z,853.6,832.8,862.0,866.0
2026-05-25T11:00:00Z,868.1,848.3,876.0,880.0
2026-05-25T12:00:00Z,834.7666666666668,814.3,843.0,847.0
2026-05-25T13:00:00Z,758.0,738.0,765.0,771.0
2026-05-25T14:00:00Z,644.7666666666667,625.3,651.0,658.0
2026-05-25T15:00:00Z,503.76666666666665,484.3,511.0,516.0
2026-05-25T16:00:00Z,347.43333333333334,329.3,355.0,358.0
2026-05-25T17:00:00Z,191.26666666666665,177.8,198.0,198.0
2026-05-25T18:00:00Z,60.76666666666667,53.3,69.0,60.0
2026-05-25T19:00:00Z,1.4333333333333333,1.3,2.0,1.0
2026-05-25T20:00:00Z,0.0,0.0,0.0,0.0
2026-05-25T21:00:00Z,0.0,0.0,0.0,0.0
2026-05-25T22:00:00Z,0.0,0.0,0.0,0.0
2026-05-25T23:00:00Z,0.09999999999999999,0.3,0.0,0.0
2026-05-26T00:00:00Z,0.0,0.0,0.0,0.0
2026-05-26T01:00:00Z,0.0,0.0,0.0,0.0
2026-05-26T02:00:00Z,0.0,0.0,0.0,0.0
2026-05-26T03:00:00Z,16.333333333333332,13.0,23.0,13.0
2026-05-26T04:00:00Z,111.5,96.5,125.0,113.0
2026-05-26T05:00:00Z,249.9333333333333,231.8,256.0,262.0
2026-05-26T06:00:00Z,404.6666666666667,382.0,411.0,421.0
2026-05-26T07:00:00Z,557.1666666666666,534.5,568.0,569.0
2026-05-26T08:00:00Z,688.6666666666666,668.0,700.0,698.0
2026-05-26T09:00:00Z,791.6,776.8,799.0,799.0
2026-05-26T10:00:00Z,850.1,832.3,858.0,860.0
2026-05-26T11:00:00Z,863.5,849.5,874.0,867.0
2026-05-26T12:00:00Z,828.9333333333334,816.8,842.0,828.0
2026-05-26T13:00:00Z,760.6,743.8,766.0,772.0
2026-05-26T14:00:00Z,649.6666666666666,637.0,654.0,658.0
2026-05-26T15:00:00Z,509.0,495.0,516.0,516.0
2026-05-26T16:00:00Z,352.3333333333333,337.0,360.0,360.0
2026-05-26T17:00:00Z,195.76666666666665,183.3,202.0,202.0
2026-05-26T18:00:00Z,63.5,55.5,72.0,63.0
2026-05-26T19:00:00Z,2.1666666666666665,1.5,3.0,2.0
2026-05-26T20:00:00Z,0.0,0.0,0.0,0.0
2026-05-26T21:00:00Z,0.0,0.0,0.0,0.0
2026-05-26T22:00:00Z,0.0,0.0,0.0,0.0
2026-05-26T23:00:00Z,0.09999999999999999,0.3,0.0,0.0
2026-05-27T00:00:00Z,0.0,0.0,0.0,0.0
2026-05-27T01:00:00Z,0.0,0.0,0.0,0.0
2026-05-27T02:00:00Z,0.0,0.0,0.0,0.0
2026-05-27T03:00:00Z,18.333333333333332,14.0,26.0,15.0
2026-05-27T04:00:00Z,120.93333333333334,102.8,137.0,123.0
2026-05-27T05:00:00Z,266.3333333333333,245.0,276.0,278.0
2026-05-27T06:00:00Z,429.09999999999997,404.3,439.0,444.0
2026-05-27T07:00:00Z,584.1666666666666,548.5,601.0,603.0
2026-05-27T08:00:00Z,724.3333333333334,697.0,737.0,739.0
2026-05-27T09:00:00Z,827.6666666666666,805.0,837.0,841.0
2026-05-27T10:00:00Z,889.1,872.3,895.0,900.0
2026-05-27T11:00:00Z,904.2666666666668,888.8,909.0,915.0
2026-05-27T12:00:00Z,867.6666666666666,856.0,873.0,874.0
2026-05-27T13:00:00Z,790.1666666666666,781.5,792.0,797.0
2026-05-27T14:00:00Z,670.8333333333334,656.5,675.0,681.0
2026-05-27T15:00:00Z,524.0,506.0,532.0,534.0
2026-05-27T16:00:00Z,362.8333333333333,344.5,372.0,372.0
2026-05-27T17:00:00Z,202.83333333333334,186.5,211.0,211.0
2026-05-27T18:00:00Z,67.16666666666667,56.5,77.0,68.0
2026-05-27T19:00:00Z,2.2666666666666666,1.8,3.0,2.0
2026-05-27T20:00:00Z,0.0,0.0,0.0,0.0
2026-05-27T21:00:00Z,0.0,0.0,0.0,0.0
2026-05-27T22:00:00Z,0.0,0.0,0.0,0.0
2026-05-27T23:00:00Z,0.0,0.0,0.0,0.0
2026-05-28T00:00:00Z,0.0,0.0,0.0,0.0
2026-05-28T01:00:00Z,0.0,0.0,0.0,0.0
2026-05-28T02:00:00Z,0.0,0.0,0.0,0.0
2026-05-28T03:00:00Z,18.599999999999998,14.8,26.0,15.0
2026-05-28T04:00:00Z,118.5,101.5,133.0,121.0
2026-05-28T05:00:00Z,260.59999999999997,240.8,268.0,273.0
2026-05-28T06:00:00Z,419.09999999999997,396.3,426.0,435.0
2026-05-28T07:00:00Z,572.9333333333333,548.8,584.0,586.0
2026-05-28T08:00:00Z,701.2666666666668,676.8,717.0,710.0
2026-05-28T09:00:00Z,793.2666666666668,750.8,816.0,813.0
2026-05-28T10:00:00Z,849.8333333333334,817.5,865.0,867.0
2026-05-28T11:00:00Z,842.0,800.0,861.0,865.0
2026-05-28T12:00:00Z,809.3333333333334,803.0,804.0,821.0
2026-05-28T13:00:00Z,723.4333333333334,728.3,692.0,750.0
2026-05-28T14:00:00Z,571.3333333333334,560.0,531.0,623.0
2026-05-28T15:00:00Z,403.43333333333334,408.3,358.0,444.0
2026-05-28T16:00:00Z,272.0,293.0,215.0,308.0
2026-05-28T17:00:00Z,141.5,160.5,111.0,153.0
2026-05-28T18:00:00Z,42.6,41.8,38.0,48.0
2026-05-28T19:00:00Z,1.5999999999999999,0.8,2.0,2.0
2026-05-28T20:00:00Z,0.16666666666666666,0.5,0.0,0.0
2026-05-28T21:00:00Z,0.0,0.0,0.0,0.0
2026-05-28T22:00:00Z,0.09999999999999999,0.3,0.0,0.0
2026-05-28T23:00:00Z,0.0,0.0,0.0,0.0
2026-05-29T00:00:00Z,0.0,0.0,0.0,0.0
2026-05-29T01:00:00Z,0.09999999999999999,0.3,0.0,0.0
2026-05-29T02:00:00Z,0.09999999999999999,0.3,0.0,0.0
2026-05-29T03:00:00Z,10.6,12.8,7.0,12.0
2026-05-29T04:00:00Z,40.5,48.5,40.0,33.0
2026-05-29T05:00:00Z,177.26666666666665,143.8,131.0,257.0
2026-05-29T06:00:00Z,185.83333333333334,88.5,304.0,165.0
2026-05-29T07:00:00Z,277.0,137.0,509.0,185.0
2026-05-29T08:00:00Z,628.0,541.0,674.0,669.0
2026-05-29T09:00:00Z,760.6,695.8,793.0,793.0
2026-05-29T10:00:00Z,832.3333333333334,776.0,865.0,856.0
2026-05-29T11:00:00Z,859.6,807.8,887.0,884.0
2026-05-29T12:00:00Z,826.6666666666666,775.0,851.0,854.0
2026-05-29T13:00:00Z,760.4333333333334,734.3,769.0,778.0
2026-05-29T14:00:00Z,641.6,619.8,652.0,653.0
2026-05-29T15:00:00Z,503.76666666666665,480.3,510.0,521.0
2026-05-29T16:00:00Z,353.76666666666665,341.3,355.0,365.0
2026-05-29T17:00:00Z,183.0,187.0,201.0,161.0
2026-05-29T18:00:00Z,61.833333333333336,59.5,74.0,52.0
2026-05-29T19:00:00Z,2.6666666666666665,2.0,4.0,2.0
2026-05-29T20:00:00Z,0.0,0.0,0.0,0.0
2026-05-29T21:00:00Z,0.09999999999999999,0.3,0.0,0.0
2026-05-29T22:00:00Z,0.0,0.0,0.0,0.0
2026-05-29T23:00:00Z,0.0,0.0,0.0,0.0
2026-05-30T00:00:00Z,0.0,0.0,0.0,0.0
2026-05-30T01:00:00Z,0.0,0.0,0.0,0.0
2026-05-30T02:00:00Z,0.0,0.0,0.0,0.0
2026-05-30T03:00:00Z,17.099999999999998,13.3,25.0,13.0
2026-05-30T04:00:00Z,95.60000000000001,80.8,121.0,85.0
2026-05-30T05:00:00Z,197.0,122.0,216.0,253.0
2026-05-30T06:00:00Z,238.0,40.0,296.0,378.0
2026-05-30T07:00:00Z,362.09999999999997,176.3,371.0,539.0
2026-05-30T08:00:00Z,369.09999999999997,266.3,469.0,372.0
2026-05-30T09:00:00Z,385.76666666666665,490.3,573.0,94.0
2026-05-30T10:00:00Z,520.8333333333334,691.5,623.0,248.0
2026-05-30T11:00:00Z,571.4333333333333,577.3,567.0,570.0
2026-05-30T12:00:00Z,497.5,408.5,450.0,634.0
2026-05-30T13:00:00Z,303.6666666666667,328.0,351.0,232.0
2026-05-30T14:00:00Z,335.76666666666665,211.3,310.0,486.0
2026-05-30T15:00:00Z,292.76666666666665,231.3,275.0,372.0
2026-05-30T16:00:00Z,232.5,198.5,203.0,296.0
2026-05-30T17:00:00Z,85.10000000000001,63.3,103.0,89.0
2026-05-30T18:00:00Z,26.5,25.5,29.0,25.0
2026-05-30T19:00:00Z,1.0999999999999999,1.3,1.0,1.0
2026-05-30T20:00:00Z,0.0,0.0,0.0,0.0
2026-05-30T21:00:00Z,0.0,0.0,0.0,0.0
2026-05-30T22:00:00Z,0.09999999999999999,0.3,0.0,0.0
2026-05-30T23:00:00Z,0.0,0.0,0.0,0.0
2026-05-31T00:00:00Z,0.0,0.0,0.0,0.0
2026-05-31T01:00:00Z,0.0,0.0,0.0,0.0
2026-05-31T02:00:00Z,0.0,0.0,0.0,0.0
2026-05-31T03:00:00Z,13.0,5.0,24.0,10.0
2026-05-31T04:00:00Z,73.83333333333333,17.5,116.0,88.0
2026-05-31T05:00:00Z,128.1,73.3,237.0,74.0
2026-05-31T06:00:00Z,341.8333333333333,267.5,386.0,372.0
2026-05-31T07:00:00Z,479.09999999999997,377.3,535.0,525.0
2026-05-31T08:00:00Z,591.5,415.5,647.0,712.0
2026-05-31T09:00:00Z,655.2666666666667,555.8,717.0,693.0
2026-05-31T10:00:00Z,650.4333333333333,767.3,757.0,427.0
2026-05-31T11:00:00Z,645.4333333333333,602.3,781.0,553.0
2026-05-31T12:00:00Z,628.9333333333333,654.8,771.0,461.0
2026-05-31T13:00:00Z,531.0,606.0,707.0,280.0
2026-05-31T14:00:00Z,479.43333333333334,606.3,588.0,244.0
2026-05-31T15:00:00Z,358.8333333333333,439.5,443.0,194.0
2026-05-31T16:00:00Z,252.33333333333334,261.0,301.0,195.0
2026-05-31T17:00:00Z,158.76666666666668,138.3,173.0,165.0
2026-05-31T18:00:00Z,53.833333333333336,32.5,68.0,61.0
2026-05-31T19:00:00Z,3.0,2.0,4.0,3.0
2026-05-31T20:00:00Z,0.09999999999999999,0.3,0.0,0.0
2026-05-31T21:00:00Z,0.0,0.0,0.0,0.0
2026-05-31T22:00:00Z,0.0,0.0,0.0,0.0
2026-05-31T23:00:00Z,0.0,0.0,0.0,0.0
2026-06-01T00:00:00Z,0.0,0.0,0.0,0.0
2026-06-01T01:00:00Z,0.0,0.0,0.0,0.0
2026-06-01T02:00:00Z,0.0,0.0,0.0,0.0
2026-06-01T03:00:00Z,17.5,14.5,23.0,15.0
2026-06-01T04:00:00Z,95.0,98.0,108.0,79.0
2026-06-01T05:00:00Z,199.76666666666665,215.3,208.0,176.0
2026-06-01T06:00:00Z,304.43333333333334,302.3,320.0,291.0
2026-06-01T07:00:00Z,412.8333333333333,444.5,429.0,365.0
2026-06-01T08:00:00Z,497.1666666666667,547.5,514.0,430.0
2026-06-01T09:00:00Z,579.7666666666667,635.3,573.0,531.0
2026-06-01T10:00:00Z,616.3333333333334,639.0,611.0,599.0
2026-06-01T11:00:00Z,659.0,581.0,636.0,760.0
2026-06-01T12:00:00Z,631.7666666666667,448.3,637.0,810.0
2026-06-01T13:00:00Z,613.1666666666666,475.5,599.0,765.0
2026-06-01T14:00:00Z,562.3333333333334,501.0,536.0,650.0
2026-06-01T15:00:00Z,440.1666666666667,367.5,443.0,510.0
2026-06-01T16:00:00Z,285.59999999999997,197.8,309.0,350.0
2026-06-01T17:00:00Z,111.10000000000001,42.3,154.0,137.0
2026-06-01T18:00:00Z,33.6,18.8,42.0,40.0
2026-06-01T19:00:00Z,1.3333333333333333,1.0,2.0,1.0
2026-06-01T20:00:00Z,0.0,0.0,0.0,0.0
2026-06-01T21:00:00Z,0.0,0.0,0.0,0.0
2026-06-01T22:00:00Z,0.09999999999999999,0.3,0.0,0.0
2026-06-01T23:00:00Z,0.0,0.0,0.0,0.0
2026-06-02T00:00:00Z,0.0,0.0,0.0,0.0
2026-06-02T01:00:00Z,0.0,0.0,0.0,0.0
2026-06-02T02:00:00Z,0.0,0.0,0.0,0.0
2026-06-02T03:00:00Z,14.933333333333332,11.8,22.0,11.0
2026-06-02T04:00:00Z,77.93333333333334,81.8,104.0,48.0
2026-06-02T05:00:00Z,193.6,156.8,217.0,207.0
2026-06-02T06:00:00Z,229.16666666666666,224.5,366.0,97.0
2026-06-02T07:00:00Z,314.1666666666667,313.5,518.0,111.0
2026-06-02T08:00:00Z,485.09999999999997,556.3,629.0,270.0
2026-06-02T09:00:00Z,604.9333333333333,625.8,694.0,495.0
2026-06-02T10:00:00Z,476.1666666666667,477.5,721.0,230.0
2026-06-02T11:00:00Z,594.9333333333333,391.8,706.0,687.0
2026-06-02T12:00:00Z,518.6,379.8,652.0,524.0
2026-06-02T13:00:00Z,573.5,361.5,585.0,774.0
2026-06-02T14:00:00Z,520.1666666666666,465.5,523.0,572.0
2026-06-02T15:00:00Z,434.8333333333333,341.5,446.0,517.0
2026-06-02T16:00:00Z,318.59999999999997,255.8,332.0,368.0
2026-06-02T17:00:00Z,165.16666666666666,100.5,193.0,202.0
2026-06-02T18:00:00Z,60.833333333333336,50.5,74.0,58.0
2026-06-02T19:00:00Z,3.6666666666666665,3.0,5.0,3.0
2026-06-02T20:00:00Z,0.0,0.0,0.0,0.0
2026-06-02T21:00:00Z,0.0,0.0,0.0,0.0
2026-06-02T22:00:00Z,0.0,0.0,0.0,0.0
2026-06-02T23:00:00Z,0.0,0.0,0.0,0.0
2026-06-03T00:00:00Z,0.0,0.0,0.0,0.0
2026-06-03T01:00:00Z,0.09999999999999999,0.3,0.0,0.0
2026-06-03T02:00:00Z,0.0,0.0,0.0,0.0
2026-06-03T03:00:00Z,18.5,15.5,24.0,16.0
2026-06-03T04:00:00Z,92.10000000000001,89.3,103.0,84.0
2026-06-03T05:00:00Z,173.4333333333333,202.3,182.0,136.0
2026-06-03T06:00:00Z,222.5,238.5,249.0,180.0
2026-06-03T07:00:00Z,287.76666666666665,291.3,310.0,262.0
2026-06-03T08:00:00Z,357.6666666666667,275.0,378.0,420.0
2026-06-03T09:00:00Z,371.3333333333333,305.0,444.0,365.0
2026-06-03T10:00:00Z,375.1666666666667,385.5,475.0,265.0
2026-06-03T11:00:00Z,357.76666666666665,337.3,441.0,295.0
2026-06-03T12:00:00Z,320.43333333333334,263.3,368.0,330.0
2026-06-03T13:00:00Z,269.0,127.0,299.0,381.0
2026-06-03T14:00:00Z,175.26666666666665,187.8,254.0,84.0
2026-06-03T15:00:00Z,156.6,106.8,211.0,152.0
2026-06-03T16:00:00Z,114.60000000000001,94.8,157.0,92.0
2026-06-03T17:00:00Z,81.93333333333334,85.8,94.0,66.0
2026-06-03T18:00:00Z,32.266666666666666,29.8,39.0,28.0
2026-06-03T19:00:00Z,2.3333333333333335,2.0,3.0,2.0
2026-06-03T20:00:00Z,0.09999999999999999,0.3,0.0,0.0
2026-06-03T21:00:00Z,0.0,0.0,0.0,0.0
2026-06-03T22:00:00Z,0.09999999999999999,0.3,0.0,0.0
2026-06-03T23:00:00Z,0.0,0.0,0.0,0.0
2026-06-04T00:00:00Z,0.0,0.0,0.0,0.0
2026-06-04T01:00:00Z,0.09999999999999999,0.3,0.0,0.0
2026-06-04T02:00:00Z,0.0,0.0,0.0,0.0
2026-06-04T03:00:00Z,19.166666666666668,16.5,25.0,16.0
2026-06-04T04:00:00Z,106.76666666666667,112.3,111.0,97.0
2026-06-04T05:00:00Z,223.4333333333333,241.3,212.0,217.0
2026-06-04T06:00:00Z,335.5,296.5,326.0,384.0
2026-06-04T07:00:00Z,439.26666666666665,390.8,444.0,483.0
2026-06-04T08:00:00Z,501.8333333333333,543.5,565.0,397.0
2026-06-04T09:00:00Z,572.3333333333334,611.0,674.0,432.0
2026-06-04T10:00:00Z,529.0,514.0,732.0,341.0
2026-06-04T11:00:00Z,538.7666666666667,528.3,699.0,389.0
2026-06-04T12:00:00Z,472.93333333333334,584.8,607.0,227.0
2026-06-04T13:00:00Z,373.09999999999997,435.3,517.0,167.0
2026-06-04T14:00:00Z,296.26666666666665,238.8,462.0,188.0
2026-06-04T15:00:00Z,254.26666666666665,262.8,403.0,97.0
2026-06-04T16:00:00Z,227.5,286.5,307.0,89.0
2026-06-04T17:00:00Z,155.1,169.3,183.0,113.0
2026-06-04T18:00:00Z,54.6,28.8,74.0,61.0
2026-06-04T19:00:00Z,3.8333333333333335,1.5,6.0,4.0
2026-06-04T20:00:00Z,0.09999999999999999,0.3,0.0,0.0
2026-06-04T21:00:00Z,0.0,0.0,0.0,0.0
2026-06-04T22:00:00Z,0.0,0.0,0.0,0.0
2026-06-04T23:00:00Z,0.0,0.0,0.0,0.0
2026-06-05T00:00:00Z,0.0,0.0,0.0,0.0
2026-06-05T01:00:00Z,0.0,0.0,0.0,0.0
2026-06-05T02:00:00Z,0.0,0.0,0.0,0.0
2026-06-05T03:00:00Z,23.266666666666666,19.8,31.0,19.0
2026-06-05T04:00:00Z,124.43333333333334,114.3,135.0,124.0
2026-06-05T05:00:00Z,263.43333333333334,252.3,263.0,275.0
2026-06-05T06:00:00Z,417.76666666666665,412.3,410.0,431.0
2026-06-05T07:00:00Z,547.7666666666667,538.3,550.0,555.0
2026-06-05T08:00:00Z,626.9333333333333,603.8,648.0,629.0
2026-06-05T09:00:00Z,679.7666666666667,621.3,697.0,721.0
2026-06-05T10:00:00Z,693.1,701.3,705.0,673.0
2026-06-05T11:00:00Z,528.8333333333334,516.5,669.0,401.0
2026-06-05T12:00:00Z,443.8333333333333,457.5,597.0,277.0
2026-06-05T13:00:00Z,387.76666666666665,421.3,524.0,218.0
2026-06-05T14:00:00Z,400.6666666666667,367.0,481.0,354.0
2026-06-05T15:00:00Z,335.3333333333333,183.0,428.0,395.0
2026-06-05T16:00:00Z,162.66666666666666,147.0,319.0,22.0
2026-06-05T17:00:00Z,147.1,53.3,170.0,218.0
2026-06-05T18:00:00Z,48.6,30.8,54.0,61.0
2026-06-05T19:00:00Z,1.6666666666666667,2.0,3.0,0.0
2026-06-05T20:00:00Z,0.0,0.0,0.0,0.0
2026-06-05T21:00:00Z,0.0,0.0,0.0,0.0
2026-06-05T22:00:00Z,0.0,0.0,0.0,0.0
2026-06-05T23:00:00Z,0.09999999999999999,0.3,0.0,0.0
2026-06-06T00:00:00Z,0.0,0.0,0.0,0.0
2026-06-06T01:00:00Z,0.0,0.0,0.0,0.0
2026-06-06T02:00:00Z,0.16666666666666666,0.5,0.0,0.0
2026-06-06T03:00:00Z,19.766666666666666,9.3,31.0,19.0
2026-06-06T04:00:00Z,85.83333333333333,81.5,126.0,50.0
2026-06-06T05:00:00Z,226.66666666666666,193.0,209.0,278.0
2026-06-06T06:00:00Z,321.09999999999997,397.3,263.0,303.0
2026-06-06T07:00:00Z,441.3333333333333,449.0,290.0,585.0
2026-06-06T08:00:00Z,468.1666666666667,574.5,292.0,538.0
2026-06-06T09:00:00Z,379.93333333333334,715.8,272.0,152.0
2026-06-06T10:00:00Z,308.0,506.0,261.0,157.0
2026-06-06T11:00:00Z,254.66666666666666,353.0,285.0,126.0
2026-06-06T12:00:00Z,382.0,292.0,326.0,528.0
2026-06-06T13:00:00Z,450.6666666666667,249.0,345.0,758.0
2026-06-06T14:00:00Z,424.0,316.0,331.0,625.0
2026-06-06T15:00:00Z,273.26666666666665,337.8,294.0,188.0
2026-06-06T16:00:00Z,301.8333333333333,297.5,233.0,375.0
2026-06-06T17:00:00Z,186.33333333333334,186.0,156.0,217.0
2026-06-06T18:00:00Z,66.5,56.5,73.0,70.0
2026-06-06T19:00:00Z,5.433333333333334,4.3,7.0,5.0
2026-06-06T20:00:00Z,0.0,0.0,0.0,0.0
2026-06-06T21:00:00Z,0.0,0.0,0.0,0.0
2026-06-06T22:00:00Z,0.0,0.0,0.0,0.0
2026-06-06T23:00:00Z,0.0,0.0,0.0,0.0
2026-06-07T00:00:00Z,0.09999999999999999,0.3,0.0,0.0
2026-06-07T01:00:00Z,0.09999999999999999,0.3,0.0,0.0
2026-06-07T02:00:00Z,0.0,0.0,0.0,0.0
2026-06-07T03:00:00Z,22.099999999999998,19.3,30.0,17.0
2026-06-07T04:00:00Z,104.16666666666667,102.5,127.0,83.0
2026-06-07T05:00:00Z,202.6,176.8,245.0,186.0
2026-06-07T06:00:00Z,375.09999999999997,384.3,384.0,357.0
2026-06-07T07:00:00Z,506.5,537.5,527.0,455.0
2026-06-07T08:00:00Z,619.9333333333333,616.8,668.0,575.0
2026-06-07T09:00:00Z,739.6,763.8,789.0,666.0
2026-06-07T10:00:00Z,807.8333333333334,797.5,833.0,793.0
2026-06-07T11:00:00Z,729.4333333333334,780.3,748.0,660.0
2026-06-07T12:00:00Z,534.6,536.8,582.0,485.0
2026-06-07T13:00:00Z,423.0,424.0,427.0,418.0
2026-06-07T14:00:00Z,405.93333333333334,394.8,317.0,506.0
2026-06-07T15:00:00Z,197.0,202.0,228.0,161.0
2026-06-07T16:00:00Z,128.16666666666666,157.5,158.0,69.0
2026-06-07T17:00:00Z,61.76666666666667,66.3,103.0,16.0
2026-06-07T18:00:00Z,38.43333333333333,37.3,52.0,26.0
2026-06-07T19:00:00Z,4.666666666666667,4.0,6.0,4.0
2026-06-07T20:00:00Z,0.09999999999999999,0.3,0.0,0.0
2026-06-07T21:00:00Z,0.0,0.0,0.0,0.0
2026-06-07T22:00:00Z,0.0,0.0,0.0,0.0
2026-06-07T23:00:00Z,0.0,0.0,0.0,0.0
2026-06-08T00:00:00Z,0.0,0.0,0.0,0.0
2026-06-08T01:00:00Z,0.0,0.0,0.0,0.0
2026-06-08T02:00:00Z,0.09999999999999999,0.3,0.0,0.0
2026-06-08T03:00:00Z,13.1,11.3,19.0,9.0
2026-06-08T04:00:00Z,55.333333333333336,75.0,81.0,10.0
2026-06-08T05:00:00Z,146.66666666666666,153.0,172.0,115.0
2026-06-08T06:00:00Z,241.9333333333333,251.8,298.0,176.0
2026-06-08T07:00:00Z,372.1666666666667,392.5,439.0,285.0
2026-06-08T08:00:00Z,489.26666666666665,433.8,571.0,463.0
2026-06-08T09:00:00Z,553.6,553.8,684.0,423.0
2026-06-08T10:00:00Z,752.5,687.5,762.0,808.0
2026-06-08T11:00:00Z,766.6,676.8,793.0,830.0
2026-06-08T12:00:00Z,687.3333333333334,627.0,773.0,662.0
2026-06-08T13:00:00Z,597.4333333333333,593.3,707.0,492.0
2026-06-08T14:00:00Z,522.9333333333333,349.8,600.0,619.0
2026-06-08T15:00:00Z,468.5,433.5,467.0,505.0
2026-06-08T16:00:00Z,343.09999999999997,347.3,328.0,354.0
2026-06-08T17:00:00Z,206.9333333333333,196.8,194.0,230.0
2026-06-08T18:00:00Z,78.76666666666667,76.3,81.0,79.0
2026-06-08T19:00:00Z,6.266666666666667,5.8,8.0,5.0
2026-06-08T20:00:00Z,0.0,0.0,0.0,0.0
2026-06-08T21:00:00Z,0.0,0.0,0.0,0.0
2026-06-08T22:00:00Z,0.09999999999999999,0.3,0.0,0.0
2026-06-08T23:00:00Z,0.0,0.0,0.0,0.0
2026-06-09T00:00:00Z,0.0,0.0,0.0,0.0
2026-06-09T01:00:00Z,0.0,0.0,0.0,0.0
2026-06-09T02:00:00Z,0.09999999999999999,0.3,0.0,0.0
2026-06-09T03:00:00Z,18.666666666666668,15.0,27.0,14.0
2026-06-09T04:00:00Z,84.16666666666667,72.5,111.0,69.0
2026-06-09T05:00:00Z,181.16666666666666,172.5,218.0,153.0
2026-06-09T06:00:00Z,311.59999999999997,308.8,349.0,277.0
2026-06-09T07:00:00Z,469.93333333333334,446.8,484.0,479.0
2026-06-09T08:00:00Z,570.5,534.5,596.0,581.0
2026-06-09T09:00:00Z,683.1,660.3,679.0,710.0
2026-06-09T10:00:00Z,699.2666666666668,626.8,725.0,746.0
2026-06-09T11:00:00Z,695.4333333333334,650.3,733.0,703.0
2026-06-09T12:00:00Z,700.1,685.3,699.0,716.0
2026-06-09T13:00:00Z,562.5,647.5,616.0,424.0
2026-06-09T14:00:00Z,559.1,599.3,486.0,592.0
2026-06-09T15:00:00Z,385.5,451.5,340.0,365.0
2026-06-09T16:00:00Z,206.5,214.5,211.0,194.0
2026-06-09T17:00:00Z,108.10000000000001,117.3,108.0,99.0
2026-06-09T18:00:00Z,41.1,28.3,37.0,58.0
2026-06-09T19:00:00Z,3.766666666666667,3.3,3.0,5.0
2026-06-09T20:00:00Z,0.0,0.0,0.0,0.0
2026-06-09T21:00:00Z,0.0,0.0,0.0,0.0
2026-06-09T22:00:00Z,0.0,0.0,0.0,0.0
2026-06-09T23:00:00Z,0.0,0.0,0.0,0.0
2026-06-10T00:00:00Z,0.0,0.0,0.0,0.0
2026-06-10T01:00:00Z,0.0,0.0,0.0,0.0
2026-06-10T02:00:00Z,0.0,0.0,0.0,0.0
2026-06-10T03:00:00Z,17.333333333333332,16.0,25.0,11.0
2026-06-10T04:00:00Z,89.93333333333334,90.8,98.0,81.0
2026-06-10T05:00:00Z,196.0,194.0,165.0,229.0
2026-06-10T06:00:00Z,299.43333333333334,315.3,213.0,370.0
2026-06-10T07:00:00Z,382.8333333333333,379.5,259.0,510.0
2026-06-10T08:00:00Z,490.5,430.5,324.0,717.0
2026-06-10T09:00:00Z,484.1666666666667,378.5,403.0,671.0
2026-06-10T10:00:00Z,506.8333333333333,596.5,481.0,443.0
2026-06-10T11:00:00Z,639.4333333333333,494.3,560.0,864.0
2026-06-10T12:00:00Z,615.3333333333334,473.0,622.0,751.0
2026-06-10T13:00:00Z,665.0,626.0,623.0,746.0
2026-06-10T14:00:00Z,523.4333333333333,374.3,551.0,645.0
2026-06-10T15:00:00Z,437.59999999999997,414.8,438.0,460.0
2026-06-10T16:00:00Z,269.26666666666665,231.8,310.0,266.0
2026-06-10T17:00:00Z,148.66666666666666,134.0,181.0,131.0
2026-06-10T18:00:00Z,59.166666666666664,41.5,74.0,62.0
2026-06-10T19:00:00Z,5.766666666666667,4.3,8.0,5.0
2026-06-10T20:00:00Z,0.16666666666666666,0.5,0.0,0.0
2026-06-10T21:00:00Z,0.0,0.0,0.0,0.0
2026-06-10T22:00:00Z,0.09999999999999999,0.3,0.0,0.0
2026-06-10T23:00:00Z,0.0,0.0,0.0,0.0
2026-06-11T00:00:00Z,0.09999999999999999,0.3,0.0,0.0
2026-06-11T01:00:00Z,0.0,0.0,0.0,0.0
2026-06-11T02:00:00Z,0.0,0.0,0.0,0.0
2026-06-11T03:00:00Z,4.766666666666667,6.3,7.0,1.0
2026-06-11T04:00:00Z,19.0,22.0,30.0,5.0
2026-06-11T05:00:00Z,41.6,38.8,70.0,16.0
2026-06-11T06:00:00Z,58.333333333333336,20.0,130.0,25.0
2026-06-11T07:00:00Z,82.10000000000001,39.3,193.0,14.0
2026-06-11T08:00:00Z,115.66666666666667,99.0,223.0,25.0
2026-06-11T09:00:00Z,171.4333333333333,241.3,228.0,45.0
2026-06-11T10:00:00Z,159.26666666666668,142.8,261.0,74.0
2026-06-11T11:00:00Z,283.8333333333333,205.5,376.0,270.0
2026-06-11T12:00:00Z,283.1666666666667,307.5,513.0,29.0
2026-06-11T13:00:00Z,355.0,361.0,560.0,144.0
2026-06-11T14:00:00Z,304.76666666666665,281.3,485.0,148.0
2026-06-11T15:00:00Z,293.76666666666665,111.3,356.0,414.0
2026-06-11T16:00:00Z,160.6,59.8,226.0,196.0
2026-06-11T17:00:00Z,89.66666666666667,22.0,112.0,135.0
2026-06-11T18:00:00Z,28.933333333333334,17.8,33.0,36.0
2026-06-11T19:00:00Z,2.6,0.8,2.0,5.0
2026-06-11T20:00:00Z,0.0,0.0,0.0,0.0
2026-06-11T21:00:00Z,0.0,0.0,0.0,0.0
2026-06-11T22:00:00Z,0.0,0.0,0.0,0.0
2026-06-11T23:00:00Z,0.09999999999999999,0.3,0.0,0.0
2026-06-12T00:00:00Z,0.0,0.0,0.0,0.0
2026-06-12T01:00:00Z,0.0,0.0,0.0,0.0
2026-06-12T02:00:00Z,0.0,0.0,0.0,0.0
2026-06-12T03:00:00Z,9.833333333333334,15.5,12.0,2.0
2026-06-12T04:00:00Z,46.6,72.8,54.0,13.0
2026-06-12T05:00:00Z,123.0,189.0,133.0,47.0
2026-06-12T06:00:00Z,200.4333333333333,275.3,263.0,63.0
2026-06-12T07:00:00Z,378.93333333333334,323.8,414.0,399.0
2026-06-12T08:00:00Z,480.0,263.0,549.0,628.0
2026-06-12T09:00:00Z,580.3333333333334,496.0,660.0,585.0
2026-06-12T10:00:00Z,583.5,649.5,734.0,367.0
2026-06-12T11:00:00Z,674.3333333333334,628.0,756.0,639.0
2026-06-12T12:00:00Z,736.9333333333334,708.8,728.0,774.0
2026-06-12T13:00:00Z,621.6,407.8,661.0,796.0
2026-06-12T14:00:00Z,554.3333333333334,403.0,569.0,691.0
2026-06-12T15:00:00Z,439.43333333333334,315.3,453.0,550.0
2026-06-12T16:00:00Z,317.59999999999997,238.8,321.0,393.0
2026-06-12T17:00:00Z,195.76666666666665,169.3,184.0,234.0
2026-06-12T18:00:00Z,75.0,63.0,73.0,89.0
2026-06-12T19:00:00Z,7.1000000000000005,6.3,8.0,7.0
2026-06-12T20:00:00Z,0.09999999999999999,0.3,0.0,0.0
2026-06-12T21:00:00Z,0.09999999999999999,0.3,0.0,0.0
2026-06-12T22:00:00Z,0.0,0.0,0.0,0.0
2026-06-12T23:00:00Z,0.0,0.0,0.0,0.0
2026-06-13T00:00:00Z,0.0,0.0,0.0,0.0
2026-06-13T01:00:00Z,0.0,0.0,0.0,0.0
2026-06-13T02:00:00Z,0.09999999999999999,0.3,0.0,0.0
2026-06-13T03:00:00Z,9.6,7.8,18.0,3.0
2026-06-13T04:00:00Z,63.1,90.3,77.0,22.0
2026-06-13T05:00:00Z,138.6,173.8,167.0,75.0
2026-06-13T06:00:00Z,309.0,195.0,299.0,433.0
2026-06-13T07:00:00Z,410.6666666666667,206.0,438.0,588.0
2026-06-13T08:00:00Z,548.3333333333334,391.0,533.0,721.0
2026-06-13T09:00:00Z,535.8333333333334,208.5,584.0,815.0
2026-06-13T10:00:00Z,558.1666666666666,275.5,620.0,779.0
2026-06-13T11:00:00Z,698.5,533.5,668.0,894.0
2026-06-13T12:00:00Z,659.8333333333334,424.5,698.0,857.0
2026-06-13T13:00:00Z,539.9333333333333,412.8,667.0,540.0
2026-06-13T14:00:00Z,547.5,402.5,565.0,675.0
2026-06-13T15:00:00Z,407.5,249.5,429.0,544.0
2026-06-13T16:00:00Z,323.8333333333333,286.5,296.0,389.0
2026-06-13T17:00:00Z,168.16666666666666,196.5,176.0,132.0
2026-06-13T18:00:00Z,77.33333333333333,66.0,76.0,90.0
2026-06-13T19:00:00Z,7.666666666666667,7.0,9.0,7.0
2026-06-13T20:00:00Z,0.0,0.0,0.0,0.0
2026-06-13T21:00:00Z,0.09999999999999999,0.3,0.0,0.0
2026-06-13T22:00:00Z,0.0,0.0,0.0,0.0
2026-06-13T23:00:00Z,0.0,0.0,0.0,0.0
2026-06-14T00:00:00Z,0.0,0.0,0.0,0.0
2026-06-14T01:00:00Z,0.0,0.0,0.0,0.0
2026-06-14T02:00:00Z,0.0,0.0,0.0,0.0
2026-06-14T03:00:00Z,10.166666666666666,14.5,7.0,9.0
2026-06-14T04:00:00Z,41.333333333333336,58.0,29.0,37.0
2026-06-14T05:00:00Z,68.83333333333333,96.5,73.0,37.0
2026-06-14T06:00:00Z,98.33333333333333,87.0,144.0,64.0
2026-06-14T07:00:00Z,143.16666666666666,64.5,228.0,137.0
2026-06-14T08:00:00Z,192.66666666666666,85.0,299.0,194.0
2026-06-14T09:00:00Z,376.1666666666667,301.5,358.0,469.0
2026-06-14T10:00:00Z,262.59999999999997,227.8,415.0,145.0
2026-06-14T11:00:00Z,422.26666666666665,244.8,483.0,539.0
2026-06-14T12:00:00Z,367.59999999999997,263.8,539.0,300.0
2026-06-14T13:00:00Z,557.6,533.8,547.0,592.0
2026-06-14T14:00:00Z,530.2666666666667,477.8,498.0,615.0
2026-06-14T15:00:00Z,332.0,384.0,414.0,198.0
2026-06-14T16:00:00Z,282.93333333333334,334.8,308.0,206.0
2026-06-14T17:00:00Z,206.66666666666666,212.0,193.0,215.0
2026-06-14T18:00:00Z,81.60000000000001,79.8,87.0,78.0
2026-06-14T19:00:00Z,8.333333333333334,7.0,11.0,7.0
2026-06-14T20:00:00Z,0.0,0.0,0.0,0.0
2026-06-14T21:00:00Z,0.0,0.0,0.0,0.0
2026-06-14T22:00:00Z,0.0,0.0,0.0,0.0
2026-06-14T23:00:00Z,0.09999999999999999,0.3,0.0,0.0
2026-06-15T00:00:00Z,0.0,0.0,0.0,0.0
2026-06-15T01:00:00Z,0.0,0.0,0.0,0.0
2026-06-15T02:00:00Z,0.09999999999999999,0.3,0.0,0.0
2026-06-15T03:00:00Z,17.266666666666666,12.8,24.0,15.0
2026-06-15T04:00:00Z,59.26666666666667,70.8,93.0,14.0
2026-06-15T05:00:00Z,102.43333333333334,115.3,171.0,21.0
2026-06-15T06:00:00Z,160.16666666666666,188.5,253.0,39.0
2026-06-15T07:00:00Z,251.26666666666665,302.8,325.0,126.0
2026-06-15T08:00:00Z,297.1666666666667,454.5,371.0,66.0
2026-06-15T09:00:00Z,364.6666666666667,471.0,391.0,232.0
2026-06-15T10:00:00Z,434.3333333333333,446.0,393.0,464.0
2026-06-15T11:00:00Z,442.93333333333334,311.8,375.0,642.0
2026-06-15T12:00:00Z,490.8333333333333,354.5,345.0,773.0
2026-06-15T13:00:00Z,494.5,465.5,325.0,693.0
2026-06-15T14:00:00Z,465.0,395.0,335.0,665.0
2026-06-15T15:00:00Z,380.6666666666667,279.0,335.0,528.0
2026-06-15T16:00:00Z,269.6666666666667,149.0,282.0,378.0
2026-06-15T17:00:00Z,167.16666666666666,92.5,184.0,225.0
2026-06-15T18:00:00Z,75.76666666666667,55.3,84.0,88.0
2026-06-15T19:00:00Z,7.166666666666667,3.5,11.0,7.0
2026-06-15T20:00:00Z,0.0,0.0,0.0,0.0
2026-06-15T21:00:00Z,0.0,0.0,0.0,0.0
2026-06-15T22:00:00Z,0.0,0.0,0.0,0.0
2026-06-15T23:00:00Z,0.0,0.0,0.0,0.0
2026-06-16T00:00:00Z,0.0,0.0,0.0,0.0
2026-06-16T01:00:00Z,0.0,0.0,0.0,0.0
2026-06-16T02:00:00Z,0.0,0.0,0.0,0.0
2026-06-16T03:00:00Z,18.5,12.5,26.0,17.0
2026-06-16T04:00:00Z,90.66666666666667,51.0,104.0,117.0
2026-06-16T05:00:00Z,198.9333333333333,137.8,207.0,252.0
2026-06-16T06:00:00Z,305.93333333333334,199.8,335.0,383.0
2026-06-16T07:00:00Z,445.76666666666665,367.3,459.0,511.0
2026-06-16T08:00:00Z,500.1666666666667,459.5,535.0,506.0
2026-06-16T09:00:00Z,500.09999999999997,387.3,563.0,550.0
2026-06-16T10:00:00Z,605.8333333333334,400.5,567.0,850.0
2026-06-16T11:00:00Z,390.09999999999997,446.3,573.0,151.0
2026-06-16T12:00:00Z,404.5,312.5,561.0,340.0
2026-06-16T13:00:00Z,292.5,181.5,502.0,194.0
2026-06-16T14:00:00Z,384.3333333333333,153.0,384.0,616.0
2026-06-16T15:00:00Z,178.5,92.5,255.0,188.0
2026-06-16T16:00:00Z,155.26666666666668,79.8,161.0,225.0
2026-06-16T17:00:00Z,116.33333333333333,120.0,106.0,123.0
2026-06-16T18:00:00Z,68.16666666666667,61.5,57.0,86.0
2026-06-16T19:00:00Z,7.166666666666667,6.5,8.0,7.0
2026-06-16T20:00:00Z,0.09999999999999999,0.3,0.0,0.0
2026-06-16T21:00:00Z,0.0,0.0,0.0,0.0
2026-06-16T22:00:00Z,0.0,0.0,0.0,0.0
2026-06-16T23:00:00Z,0.0,0.0,0.0,0.0
2026-06-17T00:00:00Z,0.09999999999999999,0.3,0.0,0.0
2026-06-17T01:00:00Z,0.0,0.0,0.0,0.0
2026-06-17T02:00:00Z,0.0,0.0,0.0,0.0
2026-06-17T03:00:00Z,19.666666666666668,20.0,19.0,20.0
2026-06-17T04:00:00Z,101.83333333333333,101.5,83.0,121.0
2026-06-17T05:00:00Z,231.16666666666666,235.5,192.0,266.0
2026-06-17T06:00:00Z,392.26666666666665,392.8,364.0,420.0
2026-06-17T07:00:00Z,553.1666666666666,541.5,548.0,570.0
2026-06-17T08:00:00Z,682.6666666666666,670.0,679.0,699.0
2026-06-17T09:00:00Z,769.3333333333334,764.0,754.0,790.0
2026-06-17T10:00:00Z,817.8333333333334,809.5,791.0,853.0
2026-06-17T11:00:00Z,825.6666666666666,810.0,799.0,868.0
2026-06-17T12:00:00Z,625.3333333333334,634.0,768.0,474.0
2026-06-17T13:00:00Z,497.8333333333333,625.5,702.0,166.0
2026-06-17T14:00:00Z,457.1666666666667,578.5,609.0,184.0
2026-06-17T15:00:00Z,500.09999999999997,485.3,494.0,521.0
2026-06-17T16:00:00Z,360.8333333333333,347.5,358.0,377.0
2026-06-17T17:00:00Z,214.26666666666665,202.8,214.0,226.0
2026-06-17T18:00:00Z,87.33333333333333,81.0,92.0,89.0
2026-06-17T19:00:00Z,8.933333333333334,7.8,11.0,8.0
2026-06-17T20:00:00Z,0.0,0.0,0.0,0.0
2026-06-17T21:00:00Z,0.09999999999999999,0.3,0.0,0.0
2026-06-17T22:00:00Z,0.09999999999999999,0.3,0.0,0.0
2026-06-17T23:00:00Z,0.0,0.0,0.0,0.0
2026-06-18T00:00:00Z,0.0,0.0,0.0,0.0
2026-06-18T01:00:00Z,0.0,0.0,0.0,0.0
2026-06-18T02:00:00Z,0.09999999999999999,0.3,0.0,0.0
2026-06-18T03:00:00Z,24.166666666666668,20.5,33.0,19.0
2026-06-18T04:00:00Z,111.93333333333334,106.8,134.0,95.0
2026-06-18T05:00:00Z,255.83333333333334,238.5,260.0,269.0
2026-06-18T06:00:00Z,369.93333333333334,274.8,413.0,422.0
2026-06-18T07:00:00Z,444.43333333333334,255.3,568.0,510.0
2026-06-18T08:00:00Z,578.3333333333334,370.0,696.0,669.0
2026-06-18T09:00:00Z,781.6666666666666,766.0,789.0,790.0
2026-06-18T10:00:00Z,831.6666666666666,808.0,837.0,850.0
2026-06-18T11:00:00Z,849.6,844.8,838.0,866.0
2026-06-18T12:00:00Z,815.8333333333334,819.5,791.0,837.0
2026-06-18T13:00:00Z,716.7666666666668,685.3,699.0,766.0
2026-06-18T14:00:00Z,602.2666666666667,579.8,568.0,659.0
2026-06-18T15:00:00Z,462.5,441.5,420.0,526.0
2026-06-18T16:00:00Z,296.26666666666665,243.8,285.0,360.0
2026-06-18T17:00:00Z,135.1,151.3,169.0,85.0
2026-06-18T18:00:00Z,73.43333333333334,70.3,75.0,75.0
2026-06-18T19:00:00Z,8.166666666666666,7.5,10.0,7.0
2026-06-18T20:00:00Z,0.0,0.0,0.0,0.0
2026-06-18T21:00:00Z,0.09999999999999999,0.3,0.0,0.0
2026-06-18T22:00:00Z,0.0,0.0,0.0,0.0
2026-06-18T23:00:00Z,0.0,0.0,0.0,0.0
2026-06-19T00:00:00Z,0.0,0.0,0.0,0.0
2026-06-19T01:00:00Z,0.0,0.0,0.0,0.0
2026-06-19T02:00:00Z,0.0,0.0,0.0,0.0
2026-06-19T03:00:00Z,20.833333333333332,13.5,29.0,20.0
2026-06-19T04:00:00Z,87.0,54.0,116.0,91.0
2026-06-19T05:00:00Z,160.83333333333334,110.5,225.0,147.0
2026-06-19T06:00:00Z,228.26666666666665,239.8,356.0,89.0
2026-06-19T07:00:00Z,347.6666666666667,219.0,487.0,337.0
2026-06-19T08:00:00Z,419.6666666666667,279.0,591.0,389.0
2026-06-19T09:00:00Z,537.7666666666667,479.3,663.0,471.0
2026-06-19T10:00:00Z,670.7666666666667,604.3,712.0,696.0
2026-06-19T11:00:00Z,781.5,746.5,752.0,846.0
2026-06-19T12:00:00Z,809.1,819.3,764.0,844.0
2026-06-19T13:00:00Z,748.2666666666668,751.8,719.0,774.0
2026-06-19T14:00:00Z,635.2666666666667,625.8,612.0,668.0
2026-06-19T15:00:00Z,486.76666666666665,451.3,474.0,535.0
2026-06-19T16:00:00Z,308.0,208.0,334.0,382.0
2026-06-19T17:00:00Z,198.16666666666666,165.5,203.0,226.0
2026-06-19T18:00:00Z,86.83333333333333,80.5,91.0,89.0
2026-06-19T19:00:00Z,9.266666666666667,7.8,12.0,8.0
2026-06-19T20:00:00Z,0.09999999999999999,0.3,0.0,0.0
2026-06-19T21:00:00Z,0.0,0.0,0.0,0.0
2026-06-19T22:00:00Z,0.0,0.0,0.0,0.0
2026-06-19T23:00:00Z,0.0,0.0,0.0,0.0
2026-06-20T00:00:00Z,0.0,0.0,0.0,0.0
2026-06-20T01:00:00Z,0.09999999999999999,0.3,0.0,0.0
2026-06-20T02:00:00Z,0.0,0.0,0.0,0.0
2026-06-20T03:00:00Z,19.599999999999998,19.8,32.0,7.0
2026-06-20T04:00:00Z,95.26666666666667,101.8,131.0,53.0
2026-06-20T05:00:00Z,190.33333333333334,216.0,257.0,98.0
2026-06-20T06:00:00Z,296.93333333333334,310.8,412.0,168.0
2026-06-20T07:00:00Z,369.6666666666667,357.0,563.0,189.0
2026-06-20T08:00:00Z,408.26666666666665,418.8,669.0,137.0
2026-06-20T09:00:00Z,484.5,590.5,723.0,140.0
2026-06-20T10:00:00Z,695.2666666666668,504.8,734.0,847.0
2026-06-20T11:00:00Z,631.8333333333334,379.5,700.0,816.0
2026-06-20T12:00:00Z,677.9333333333333,564.8,628.0,841.0
2026-06-20T13:00:00Z,674.8333333333334,706.5,547.0,771.0
2026-06-20T14:00:00Z,590.2666666666667,630.8,477.0,663.0
2026-06-20T15:00:00Z,453.1666666666667,431.5,400.0,528.0
2026-06-20T16:00:00Z,308.6666666666667,260.0,296.0,370.0
2026-06-20T17:00:00Z,130.1,165.3,174.0,51.0
2026-06-20T18:00:00Z,63.26666666666667,68.8,71.0,50.0
2026-06-20T19:00:00Z,8.1,7.3,9.0,8.0
2026-06-20T20:00:00Z,0.0,0.0,0.0,0.0
2026-06-20T21:00:00Z,0.0,0.0,0.0,0.0
2026-06-20T22:00:00Z,0.0,0.0,0.0,0.0
2026-06-20T23:00:00Z,0.0,0.0,0.0,0.0
2026-06-21T00:00:00Z,0.09999999999999999,0.3,0.0,0.0
2026-06-21T01:00:00Z,0.0,0.0,0.0,0.0
2026-06-21T02:00:00Z,0.0,0.0,0.0,0.0
2026-06-21T03:00:00Z,19.433333333333334,12.3,31.0,15.0
2026-06-21T04:00:00Z,85.60000000000001,67.8,128.0,61.0
2026-06-21T05:00:00Z,215.33333333333334,138.0,247.0,261.0
2026-06-21T06:00:00Z,353.93333333333334,262.8,388.0,411.0
2026-06-21T07:00:00Z,419.3333333333333,397.0,531.0,330.0
2026-06-21T08:00:00Z,449.76666666666665,479.3,651.0,219.0
2026-06-21T09:00:00Z,524.4333333333333,505.3,740.0,328.0
2026-06-21T10:00:00Z,582.6666666666666,632.0,794.0,322.0
2026-06-21T11:00:00Z,561.5,618.5,808.0,258.0
2026-06-21T12:00:00Z,582.6666666666666,721.0,781.0,246.0
2026-06-21T13:00:00Z,554.2666666666667,664.8,713.0,285.0
2026-06-21T14:00:00Z,612.5,569.5,614.0,654.0
2026-06-21T15:00:00Z,470.8333333333333,399.5,491.0,522.0
2026-06-21T16:00:00Z,349.43333333333334,324.3,351.0,373.0
2026-06-21T17:00:00Z,210.4333333333333,200.3,207.0,224.0
2026-06-21T18:00:00Z,77.10000000000001,70.3,87.0,74.0
2026-06-21T19:00:00Z,9.0,8.0,11.0,8.0
2026-06-21T20:00:00Z,0.0,0.0,0.0,0.0
2026-06-21T21:00:00Z,0.09999999999999999,0.3,0.0,0.0
2026-06-21T22:00:00Z,0.0,0.0,0.0,0.0
2026-06-21T23:00:00Z,0.0,0.0,0.0,0.0
2026-06-22T00:00:00Z,0.0,0.0,0.0,0.0
2026-06-22T01:00:00Z,0.09999999999999999,0.3,0.0,0.0
2026-06-22T02:00:00Z,0.09999999999999999,0.3,0.0,0.0
2026-06-22T03:00:00Z,22.433333333333334,18.3,31.0,18.0
2026-06-22T04:00:00Z,113.5,96.5,128.0,116.0
2026-06-22T05:00:00Z,197.83333333333334,193.5,232.0,168.0
2026-06-22T06:00:00Z,278.6666666666667,306.0,339.0,191.0
2026-06-22T07:00:00Z,468.5,484.5,449.0,472.0
2026-06-22T08:00:00Z,613.4333333333333,580.3,571.0,689.0
2026-06-22T09:00:00Z,683.7666666666668,561.3,692.0,798.0
2026-06-22T10:00:00Z,784.0,724.0,770.0,858.0
2026-06-22T11:00:00Z,821.5,822.5,769.0,873.0
2026-06-22T12:00:00Z,775.6666666666666,773.0,712.0,842.0
2026-06-22T13:00:00Z,709.9333333333334,748.8,640.0,741.0
2026-06-22T14:00:00Z,626.2666666666667,634.8,578.0,666.0
2026-06-22T15:00:00Z,511.3333333333333,503.0,499.0,532.0
2026-06-22T16:00:00Z,355.3333333333333,324.0,380.0,362.0
2026-06-22T17:00:00Z,221.9333333333333,206.8,232.0,227.0
2026-06-22T18:00:00Z,89.5,78.5,100.0,90.0
2026-06-22T19:00:00Z,9.666666666666666,8.0,13.0,8.0
2026-06-22T20:00:00Z,0.0,0.0,0.0,0.0
2026-06-22T21:00:00Z,0.0,0.0,0.0,0.0
2026-06-22T22:00:00Z,0.0,0.0,0.0,0.0
2026-06-22T23:00:00Z,0.09999999999999999,0.3,0.0,0.0
2026-06-23T00:00:00Z,0.09999999999999999,0.3,0.0,0.0
2026-06-23T01:00:00Z,0.0,0.0,0.0,0.0
2026-06-23T02:00:00Z,0.0,0.0,0.0,0.0
2026-06-23T03:00:00Z,23.599999999999998,19.8,32.0,19.0
2026-06-23T04:00:00Z,123.60000000000001,111.8,135.0,124.0
2026-06-23T05:00:00Z,258.8333333333333,244.5,263.0,269.0
2026-06-23T06:00:00Z,411.1666666666667,392.5,417.0,424.0
2026-06-23T07:00:00Z,561.6666666666666,541.0,571.0,573.0
2026-06-23T08:00:00Z,690.6666666666666,670.0,699.0,703.0
2026-06-23T09:00:00Z,788.1,771.3,793.0,800.0
2026-06-23T10:00:00Z,846.4333333333334,830.3,849.0,860.0
2026-06-23T11:00:00Z,860.0,839.0,867.0,874.0
2026-06-23T12:00:00Z,830.9333333333334,805.8,841.0,846.0
2026-06-23T13:00:00Z,763.9333333333334,746.8,769.0,776.0
2026-06-23T14:00:00Z,655.0,641.0,658.0,666.0
2026-06-23T15:00:00Z,519.6666666666666,505.0,521.0,533.0
2026-06-23T16:00:00Z,370.76666666666665,357.3,372.0,383.0
2026-06-23T17:00:00Z,220.9333333333333,209.8,224.0,229.0
2026-06-23T18:00:00Z,91.0,83.0,98.0,92.0
2026-06-23T19:00:00Z,9.766666666666667,8.3,13.0,8.0
2026-06-23T20:00:00Z,0.0,0.0,0.0,0.0
2026-06-23T21:00:00Z,0.0,0.0,0.0,0.0
2026-06-23T22:00:00Z,0.0,0.0,0.0,0.0
2026-06-23T23:00:00Z,0.0,0.0,0.0,0.0
2026-06-24T00:00:00Z,0.0,0.0,0.0,0.0
2026-06-24T01:00:00Z,0.0,0.0,0.0,0.0
2026-06-24T02:00:00Z,0.09999999999999999,0.3,0.0,0.0
2026-06-24T03:00:00Z,23.666666666666668,20.0,32.0,19.0
2026-06-24T04:00:00Z,121.60000000000001,109.8,133.0,122.0
2026-06-24T05:00:00Z,257.09999999999997,244.3,261.0,266.0
2026-06-24T06:00:00Z,409.26666666666665,394.8,413.0,420.0
2026-06-24T07:00:00Z,559.1,543.3,565.0,569.0
2026-06-24T08:00:00Z,684.6666666666666,672.0,684.0,698.0
2026-06-24T09:00:00Z,761.1,723.3,763.0,797.0
2026-06-24T10:00:00Z,757.4333333333334,610.3,805.0,857.0
2026-06-24T11:00:00Z,817.8333333333334,769.5,810.0,874.0
2026-06-24T12:00:00Z,810.1666666666666,808.5,775.0,847.0
2026-06-24T13:00:00Z,738.2666666666668,733.8,703.0,778.0
2026-06-24T14:00:00Z,632.2666666666667,622.8,602.0,672.0
2026-06-24T15:00:00Z,509.43333333333334,513.3,480.0,535.0
2026-06-24T16:00:00Z,364.1666666666667,363.5,346.0,383.0
2026-06-24T17:00:00Z,217.26666666666665,211.8,211.0,229.0
2026-06-24T18:00:00Z,89.43333333333334,82.3,94.0,92.0
2026-06-24T19:00:00Z,9.766666666666667,8.3,13.0,8.0
2026-06-24T20:00:00Z,0.0,0.0,0.0,0.0
2026-06-24T21:00:00Z,0.09999999999999999,0.3,0.0,0.0
2026-06-24T22:00:00Z,0.0,0.0,0.0,0.0
2026-06-24T23:00:00Z,0.0,0.0,0.0,0.0
2026-06-25T00:00:00Z,0.0,0.0,0.0,0.0
2026-06-25T01:00:00Z,0.09999999999999999,0.3,0.0,0.0
2026-06-25T02:00:00Z,0.0,0.0,0.0,0.0
2026-06-25T03:00:00Z,23.0,19.0,31.0,19.0
2026-06-25T04:00:00Z,121.43333333333334,109.3,133.0,122.0
2026-06-25T05:00:00Z,256.43333333333334,242.3,260.0,267.0
2026-06-25T06:00:00Z,408.59999999999997,391.8,411.0,423.0
2026-06-25T07:00:00Z,558.3333333333334,539.0,564.0,572.0
2026-06-25T08:00:00Z,688.0,669.0,694.0,701.0
2026-06-25T09:00:00Z,779.2666666666668,769.8,791.0,777.0
2026-06-25T10:00:00Z,846.8333333333334,833.5,849.0,858.0
2026-06-25T11:00:00Z,864.7666666666668,852.3,866.0,876.0
2026-06-25T12:00:00Z,836.9333333333334,825.8,837.0,848.0
2026-06-25T13:00:00Z,766.6666666666666,757.0,765.0,778.0
2026-06-25T14:00:00Z,660.0,652.0,659.0,669.0
2026-06-25T15:00:00Z,525.8333333333334,517.5,527.0,533.0
2026-06-25T16:00:00Z,373.76666666666665,364.3,375.0,382.0
2026-06-25T17:00:00Z,207.9333333333333,211.8,216.0,196.0
2026-06-25T18:00:00Z,81.83333333333333,82.5,88.0,75.0
2026-06-25T19:00:00Z,9.1,8.3,11.0,8.0
2026-06-25T20:00:00Z,0.0,0.0,0.0,0.0
2026-06-25T21:00:00Z,0.0,0.0,0.0,0.0
2026-06-25T22:00:00Z,0.0,0.0,0.0,0.0
2026-06-25T23:00:00Z,0.0,0.0,0.0,0.0
2026-06-26T00:00:00Z,0.09999999999999999,0.3,0.0,0.0
2026-06-26T01:00:00Z,0.0,0.0,0.0,0.0
2026-06-26T02:00:00Z,0.0,0.0,0.0,0.0
2026-06-26T03:00:00Z,19.5,18.5,30.0,10.0
2026-06-26T04:00:00Z,101.83333333333333,105.5,131.0,69.0
2026-06-26T05:00:00Z,238.76666666666665,238.3,257.0,221.0
2026-06-26T06:00:00Z,365.1666666666667,375.5,408.0,312.0
2026-06-26T07:00:00Z,501.93333333333334,503.8,558.0,444.0
2026-06-26T08:00:00Z,657.0,611.0,683.0,677.0
2026-06-26T09:00:00Z,763.1,730.3,772.0,787.0
2026-06-26T10:00:00Z,816.6666666666666,793.0,811.0,846.0
2026-06-26T11:00:00Z,825.4333333333334,828.3,785.0,863.0
2026-06-26T12:00:00Z,785.7666666666668,813.3,706.0,838.0
2026-06-26T13:00:00Z,702.2666666666668,731.8,606.0,769.0
2026-06-26T14:00:00Z,571.4333333333333,549.3,502.0,663.0
2026-06-26T15:00:00Z,415.26666666666665,322.8,391.0,532.0
2026-06-26T16:00:00Z,288.26666666666665,203.8,278.0,383.0
2026-06-26T17:00:00Z,178.4333333333333,133.3,169.0,233.0
2026-06-26T18:00:00Z,64.66666666666667,65.0,76.0,53.0
2026-06-26T19:00:00Z,8.166666666666666,7.5,10.0,7.0
2026-06-26T20:00:00Z,0.0,0.0,0.0,0.0
2026-06-26T21:00:00Z,0.0,0.0,0.0,0.0
2026-06-26T22:00:00Z,0.09999999999999999,0.3,0.0,0.0
2026-06-26T23:00:00Z,0.0,0.0,0.0,0.0
2026-06-27T00:00:00Z,0.0,0.0,0.0,0.0
2026-06-27T01:00:00Z,0.09999999999999999,0.3,0.0,0.0
2026-06-27T02:00:00Z,0.09999999999999999,0.3,0.0,0.0
2026-06-27T03:00:00Z,21.833333333333332,18.5,30.0,17.0
2026-06-27T04:00:00Z,108.66666666666667,104.0,132.0,90.0
2026-06-27T05:00:00Z,239.5,214.5,260.0,244.0
2026-06-27T06:00:00Z,316.76666666666665,265.3,412.0,273.0
2026-06-27T07:00:00Z,531.4333333333333,462.3,563.0,569.0
2026-06-27T08:00:00Z,605.1666666666666,436.5,681.0,698.0
2026-06-27T09:00:00Z,718.7666666666668,606.3,757.0,793.0
2026-06-27T10:00:00Z,812.6,788.8,798.0,851.0
2026-06-27T11:00:00Z,826.5,805.5,802.0,872.0
2026-06-27T12:00:00Z,802.4333333333334,796.3,768.0,843.0
2026-06-27T13:00:00Z,737.0,737.0,701.0,773.0
2026-06-27T14:00:00Z,639.6666666666666,639.0,611.0,669.0
2026-06-27T15:00:00Z,515.7666666666667,511.3,499.0,537.0
2026-06-27T16:00:00Z,367.6666666666667,352.0,365.0,386.0
2026-06-27T17:00:00Z,209.33333333333334,176.0,221.0,231.0
2026-06-27T18:00:00Z,89.93333333333334,80.8,96.0,93.0
2026-06-27T19:00:00Z,9.333333333333334,8.0,12.0,8.0
2026-06-27T20:00:00Z,0.0,0.0,0.0,0.0
2026-06-27T21:00:00Z,0.09999999999999999,0.3,0.0,0.0
2026-06-27T22:00:00Z,0.0,0.0,0.0,0.0
2026-06-27T23:00:00Z,0.0,0.0,0.0,0.0
2026-06-28T00:00:00Z,0.0,0.0,0.0,0.0
2026-06-28T01:00:00Z,0.09999999999999999,0.3,0.0,0.0
2026-06-28T02:00:00Z,0.0,0.0,0.0,0.0
2026-06-28T03:00:00Z,14.666666666666666,17.0,21.0,6.0
2026-06-28T04:00:00Z,75.60000000000001,99.8,93.0,34.0
2026-06-28T05:00:00Z,114.83333333333333,158.5,175.0,11.0
2026-06-28T06:00:00Z,182.0,260.0,261.0,25.0
2026-06-28T07:00:00Z,210.0,255.0,349.0,26.0
2026-06-28T08:00:00Z,241.26666666666665,274.8,429.0,20.0
2026-06-28T09:00:00Z,249.76666666666665,229.3,499.0,21.0
2026-06-28T10:00:00Z,297.26666666666665,267.8,565.0,59.0
2026-06-28T11:00:00Z,319.8333333333333,285.5,640.0,34.0
2026-06-28T12:00:00Z,392.43333333333334,253.3,700.0,224.0
2026-06-28T13:00:00Z,547.8333333333334,201.5,697.0,745.0
2026-06-28T14:00:00Z,355.59999999999997,328.8,620.0,118.0
2026-06-28T15:00:00Z,474.6666666666667,486.0,500.0,438.0
2026-06-28T16:00:00Z,363.8333333333333,357.5,358.0,376.0
2026-06-28T17:00:00Z,208.6,204.8,211.0,210.0
2026-06-28T18:00:00Z,84.66666666666667,80.0,88.0,86.0
2026-06-28T19:00:00Z,8.933333333333334,8.8,11.0,7.0
2026-06-28T20:00:00Z,0.0,0.0,0.0,0.0
2026-06-28T21:00:00Z,0.09999999999999999,0.3,0.0,0.0
2026-06-28T22:00:00Z,0.0,0.0,0.0,0.0
2026-06-28T23:00:00Z,0.0,0.0,0.0,0.0
2026-06-29T00:00:00Z,0.09999999999999999,0.3,0.0,0.0
2026-06-29T01:00:00Z,0.0,0.0,0.0,0.0
2026-06-29T02:00:00Z,0.09999999999999999,0.3,0.0,0.0
2026-06-29T03:00:00Z,18.166666666666668,18.5,28.0,8.0
2026-06-29T04:00:00Z,94.60000000000001,111.8,125.0,47.0
2026-06-29T05:00:00Z,254.33333333333334,250.0,252.0,261.0
2026-06-29T06:00:00Z,408.0,400.0,408.0,416.0
2026-06-29T07:00:00Z,556.4333333333333,537.3,567.0,565.0
2026-06-29T08:00:00Z,666.6,645.8,695.0,659.0
2026-06-29T09:00:00Z,763.6666666666666,739.0,783.0,769.0
2026-06-29T10:00:00Z,820.2666666666668,791.8,829.0,840.0
2026-06-29T11:00:00Z,820.1666666666666,816.5,839.0,805.0
2026-06-29T12:00:00Z,753.8333333333334,682.5,804.0,775.0
2026-06-29T13:00:00Z,616.4333333333333,370.3,708.0,771.0
2026-06-29T14:00:00Z,503.59999999999997,303.8,546.0,661.0
2026-06-29T15:00:00Z,435.09999999999997,416.3,367.0,522.0
2026-06-29T16:00:00Z,261.3333333333333,197.0,231.0,356.0
2026-06-29T17:00:00Z,147.16666666666666,89.5,141.0,211.0
2026-06-29T18:00:00Z,44.43333333333334,49.3,69.0,15.0
2026-06-29T19:00:00Z,5.333333333333333,6.0,10.0,0.0
2026-06-29T20:00:00Z,0.0,0.0,0.0,0.0
2026-06-29T21:00:00Z,0.09999999999999999,0.3,0.0,0.0
2026-06-29T22:00:00Z,0.0,0.0,0.0,0.0
2026-06-29T23:00:00Z,0.0,0.0,0.0,0.0
2026-06-30T00:00:00Z,0.0,0.0,0.0,0.0
2026-06-30T01:00:00Z,0.0,0.0,0.0,0.0
2026-06-30T02:00:00Z,0.0,0.0,0.0,0.0
2026-06-30T03:00:00Z,10.6,3.8,14.0,14.0
2026-06-30T04:00:00Z,59.26666666666667,18.8,66.0,93.0
2026-06-30T05:00:00Z,153.33333333333334,64.0,156.0,240.0
2026-06-30T06:00:00Z,285.3333333333333,170.0,294.0,392.0
2026-06-30T07:00:00Z,424.1666666666667,270.5,451.0,551.0
2026-06-30T08:00:00Z,560.4333333333333,417.3,588.0,676.0
2026-06-30T09:00:00Z,696.6,582.8,696.0,811.0
2026-06-30T10:00:00Z,745.9333333333334,595.8,773.0,869.0
2026-06-30T11:00:00Z,775.5,645.5,814.0,867.0
2026-06-30T12:00:00Z,737.0,591.0,810.0,810.0
2026-06-30T13:00:00Z,683.3333333333334,588.0,758.0,704.0
2026-06-30T14:00:00Z,653.5,609.5,663.0,688.0
2026-06-30T15:00:00Z,536.8333333333334,528.5,536.0,546.0
2026-06-30T16:00:00Z,388.09999999999997,381.3,389.0,394.0
2026-06-30T17:00:00Z,232.1,224.3,235.0,237.0
2026-06-30T18:00:00Z,95.0,88.0,102.0,95.0
2026-06-30T19:00:00Z,9.766666666666667,8.3,13.0,8.0
2026-06-30T20:00:00Z,0.0,0.0,0.0,0.0
2026-06-30T21:00:00Z,0.0,0.0,0.0,0.0
2026-06-30T22:00:00Z,0.09999999999999999,0.3,0.0,0.0
2026-06-30T23:00:00Z,0.09999999999999999,0.3,0.0,0.0
2026-07-01T00:00:00Z,0.0,0.0,0.0,0.0
2026-07-01T01:00:00Z,0.0,0.0,0.0,0.0
2026-07-01T02:00:00Z,0.09999999999999999,0.3,0.0,0.0
2026-07-01T03:00:00Z,20.166666666666668,17.5,27.0,16.0
2026-07-01T04:00:00Z,118.76666666666667,108.3,129.0,119.0
2026-07-01T05:00:00Z,255.5,241.5,260.0,265.0
2026-07-01T06:00:00Z,402.76666666666665,368.3,418.0,422.0
2026-07-01T07:00:00Z,548.2666666666667,506.8,565.0,573.0
2026-07-01T08:00:00Z,627.7666666666667,534.3,646.0,703.0
2026-07-01T09:00:00Z,694.7666666666668,625.3,660.0,799.0
2026-07-01T10:00:00Z,697.6,591.8,642.0,859.0
2026-07-01T11:00:00Z,696.4333333333334,589.3,624.0,876.0
2026-07-01T12:00:00Z,631.6,459.8,586.0,849.0
2026-07-01T13:00:00Z,424.8333333333333,291.5,511.0,472.0
2026-07-01T14:00:00Z,196.16666666666666,79.5,394.0,115.0
2026-07-01T15:00:00Z,176.9333333333333,63.8,269.0,198.0
2026-07-01T16:00:00Z,89.76666666666667,59.3,173.0,37.0
2026-07-01T17:00:00Z,71.43333333333334,78.3,109.0,27.0
2026-07-01T18:00:00Z,57.26666666666667,32.8,54.0,85.0
2026-07-01T19:00:00Z,5.166666666666667,5.5,8.0,2.0
2026-07-01T20:00:00Z,0.0,0.0,0.0,0.0
2026-07-01T21:00:00Z,0.0,0.0,0.0,0.0
2026-07-01T22:00:00Z,0.0,0.0,0.0,0.0
2026-07-01T23:00:00Z,0.09999999999999999,0.3,0.0,0.0
2026-07-02T00:00:00Z,0.0,0.0,0.0,0.0
2026-07-02T01:00:00Z,0.0,0.0,0.0,0.0
2026-07-02T02:00:00Z,0.09999999999999999,0.3,0.0,0.0
2026-07-02T03:00:00Z,18.0,15.0,23.0,16.0
2026-07-02T04:00:00Z,100.93333333333334,76.8,108.0,118.0
2026-07-02T05:00:00Z,216.76666666666665,170.3,219.0,261.0
2026-07-02T06:00:00Z,353.93333333333334,287.8,352.0,422.0
2026-07-02T07:00:00Z,480.3333333333333,391.0,473.0,577.0
2026-07-02T08:00:00Z,609.6666666666666,584.0,534.0,711.0
2026-07-02T09:00:00Z,506.59999999999997,516.8,534.0,469.0
2026-07-02T10:00:00Z,462.3333333333333,629.0,517.0,241.0
2026-07-02T11:00:00Z,613.6666666666666,607.0,507.0,727.0
2026-07-02T12:00:00Z,552.9333333333333,638.8,490.0,530.0
2026-07-02T13:00:00Z,454.5,514.5,457.0,392.0
2026-07-02T14:00:00Z,432.6666666666667,550.0,410.0,338.0
2026-07-02T15:00:00Z,406.26666666666665,474.8,349.0,395.0
2026-07-02T16:00:00Z,335.93333333333334,370.8,269.0,368.0
2026-07-02T17:00:00Z,211.83333333333334,222.5,177.0,236.0
2026-07-02T18:00:00Z,88.83333333333333,87.5,86.0,93.0
2026-07-02T19:00:00Z,9.166666666666666,8.5,11.0,8.0
2026-07-02T20:00:00Z,0.0,0.0,0.0,0.0
2026-07-02T21:00:00Z,0.09999999999999999,0.3,0.0,0.0
2026-07-02T22:00:00Z,0.0,0.0,0.0,0.0
2026-07-02T23:00:00Z,0.09999999999999999,0.3,0.0,0.0
2026-07-03T00:00:00Z,0.09999999999999999,0.3,0.0,0.0
2026-07-03T01:00:00Z,0.0,0.0,0.0,0.0
2026-07-03T02:00:00Z,0.09999999999999999,0.3,0.0,0.0
2026-07-03T03:00:00Z,16.5,9.5,25.0,15.0
2026-07-03T04:00:00Z,99.43333333333334,82.3,118.0,98.0
2026-07-03T05:00:00Z,219.16666666666666,220.5,199.0,238.0
2026-07-03T06:00:00Z,249.26666666666665,377.8,249.0,121.0
2026-07-03T07:00:00Z,287.0,502.0,302.0,57.0
2026-07-03T08:00:00Z,486.8333333333333,506.5,430.0,524.0
2026-07-03T09:00:00Z,610.4333333333333,435.3,607.0,789.0
2026-07-03T10:00:00Z,602.5,239.5,711.0,857.0
2026-07-03T11:00:00Z,474.8333333333333,157.5,641.0,626.0
2026-07-03T12:00:00Z,459.5,118.5,475.0,785.0
2026-07-03T13:00:00Z,442.93333333333334,200.8,349.0,779.0
2026-07-03T14:00:00Z,396.26666666666665,197.8,319.0,672.0
2026-07-03T15:00:00Z,306.8333333333333,252.5,307.0,361.0
2026-07-03T16:00:00Z,231.6,264.8,256.0,174.0
2026-07-03T17:00:00Z,140.83333333333334,58.5,167.0,197.0
2026-07-03T18:00:00Z,55.333333333333336,23.0,78.0,65.0
2026-07-03T19:00:00Z,6.5,2.5,10.0,7.0
2026-07-03T20:00:00Z,0.0,0.0,0.0,0.0
2026-07-03T21:00:00Z,0.0,0.0,0.0,0.0
2026-07-03T22:00:00Z,0.09999999999999999,0.3,0.0,0.0
2026-07-03T23:00:00Z,0.0,0.0,0.0,0.0
2026-07-04T00:00:00Z,0.0,0.0,0.0,0.0
2026-07-04T01:00:00Z,0.0,0.0,0.0,0.0
2026-07-04T02:00:00Z,0.09999999999999999,0.3,0.0,0.0
2026-07-04T03:00:00Z,10.266666666666667,0.8,17.0,13.0
2026-07-04T04:00:00Z,66.33333333333333,7.0,88.0,104.0
2026-07-04T05:00:00Z,84.83333333333333,24.5,172.0,58.0
2026-07-04T06:00:00Z,127.16666666666667,73.5,266.0,42.0
2026-07-04T07:00:00Z,238.26666666666665,184.8,359.0,171.0
2026-07-04T08:00:00Z,372.59999999999997,169.8,434.0,514.0
2026-07-04T09:00:00Z,435.76666666666665,221.3,488.0,598.0
2026-07-04T10:00:00Z,371.6666666666667,273.0,525.0,317.0
2026-07-04T11:00:00Z,522.7666666666667,241.3,553.0,774.0
2026-07-04T12:00:00Z,461.8333333333333,129.5,560.0,696.0
2026-07-04T13:00:00Z,433.3333333333333,143.0,527.0,630.0
2026-07-04T14:00:00Z,413.09999999999997,167.3,456.0,616.0
2026-07-04T15:00:00Z,274.3333333333333,58.0,360.0,405.0
2026-07-04T16:00:00Z,203.76666666666665,106.3,252.0,253.0
2026-07-04T17:00:00Z,123.83333333333333,68.5,141.0,162.0
2026-07-04T18:00:00Z,41.833333333333336,15.5,54.0,56.0
2026-07-04T19:00:00Z,5.266666666666667,2.8,6.0,7.0
2026-07-04T20:00:00Z,0.0,0.0,0.0,0.0
2026-07-04T21:00:00Z,0.0,0.0,0.0,0.0
2026-07-04T22:00:00Z,0.0,0.0,0.0,0.0
2026-07-04T23:00:00Z,0.0,0.0,0.0,0.0
2026-07-05T00:00:00Z,0.0,0.0,0.0,0.0
2026-07-05T01:00:00Z,0.09999999999999999,0.3,0.0,0.0
2026-07-05T02:00:00Z,0.0,0.0,0.0,0.0
2026-07-05T03:00:00Z,6.433333333333334,4.3,11.0,4.0
2026-07-05T04:00:00Z,41.0,26.0,56.0,41.0
2026-07-05T05:00:00Z,74.16666666666667,72.5,96.0,54.0
2026-07-05T06:00:00Z,136.16666666666666,121.5,120.0,167.0
2026-07-05T07:00:00Z,167.5,186.5,147.0,169.0
2026-07-05T08:00:00Z,336.3333333333333,308.0,208.0,493.0
2026-07-05T09:00:00Z,250.33333333333334,351.0,295.0,105.0
2026-07-05T10:00:00Z,384.8333333333333,447.5,370.0,337.0
2026-07-05T11:00:00Z,363.09999999999997,407.3,409.0,273.0
2026-07-05T12:00:00Z,438.93333333333334,352.8,419.0,545.0
2026-07-05T13:00:00Z,247.83333333333334,300.5,407.0,36.0
2026-07-05T14:00:00Z,376.8333333333333,217.5,378.0,535.0
2026-07-05T15:00:00Z,306.6666666666667,175.0,327.0,418.0
2026-07-05T16:00:00Z,249.5,194.5,252.0,302.0
2026-07-05T17:00:00Z,141.26666666666668,113.8,160.0,150.0
2026-07-05T18:00:00Z,70.43333333333334,70.3,73.0,68.0
2026-07-05T19:00:00Z,6.833333333333333,5.5,9.0,6.0
2026-07-05T20:00:00Z,0.0,0.0,0.0,0.0
2026-07-05T21:00:00Z,0.0,0.0,0.0,0.0
2026-07-05T22:00:00Z,0.0,0.0,0.0,0.0
2026-07-05T23:00:00Z,0.0,0.0,0.0,0.0
2026-07-06T00:00:00Z,0.09999999999999999,0.3,0.0,0.0
2026-07-06T01:00:00Z,0.0,0.0,0.0,0.0
2026-07-06T02:00:00Z,0.0,0.0,0.0,0.0
2026-07-06T03:00:00Z,7.266666666666667,9.8,7.0,5.0
2026-07-06T04:00:00Z,43.166666666666664,44.5,40.0,45.0
2026-07-06T05:00:00Z,73.43333333333334,94.3,78.0,48.0
2026-07-06T06:00:00Z,140.33333333333334,188.0,124.0,109.0
2026-07-06T07:00:00Z,264.26666666666665,206.8,198.0,388.0
2026-07-06T08:00:00Z,264.76666666666665,255.3,342.0,197.0
2026-07-06T09:00:00Z,538.3333333333334,375.0,538.0,702.0
2026-07-06T10:00:00Z,696.6666666666666,617.0,698.0,775.0
2026-07-06T11:00:00Z,741.1,704.3,772.0,747.0
2026-07-06T12:00:00Z,684.6666666666666,511.0,771.0,772.0
2026-07-06T13:00:00Z,592.3333333333334,526.0,692.0,559.0
2026-07-06T14:00:00Z,406.0,363.0,533.0,322.0
2026-07-06T15:00:00Z,190.0,106.0,348.0,116.0
2026-07-06T16:00:00Z,103.33333333333333,78.0,201.0,31.0
2026-07-06T17:00:00Z,55.5,46.5,104.0,16.0
2026-07-06T18:00:00Z,31.5,25.5,39.0,30.0
2026-07-06T19:00:00Z,4.1000000000000005,3.3,4.0,5.0
2026-07-06T20:00:00Z,0.0,0.0,0.0,0.0
2026-07-06T21:00:00Z,0.09999999999999999,0.3,0.0,0.0
2026-07-06T22:00:00Z,0.0,0.0,0.0,0.0
2026-07-06T23:00:00Z,0.0,0.0,0.0,0.0
2026-07-07T00:00:00Z,0.0,0.0,0.0,0.0
2026-07-07T01:00:00Z,0.09999999999999999,0.3,0.0,0.0
2026-07-07T02:00:00Z,0.0,0.0,0.0,0.0
2026-07-07T03:00:00Z,5.933333333333334,0.8,7.0,10.0
2026-07-07T04:00:00Z,47.76666666666667,14.3,40.0,89.0
2026-07-07T05:00:00Z,142.66666666666666,91.0,94.0,243.0
2026-07-07T06:00:00Z,305.26666666666665,330.8,178.0,407.0
2026-07-07T07:00:00Z,451.8333333333333,515.5,291.0,549.0
2026-07-07T08:00:00Z,563.8333333333334,643.5,441.0,607.0
2026-07-07T09:00:00Z,712.3333333333334,768.0,612.0,757.0
2026-07-07T10:00:00Z,806.7666666666668,838.3,737.0,845.0
2026-07-07T11:00:00Z,804.1,873.3,777.0,762.0
2026-07-07T12:00:00Z,791.4333333333334,850.3,743.0,781.0
2026-07-07T13:00:00Z,700.5,764.5,642.0,695.0
2026-07-07T14:00:00Z,568.8333333333334,614.5,471.0,621.0
2026-07-07T15:00:00Z,436.09999999999997,526.3,286.0,496.0
2026-07-07T16:00:00Z,276.5,373.5,158.0,298.0
2026-07-07T17:00:00Z,165.16666666666666,217.5,92.0,186.0
2026-07-07T18:00:00Z,64.0,80.0,45.0,67.0
2026-07-07T19:00:00Z,6.1000000000000005,7.3,5.0,6.0
2026-07-07T20:00:00Z,0.0,0.0,0.0,0.0
2026-07-07T21:00:00Z,0.16666666666666666,0.5,0.0,0.0
2026-07-07T22:00:00Z,0.09999999999999999,0.3,0.0,0.0
2026-07-07T23:00:00Z,0.0,0.0,0.0,0.0
2026-07-08T00:00:00Z,0.0,0.0,0.0,0.0
2026-07-08T01:00:00Z,0.09999999999999999,0.3,0.0,0.0
2026-07-08T02:00:00Z,0.0,0.0,0.0,0.0
2026-07-08T03:00:00Z,13.433333333333332,11.3,18.0,11.0
2026-07-08T04:00:00Z,91.10000000000001,70.3,101.0,102.0
2026-07-08T05:00:00Z,193.4333333333333,152.3,181.0,247.0
2026-07-08T06:00:00Z,285.3333333333333,211.0,241.0,404.0
2026-07-08T07:00:00Z,360.0,240.0,288.0,552.0
2026-07-08T08:00:00Z,382.76666666666665,261.3,334.0,553.0
2026-07-08T09:00:00Z,417.09999999999997,244.3,375.0,632.0
2026-07-08T10:00:00Z,443.26666666666665,297.8,415.0,617.0
2026-07-08T11:00:00Z,570.6,385.8,457.0,869.0
2026-07-08T12:00:00Z,538.7666666666667,281.3,492.0,843.0
2026-07-08T13:00:00Z,533.0,322.0,502.0,775.0
2026-07-08T14:00:00Z,496.26666666666665,330.8,489.0,669.0
2026-07-08T15:00:00Z,411.43333333333334,258.3,443.0,533.0
2026-07-08T16:00:00Z,306.59999999999997,192.8,347.0,380.0
2026-07-08T17:00:00Z,196.66666666666666,153.0,213.0,224.0
2026-07-08T18:00:00Z,76.93333333333334,55.8,90.0,85.0
2026-07-08T19:00:00Z,6.933333333333334,5.8,9.0,6.0
2026-07-08T20:00:00Z,0.09999999999999999,0.3,0.0,0.0
2026-07-08T21:00:00Z,0.0,0.0,0.0,0.0
2026-07-08T22:00:00Z,0.0,0.0,0.0,0.0
2026-07-08T23:00:00Z,0.09999999999999999,0.3,0.0,0.0
2026-07-09T00:00:00Z,0.0,0.0,0.0,0.0
2026-07-09T01:00:00Z,0.0,0.0,0.0,0.0
2026-07-09T02:00:00Z,0.0,0.0,0.0,0.0
2026-07-09T03:00:00Z,13.0,10.0,18.0,11.0
2026-07-09T04:00:00Z,85.5,67.5,106.0,83.0
2026-07-09T05:00:00Z,196.83333333333334,165.5,215.0,210.0
2026-07-09T06:00:00Z,334.26666666666665,274.8,338.0,390.0
2026-07-09T07:00:00Z,469.6666666666667,380.0,470.0,559.0
2026-07-09T08:00:00Z,622.1666666666666,562.5,610.0,694.0
2026-07-09T09:00:00Z,727.1,640.3,744.0,797.0
2026-07-09T10:00:00Z,826.8333333333334,779.5,840.0,861.0
2026-07-09T11:00:00Z,863.1,836.3,873.0,880.0
2026-07-09T12:00:00Z,845.5,831.5,850.0,855.0
2026-07-09T13:00:00Z,776.5,765.5,779.0,785.0
2026-07-09T14:00:00Z,669.4333333333333,659.3,671.0,678.0
2026-07-09T15:00:00Z,533.0,524.0,534.0,541.0
2026-07-09T16:00:00Z,379.76666666666665,371.3,381.0,387.0
2026-07-09T17:00:00Z,223.16666666666666,216.5,224.0,229.0
2026-07-09T18:00:00Z,86.83333333333333,81.5,92.0,87.0
2026-07-09T19:00:00Z,7.166666666666667,6.5,9.0,6.0
2026-07-09T20:00:00Z,0.0,0.0,0.0,0.0
2026-07-09T21:00:00Z,0.0,0.0,0.0,0.0
2026-07-09T22:00:00Z,0.09999999999999999,0.3,0.0,0.0
2026-07-09T23:00:00Z,0.0,0.0,0.0,0.0
2026-07-10T00:00:00Z,0.0,0.0,0.0,0.0
2026-07-10T01:00:00Z,0.0,0.0,0.0,0.0
2026-07-10T02:00:00Z,0.0,0.0,0.0,0.0
2026-07-10T03:00:00Z,13.933333333333332,12.8,19.0,10.0
2026-07-10T04:00:00Z,106.5,100.5,115.0,104.0
2026-07-10T05:00:00Z,242.33333333333334,237.0,241.0,249.0
2026-07-10T06:00:00Z,396.76666666666665,388.3,394.0,408.0
2026-07-10T07:00:00Z,547.8333333333334,532.5,550.0,561.0
2026-07-10T08:00:00Z,679.6,660.8,685.0,693.0
2026-07-10T09:00:00Z,786.7666666666668,780.3,786.0,794.0
2026-07-10T10:00:00Z,849.0,849.0,842.0,856.0
2026-07-10T11:00:00Z,854.4333333333334,855.3,837.0,871.0
2026-07-10T12:00:00Z,815.1666666666666,819.5,780.0,846.0
2026-07-10T13:00:00Z,740.1,750.3,692.0,778.0
2026-07-10T14:00:00Z,633.0,639.0,589.0,671.0
2026-07-10T15:00:00Z,506.3333333333333,515.0,470.0,534.0
2026-07-10T16:00:00Z,362.26666666666665,365.8,339.0,382.0
2026-07-10T17:00:00Z,215.4333333333333,216.3,205.0,225.0
2026-07-10T18:00:00Z,84.33333333333333,81.0,88.0,84.0
2026-07-10T19:00:00Z,6.833333333333333,6.5,9.0,5.0
2026-07-10T20:00:00Z,0.0,0.0,0.0,0.0
2026-07-10T21:00:00Z,0.0,0.0,0.0,0.0
2026-07-10T22:00:00Z,0.0,0.0,0.0,0.0
2026-07-10T23:00:00Z,0.09999999999999999,0.3,0.0,0.0
2026-07-11T00:00:00Z,0.0,0.0,0.0,0.0
2026-07-11T01:00:00Z,0.09999999999999999,0.3,0.0,0.0
2026-07-11T02:00:00Z,0.0,0.0,0.0,0.0
2026-07-11T03:00:00Z,13.0,11.0,18.0,10.0
2026-07-11T04:00:00Z,102.66666666666667,93.0,113.0,102.0
2026-07-11T05:00:00Z,237.9333333333333,227.8,240.0,246.0
2026-07-11T06:00:00Z,393.26666666666665,381.8,394.0,404.0
2026-07-11T07:00:00Z,545.2666666666667,532.8,548.0,555.0
2026-07-11T08:00:00Z,674.1,666.3,670.0,686.0
2026-07-11T09:00:00Z,769.1,770.3,751.0,786.0
2026-07-11T10:00:00Z,826.1,834.3,796.0,848.0
2026-07-11T11:00:00Z,840.1666666666666,847.5,807.0,866.0
2026-07-11T12:00:00Z,798.1,776.3,778.0,840.0
2026-07-11T13:00:00Z,733.2666666666668,718.8,709.0,772.0
2026-07-11T14:00:00Z,642.6666666666666,654.0,608.0,666.0
2026-07-11T15:00:00Z,500.43333333333334,488.3,483.0,530.0
2026-07-11T16:00:00Z,358.26666666666665,357.8,346.0,371.0
2026-07-11T17:00:00Z,207.5,193.5,206.0,223.0
2026-07-11T18:00:00Z,82.60000000000001,77.8,87.0,83.0
2026-07-11T19:00:00Z,6.266666666666667,5.8,8.0,5.0
2026-07-11T20:00:00Z,0.0,0.0,0.0,0.0
2026-07-11T21:00:00Z,0.0,0.0,0.0,0.0
2026-07-11T22:00:00Z,0.0,0.0,0.0,0.0
2026-07-11T23:00:00Z,0.0,0.0,0.0,0.0
2026-07-12T00:00:00Z,0.0,0.0,0.0,0.0
2026-07-12T01:00:00Z,0.0,0.0,0.0,0.0
2026-07-12T02:00:00Z,0.09999999999999999,0.3,0.0,0.0
2026-07-12T03:00:00Z,11.766666666666666,10.3,16.0,9.0
2026-07-12T04:00:00Z,100.43333333333334,91.3,111.0,99.0
2026-07-12T05:00:00Z,235.6,225.8,238.0,243.0
2026-07-12T06:00:00Z,390.59999999999997,380.8,391.0,400.0
2026-07-12T07:00:00Z,544.3333333333334,534.0,546.0,553.0
2026-07-12T08:00:00Z,674.9333333333333,667.8,671.0,686.0
2026-07-12T09:00:00Z,772.1666666666666,770.5,758.0,788.0
2026-07-12T10:00:00Z,811.1666666666666,777.5,806.0,850.0
2026-07-12T11:00:00Z,823.5,780.5,820.0,870.0
2026-07-12T12:00:00Z,785.6,721.8,791.0,844.0
2026-07-12T13:00:00Z,677.6666666666666,550.0,709.0,774.0
2026-07-12T14:00:00Z,590.4333333333333,530.3,575.0,666.0
2026-07-12T15:00:00Z,459.3333333333333,428.0,420.0,530.0
2026-07-12T16:00:00Z,337.0,352.0,280.0,379.0
2026-07-12T17:00:00Z,181.0,196.0,163.0,184.0
2026-07-12T18:00:00Z,64.10000000000001,60.3,68.0,64.0
2026-07-12T19:00:00Z,5.333333333333333,5.0,6.0,5.0
2026-07-12T20:00:00Z,0.0,0.0,0.0,0.0
2026-07-12T21:00:00Z,0.0,0.0,0.0,0.0
2026-07-12T22:00:00Z,0.09999999999999999,0.3,0.0,0.0
2026-07-12T23:00:00Z,0.0,0.0,0.0,0.0
2026-07-13T00:00:00Z,0.0,0.0,0.0,0.0
2026-07-13T01:00:00Z,0.09999999999999999,0.3,0.0,0.0
2026-07-13T02:00:00Z,0.0,0.0,0.0,0.0
2026-07-13T03:00:00Z,10.1,9.3,15.0,6.0
2026-07-13T04:00:00Z,96.43333333333334,87.3,108.0,94.0
2026-07-13T05:00:00Z,165.66666666666666,224.0,234.0,39.0
2026-07-13T06:00:00Z,385.26666666666665,378.8,386.0,391.0
2026-07-13T07:00:00Z,532.7666666666667,528.3,533.0,537.0
2026-07-13T08:00:00Z,654.9333333333333,662.8,628.0,674.0
2026-07-13T09:00:00Z,736.2666666666668,763.8,669.0,776.0
2026-07-13T10:00:00Z,764.9333333333334,770.8,685.0,839.0
2026-07-13T11:00:00Z,764.2666666666668,729.8,705.0,858.0
2026-07-13T12:00:00Z,729.1,650.3,704.0,833.0
2026-07-13T13:00:00Z,681.4333333333333,632.3,649.0,763.0
2026-07-13T14:00:00Z,549.8333333333334,493.5,529.0,627.0
2026-07-13T15:00:00Z,428.1666666666667,373.5,386.0,525.0
2026-07-13T16:00:00Z,201.9333333333333,236.8,260.0,109.0
2026-07-13T17:00:00Z,178.4333333333333,158.3,158.0,219.0
2026-07-13T18:00:00Z,72.26666666666667,65.8,71.0,80.0
2026-07-13T19:00:00Z,4.766666666666667,4.3,6.0,4.0
2026-07-13T20:00:00Z,0.0,0.0,0.0,0.0
2026-07-13T21:00:00Z,0.0,0.0,0.0,0.0
2026-07-13T22:00:00Z,0.09999999999999999,0.3,0.0,0.0
2026-07-13T23:00:00Z,0.0,0.0,0.0,0.0
2026-07-14T00:00:00Z,0.09999999999999999,0.3,0.0,0.0
2026-07-14T01:00:00Z,0.0,0.0,0.0,0.0
2026-07-14T02:00:00Z,0.0,0.0,0.0,0.0
2026-07-14T03:00:00Z,10.1,9.3,13.0,8.0
2026-07-14T04:00:00Z,94.76666666666667,90.3,99.0,95.0
2026-07-14T05:00:00Z,160.26666666666668,223.8,217.0,40.0
2026-07-14T06:00:00Z,260.93333333333334,359.8,363.0,60.0
2026-07-14T07:00:00Z,386.59999999999997,520.8,515.0,124.0
2026-07-14T08:00:00Z,628.1,655.3,649.0,580.0
2026-07-14T09:00:00Z,754.1666666666666,771.5,754.0,737.0
2026-07-14T10:00:00Z,569.6666666666666,728.0,819.0,162.0
2026-07-14T11:00:00Z,803.2666666666668,705.8,834.0,870.0
2026-07-14T12:00:00Z,777.8333333333334,690.5,799.0,844.0
2026-07-14T13:00:00Z,663.1,494.3,725.0,770.0
2026-07-14T14:00:00Z,575.7666666666667,437.3,625.0,665.0
2026-07-14T15:00:00Z,487.8333333333333,442.5,501.0,520.0
2026-07-14T16:00:00Z,344.5,335.5,358.0,340.0
2026-07-14T17:00:00Z,212.16666666666666,208.5,208.0,220.0
2026-07-14T18:00:00Z,79.16666666666667,76.5,82.0,79.0
2026-07-14T19:00:00Z,5.1000000000000005,5.3,6.0,4.0
2026-07-14T20:00:00Z,0.09999999999999999,0.3,0.0,0.0
2026-07-14T21:00:00Z,0.0,0.0,0.0,0.0
2026-07-14T22:00:00Z,0.0,0.0,0.0,0.0
2026-07-14T23:00:00Z,0.09999999999999999,0.3,0.0,0.0
2026-07-15T00:00:00Z,0.09999999999999999,0.3,0.0,0.0
2026-07-15T01:00:00Z,0.0,0.0,0.0,0.0
2026-07-15T02:00:00Z,0.0,0.0,0.0,0.0
2026-07-15T03:00:00Z,10.0,9.0,14.0,7.0
2026-07-15T04:00:00Z,96.66666666666667,89.0,106.0,95.0
2026-07-15T05:00:00Z,231.66666666666666,224.0,233.0,238.0
2026-07-15T06:00:00Z,386.43333333333334,379.3,385.0,395.0
2026-07-15T07:00:00Z,538.6,533.8,535.0,547.0
2026-07-15T08:00:00Z,665.7666666666667,668.3,648.0,681.0
2026-07-15T09:00:00Z,756.6666666666666,771.0,716.0,783.0
2026-07-15T10:00:00Z,770.5,710.5,754.0,847.0
2026-07-15T11:00:00Z,810.7666666666668,790.3,774.0,868.0
2026-07-15T12:00:00Z,808.6666666666666,824.0,763.0,839.0
2026-07-15T13:00:00Z,731.7666666666668,719.3,705.0,771.0
2026-07-15T14:00:00Z,627.4333333333333,621.3,605.0,656.0
2026-07-15T15:00:00Z,497.59999999999997,487.8,478.0,527.0
2026-07-15T16:00:00Z,346.6666666666667,363.0,337.0,340.0
2026-07-15T17:00:00Z,201.83333333333334,195.5,194.0,216.0
2026-07-15T18:00:00Z,65.5,61.5,76.0,59.0
2026-07-15T19:00:00Z,4.433333333333334,4.3,5.0,4.0
2026-07-15T20:00:00Z,0.09999999999999999,0.3,0.0,0.0
2026-07-15T21:00:00Z,0.0,0.0,0.0,0.0
2026-07-15T22:00:00Z,0.0,0.0,0.0,0.0
2026-07-15T23:00:00Z,0.0,0.0,0.0,0.0
2026-07-16T00:00:00Z,0.0,0.0,0.0,0.0
2026-07-16T01:00:00Z,0.0,0.0,0.0,0.0
2026-07-16T02:00:00Z,0.0,0.0,0.0,0.0
2026-07-16T03:00:00Z,7.433333333333334,7.3,9.0,6.0
2026-07-16T04:00:00Z,70.10000000000001,70.3,76.0,64.0
2026-07-16T05:00:00Z,169.66666666666666,179.0,176.0,154.0
2026-07-16T06:00:00Z,282.8333333333333,333.5,311.0,204.0
2026-07-16T07:00:00Z,389.3333333333333,511.0,459.0,198.0
2026-07-16T08:00:00Z,462.3333333333333,638.0,603.0,146.0
2026-07-16T09:00:00Z,552.1666666666666,708.5,727.0,221.0
2026-07-16T10:00:00Z,753.3333333333334,770.0,799.0,691.0
2026-07-16T11:00:00Z,729.5,785.5,791.0,612.0
2026-07-16T12:00:00Z,717.2666666666668,647.8,719.0,785.0
2026-07-16T13:00:00Z,585.7666666666667,400.3,620.0,737.0
2026-07-16T14:00:00Z,509.93333333333334,485.8,515.0,529.0
2026-07-16T15:00:00Z,437.6666666666667,422.0,399.0,492.0
2026-07-16T16:00:00Z,234.9333333333333,315.8,278.0,111.0
2026-07-16T17:00:00Z,117.0,151.0,160.0,40.0
2026-07-16T18:00:00Z,49.26666666666667,55.8,63.0,29.0
2026-07-16T19:00:00Z,3.5,4.5,4.0,2.0
2026-07-16T20:00:00Z,0.0,0.0,0.0,0.0
2026-07-16T21:00:00Z,0.0,0.0,0.0,0.0
2026-07-16T22:00:00Z,0.0,0.0,0.0,0.0
2026-07-16T23:00:00Z,0.0,0.0,0.0,0.0
2026-07-17T00:00:00Z,0.0,0.0,0.0,0.0
2026-07-17T01:00:00Z,0.09999999999999999,0.3,0.0,0.0
2026-07-17T02:00:00Z,0.09999999999999999,0.3,0.0,0.0
2026-07-17T03:00:00Z,7.333333333333333,6.0,10.0,6.0
2026-07-17T04:00:00Z,76.33333333333333,51.0,90.0,88.0
2026-07-17T05:00:00Z,190.33333333333334,143.0,200.0,228.0
2026-07-17T06:00:00Z,322.6666666666667,247.0,328.0,393.0
2026-07-17T07:00:00Z,427.1666666666667,289.5,444.0,548.0
2026-07-17T08:00:00Z,541.8333333333334,453.5,493.0,679.0
2026-07-17T09:00:00Z,558.6,478.8,481.0,716.0
2026-07-17T10:00:00Z,637.4333333333333,624.3,483.0,805.0
2026-07-17T11:00:00Z,695.9333333333334,648.8,573.0,866.0
2026-07-17T12:00:00Z,722.7666666666668,644.3,685.0,839.0
2026-07-17T13:00:00Z,683.4333333333334,576.3,704.0,770.0
2026-07-17T14:00:00Z,599.3333333333334,545.0,593.0,660.0
2026-07-17T15:00:00Z,451.09999999999997,400.3,431.0,522.0
2026-07-17T16:00:00Z,296.43333333333334,258.3,285.0,346.0
2026-07-17T17:00:00Z,121.43333333333334,193.3,167.0,4.0
2026-07-17T18:00:00Z,46.6,66.8,69.0,4.0
2026-07-17T19:00:00Z,3.5,3.5,4.0,3.0
2026-07-17T20:00:00Z,0.16666666666666666,0.5,0.0,0.0
2026-07-17T21:00:00Z,0.0,0.0,0.0,0.0
2026-07-17T22:00:00Z,0.09999999999999999,0.3,0.0,0.0
2026-07-17T23:00:00Z,0.0,0.0,0.0,0.0
2026-07-18T00:00:00Z,0.0,0.0,0.0,0.0
2026-07-18T01:00:00Z,0.0,0.0,0.0,0.0
2026-07-18T02:00:00Z,0.09999999999999999,0.3,0.0,0.0
2026-07-18T03:00:00Z,8.0,7.0,11.0,6.0
2026-07-18T04:00:00Z,90.33333333333333,87.0,98.0,86.0
2026-07-18T05:00:00Z,225.33333333333334,224.0,224.0,228.0
2026-07-18T06:00:00Z,371.3333333333333,350.0,375.0,389.0
2026-07-18T07:00:00Z,483.59999999999997,389.8,507.0,554.0
2026-07-18T08:00:00Z,535.1666666666666,368.5,544.0,693.0
2026-07-18T09:00:00Z,501.5,212.5,494.0,798.0
2026-07-18T10:00:00Z,365.76666666666665,234.3,446.0,417.0
2026-07-18T11:00:00Z,229.9333333333333,177.8,467.0,45.0
2026-07-18T12:00:00Z,489.1666666666667,271.5,513.0,683.0
2026-07-18T13:00:00Z,496.59999999999997,639.8,526.0,324.0
2026-07-18T14:00:00Z,476.5,614.5,495.0,320.0
2026-07-18T15:00:00Z,488.59999999999997,504.8,430.0,531.0
2026-07-18T16:00:00Z,355.93333333333334,363.8,327.0,377.0
2026-07-18T17:00:00Z,204.4333333333333,200.3,197.0,216.0
2026-07-18T18:00:00Z,68.66666666666667,72.0,77.0,57.0
2026-07-18T19:00:00Z,3.8333333333333335,3.5,5.0,3.0
2026-07-18T20:00:00Z,0.0,0.0,0.0,0.0
2026-07-18T21:00:00Z,0.0,0.0,0.0,0.0
2026-07-18T22:00:00Z,0.0,0.0,0.0,0.0
2026-07-18T23:00:00Z,0.0,0.0,0.0,0.0
2026-07-19T00:00:00Z,0.09999999999999999,0.3,0.0,0.0
2026-07-19T01:00:00Z,0.0,0.0,0.0,0.0
2026-07-19T02:00:00Z,0.09999999999999999,0.3,0.0,0.0
2026-07-19T03:00:00Z,5.933333333333334,5.8,8.0,4.0
2026-07-19T04:00:00Z,70.26666666666667,71.8,80.0,59.0
2026-07-19T05:00:00Z,176.0,146.0,158.0,224.0
2026-07-19T06:00:00Z,294.26666666666665,291.8,217.0,374.0
2026-07-19T07:00:00Z,370.8333333333333,430.5,269.0,413.0
2026-07-19T08:00:00Z,269.26666666666665,415.8,340.0,52.0
2026-07-19T09:00:00Z,287.93333333333334,388.8,423.0,52.0
2026-07-19T10:00:00Z,276.76666666666665,269.3,485.0,76.0
2026-07-19T11:00:00Z,311.93333333333334,332.8,503.0,100.0
2026-07-19T12:00:00Z,458.5,261.5,490.0,624.0
2026-07-19T13:00:00Z,491.26666666666665,269.8,464.0,740.0
2026-07-19T14:00:00Z,456.3333333333333,392.0,441.0,536.0
2026-07-19T15:00:00Z,382.59999999999997,353.8,396.0,398.0
2026-07-19T16:00:00Z,269.43333333333334,146.3,306.0,356.0
2026-07-19T17:00:00Z,118.60000000000001,86.8,183.0,86.0
2026-07-19T18:00:00Z,67.33333333333333,66.0,70.0,66.0
2026-07-19T19:00:00Z,3.1,3.3,4.0,2.0
2026-07-19T20:00:00Z,0.09999999999999999,0.3,0.0,0.0
2026-07-19T21:00:00Z,0.0,0.0,0.0,0.0
2026-07-19T22:00:00Z,0.0,0.0,0.0,0.0
2026-07-19T23:00:00Z,0.09999999999999999,0.3,0.0,0.0
2026-07-20T00:00:00Z,0.0,0.0,0.0,0.0
2026-07-20T01:00:00Z,0.0,0.0,0.0,0.0
2026-07-20T02:00:00Z,0.0,0.0,0.0,0.0
2026-07-20T03:00:00Z,5.333333333333333,5.0,7.0,4.0
2026-07-20T04:00:00Z,67.33333333333333,45.0,77.0,80.0
2026-07-20T05:00:00Z,113.43333333333334,128.3,173.0,39.0
2026-07-20T06:00:00Z,246.76666666666665,250.3,283.0,207.0
2026-07-20T07:00:00Z,397.8333333333333,253.5,401.0,539.0
2026-07-20T08:00:00Z,500.59999999999997,302.8,524.0,675.0
2026-07-20T09:00:00Z,685.8333333333334,631.5,642.0,784.0
2026-07-20T10:00:00Z,740.1666666666666,642.5,726.0,852.0
2026-07-20T11:00:00Z,750.4333333333334,617.3,757.0,877.0
2026-07-20T12:00:00Z,762.5,699.5,737.0,851.0
2026-07-20T13:00:00Z,610.2666666666667,373.8,676.0,781.0
2026-07-20T14:00:00Z,592.2666666666667,521.8,584.0,671.0
2026-07-20T15:00:00Z,504.26666666666665,517.8,466.0,529.0
2026-07-20T16:00:00Z,350.26666666666665,355.8,328.0,367.0
2026-07-20T17:00:00Z,140.83333333333334,158.5,182.0,82.0
2026-07-20T18:00:00Z,47.5,68.5,64.0,10.0
2026-07-20T19:00:00Z,2.6,2.8,3.0,2.0
2026-07-20T20:00:00Z,0.0,0.0,0.0,0.0
2026-07-20T21:00:00Z,0.0,0.0,0.0,0.0
2026-07-20T22:00:00Z,0.0,0.0,0.0,0.0
2026-07-20T23:00:00Z,0.0,0.0,0.0,0.0
2026-07-21T00:00:00Z,0.0,0.0,0.0,0.0
2026-07-21T01:00:00Z,0.09999999999999999,0.3,0.0,0.0
2026-07-21T02:00:00Z,0.0,0.0,0.0,0.0
2026-07-21T03:00:00Z,4.766666666666667,5.3,5.0,4.0
2026-07-21T04:00:00Z,64.26666666666667,61.8,53.0,78.0
2026-07-21T05:00:00Z,154.93333333333334,133.8,123.0,208.0
2026-07-21T06:00:00Z,209.83333333333334,114.5,203.0,312.0
2026-07-21T07:00:00Z,265.93333333333334,157.8,279.0,361.0
2026-07-21T08:00:00Z,233.16666666666666,116.5,321.0,262.0
2026-07-21T09:00:00Z,215.83333333333334,221.5,333.0,93.0
2026-07-21T10:00:00Z,402.5,123.5,363.0,721.0
2026-07-21T11:00:00Z,325.3333333333333,230.0,458.0,288.0
2026-07-21T12:00:00Z,508.93333333333334,353.8,569.0,604.0
2026-07-21T13:00:00Z,395.93333333333334,171.8,602.0,414.0
2026-07-21T14:00:00Z,413.0,491.0,527.0,221.0
2026-07-21T15:00:00Z,282.0,287.0,403.0,156.0
2026-07-21T16:00:00Z,282.3333333333333,208.0,275.0,364.0
2026-07-21T17:00:00Z,160.5,119.5,159.0,203.0
2026-07-21T18:00:00Z,38.666666666666664,39.0,60.0,17.0
2026-07-21T19:00:00Z,2.3333333333333335,2.0,3.0,2.0
2026-07-21T20:00:00Z,0.0,0.0,0.0,0.0
2026-07-21T21:00:00Z,0.09999999999999999,0.3,0.0,0.0
2026-07-21T22:00:00Z,0.09999999999999999,0.3,0.0,0.0
2026-07-21T23:00:00Z,0.0,0.0,0.0,0.0
2026-07-22T00:00:00Z,0.0,0.0,0.0,0.0
2026-07-22T01:00:00Z,0.09999999999999999,0.3,0.0,0.0
2026-07-22T02:00:00Z,0.0,0.0,0.0,0.0
2026-07-22T03:00:00Z,2.433333333333333,2.3,4.0,1.0
2026-07-22T04:00:00Z,38.5,49.5,52.0,14.0
2026-07-22T05:00:00Z,102.66666666666667,152.0,114.0,42.0
2026-07-22T06:00:00Z,170.83333333333334,261.5,176.0,75.0
2026-07-22T07:00:00Z,223.9333333333333,314.8,242.0,115.0
2026-07-22T08:00:00Z,295.26666666666665,375.8,323.0,187.0
2026-07-22T09:00:00Z,358.76666666666665,451.3,410.0,215.0
2026-07-22T10:00:00Z,417.1666666666667,587.5,473.0,191.0
2026-07-22T11:00:00Z,428.93333333333334,611.8,484.0,191.0
2026-07-22T12:00:00Z,389.59999999999997,545.8,458.0,165.0
2026-07-22T13:00:00Z,380.0,538.0,422.0,180.0
2026-07-22T14:00:00Z,330.1666666666667,467.5,392.0,131.0
2026-07-22T15:00:00Z,296.8333333333333,316.5,346.0,228.0
2026-07-22T16:00:00Z,216.4333333333333,237.3,268.0,144.0
2026-07-22T17:00:00Z,188.5,192.5,166.0,207.0
2026-07-22T18:00:00Z,65.43333333333334,65.3,66.0,65.0
2026-07-22T19:00:00Z,2.5,2.5,3.0,2.0
2026-07-22T20:00:00Z,0.0,0.0,0.0,0.0
2026-07-22T21:00:00Z,0.0,0.0,0.0,0.0
2026-07-22T22:00:00Z,0.09999999999999999,0.3,0.0,0.0
2026-07-22T23:00:00Z,0.0,0.0,0.0,0.0
2026-07-23T00:00:00Z,0.0,0.0,0.0,0.0
2026-07-23T01:00:00Z,0.09999999999999999,0.3,0.0,0.0
2026-07-23T02:00:00Z,0.0,0.0,0.0,0.0
2026-07-23T03:00:00Z,4.433333333333334,4.3,6.0,3.0
2026-07-23T04:00:00Z,74.83333333333333,64.5,84.0,76.0
2026-07-23T05:00:00Z,187.1,161.3,179.0,221.0
2026-07-23T06:00:00Z,308.26666666666665,278.8,262.0,384.0
2026-07-23T07:00:00Z,410.1666666666667,335.5,352.0,543.0
2026-07-23T08:00:00Z,525.1666666666666,407.5,487.0,681.0
2026-07-23T09:00:00Z,646.5,500.5,651.0,788.0
2026-07-23T10:00:00Z,778.3333333333334,704.0,778.0,853.0
2026-07-23T11:00:00Z,799.6,708.8,821.0,869.0
2026-07-23T12:00:00Z,780.3333333333334,699.0,798.0,844.0
2026-07-23T13:00:00Z,738.0,711.0,730.0,773.0
2026-07-23T14:00:00Z,639.3333333333334,622.0,633.0,663.0
2026-07-23T15:00:00Z,507.26666666666665,492.8,506.0,523.0
2026-07-23T16:00:00Z,355.6666666666667,346.0,358.0,363.0
2026-07-23T17:00:00Z,187.5,169.5,203.0,190.0
2026-07-23T18:00:00Z,59.0,56.0,72.0,49.0
2026-07-23T19:00:00Z,1.5999999999999999,1.8,2.0,1.0
2026-07-23T20:00:00Z,0.09999999999999999,0.3,0.0,0.0
2026-07-23T21:00:00Z,0.0,0.0,0.0,0.0
2026-07-23T22:00:00Z,0.0,0.0,0.0,0.0
2026-07-23T23:00:00Z,0.0,0.0,0.0,0.0
2026-07-24T00:00:00Z,0.0,0.0,0.0,0.0
2026-07-24T01:00:00Z,0.0,0.0,0.0,0.0
2026-07-24T02:00:00Z,0.0,0.0,0.0,0.0
2026-07-24T03:00:00Z,4.266666666666667,3.8,6.0,3.0
2026-07-24T04:00:00Z,78.10000000000001,72.3,88.0,74.0
2026-07-24T05:00:00Z,211.5,204.5,213.0,217.0
2026-07-24T06:00:00Z,366.26666666666665,357.8,365.0,376.0
2026-07-24T07:00:00Z,521.8333333333334,512.5,522.0,531.0
2026-07-24T08:00:00Z,658.1666666666666,651.5,659.0,664.0
2026-07-24T09:00:00Z,758.3333333333334,759.0,764.0,752.0
2026-07-24T10:00:00Z,815.6,825.8,827.0,794.0
2026-07-24T11:00:00Z,838.1666666666666,823.5,840.0,851.0
2026-07-24T12:00:00Z,814.9333333333334,816.8,804.0,824.0
2026-07-24T13:00:00Z,735.0,723.0,727.0,755.0
2026-07-24T14:00:00Z,625.2666666666667,607.8,621.0,647.0
2026-07-24T15:00:00Z,474.3333333333333,423.0,491.0,509.0
2026-07-24T16:00:00Z,345.76666666666665,338.3,345.0,354.0
2026-07-24T17:00:00Z,193.16666666666666,188.5,195.0,196.0
2026-07-24T18:00:00Z,62.0,60.0,68.0,58.0
2026-07-24T19:00:00Z,1.5,1.5,2.0,1.0
2026-07-24T20:00:00Z,0.0,0.0,0.0,0.0
2026-07-24T21:00:00Z,0.0,0.0,0.0,0.0
2026-07-24T22:00:00Z,0.0,0.0,0.0,0.0
2026-07-24T23:00:00Z,0.0,0.0,0.0,0.0
2026-07-25T00:00:00Z,0.0,0.0,0.0,0.0
2026-07-25T01:00:00Z,0.0,0.0,0.0,0.0
2026-07-25T02:00:00Z,0.0,0.0,0.0,0.0
2026-07-25T03:00:00Z,3.1,3.3,4.0,2.0
2026-07-25T04:00:00Z,62.833333333333336,58.5,67.0,63.0
2026-07-25T05:00:00Z,172.76666666666665,149.3,180.0,189.0
2026-07-25T06:00:00Z,290.8333333333333,267.5,338.0,267.0
2026-07-25T07:00:00Z,427.1666666666667,378.5,503.0,400.0
2026-07-25T08:00:00Z,516.4333333333333,478.3,627.0,444.0
2026-07-25T09:00:00Z,622.0,568.0,699.0,599.0
2026-07-25T10:00:00Z,679.6,623.8,714.0,701.0
2026-07-25T11:00:00Z,632.5,463.5,656.0,778.0
2026-07-25T12:00:00Z,567.3333333333334,393.0,544.0,765.0
2026-07-25T13:00:00Z,331.5,349.5,447.0,198.0
2026-07-25T14:00:00Z,390.26666666666665,240.8,399.0,531.0
2026-07-25T15:00:00Z,321.5,173.5,353.0,438.0
2026-07-25T16:00:00Z,163.5,114.5,265.0,111.0
2026-07-25T17:00:00Z,71.93333333333334,60.8,146.0,9.0
2026-07-25T18:00:00Z,47.26666666666667,42.8,46.0,53.0
2026-07-25T19:00:00Z,1.0,1.0,1.0,1.0
2026-07-25T20:00:00Z,0.0,0.0,0.0,0.0
2026-07-25T21:00:00Z,0.0,0.0,0.0,0.0
2026-07-25T22:00:00Z,0.0,0.0,0.0,0.0
2026-07-25T23:00:00Z,0.0,0.0,0.0,0.0
2026-07-26T00:00:00Z,0.09999999999999999,0.3,0.0,0.0
2026-07-26T01:00:00Z,0.0,0.0,0.0,0.0
2026-07-26T02:00:00Z,0.0,0.0,0.0,0.0
2026-07-26T03:00:00Z,1.5999999999999999,0.8,2.0,2.0
2026-07-26T04:00:00Z,33.266666666666666,41.8,45.0,13.0
2026-07-26T05:00:00Z,132.16666666666666,146.5,138.0,112.0
2026-07-26T06:00:00Z,304.59999999999997,262.8,288.0,363.0
2026-07-26T07:00:00Z,436.26666666666665,338.8,457.0,513.0
2026-07-26T08:00:00Z,511.8333333333333,327.5,593.0,615.0
2026-07-26T09:00:00Z,546.9333333333333,325.8,684.0,631.0
2026-07-26T10:00:00Z,537.8333333333334,405.5,720.0,488.0
2026-07-26T11:00:00Z,530.2666666666667,549.8,681.0,360.0
2026-07-26T12:00:00Z,384.93333333333334,381.8,584.0,189.0
2026-07-26T13:00:00Z,587.1666666666666,549.5,484.0,728.0
2026-07-26T14:00:00Z,459.59999999999997,515.8,412.0,451.0
2026-07-26T15:00:00Z,285.09999999999997,170.3,338.0,347.0
2026-07-26T16:00:00Z,227.66666666666666,181.0,243.0,259.0
2026-07-26T17:00:00Z,114.26666666666667,117.8,135.0,90.0
2026-07-26T18:00:00Z,47.93333333333334,47.8,44.0,52.0
2026-07-26T19:00:00Z,1.0,1.0,1.0,1.0
2026-07-26T20:00:00Z,0.0,0.0,0.0,0.0
2026-07-26T21:00:00Z,0.0,0.0,0.0,0.0
2026-07-26T22:00:00Z,0.0,0.0,0.0,0.0
2026-07-26T23:00:00Z,0.0,0.0,0.0,0.0
2026-07-27T00:00:00Z,0.0,0.0,0.0,0.0
2026-07-27T01:00:00Z,0.09999999999999999,0.3,0.0,0.0
2026-07-27T02:00:00Z,0.0,0.0,0.0,0.0
2026-07-27T03:00:00Z,2.1666666666666665,1.5,3.0,2.0
2026-07-27T04:00:00Z,69.16666666666667,63.5,78.0,66.0
2026-07-27T05:00:00Z,201.33333333333334,197.0,201.0,206.0
2026-07-27T06:00:00Z,355.8333333333333,352.5,352.0,363.0
2026-07-27T07:00:00Z,503.43333333333334,492.3,502.0,516.0
2026-07-27T08:00:00Z,625.1,610.3,615.0,650.0
2026-07-27T09:00:00Z,712.4333333333334,702.3,683.0,752.0
2026-07-27T10:00:00Z,748.0,766.0,712.0,766.0
2026-07-27T11:00:00Z,763.3333333333334,765.0,701.0,824.0
2026-07-27T12:00:00Z,694.5,619.5,652.0,812.0
2026-07-27T13:00:00Z,615.1,519.3,584.0,742.0
2026-07-27T14:00:00Z,573.8333333333334,574.5,513.0,634.0
2026-07-27T15:00:00Z,450.8333333333333,429.5,427.0,496.0
2026-07-27T16:00:00Z,300.8333333333333,250.5,311.0,341.0
2026-07-27T17:00:00Z,179.5,176.5,177.0,185.0
2026-07-27T18:00:00Z,53.5,51.5,59.0,50.0
2026-07-27T19:00:00Z,0.6,0.8,1.0,0.0
2026-07-27T20:00:00Z,0.09999999999999999,0.3,0.0,0.0
2026-07-27T21:00:00Z,0.0,0.0,0.0,0.0
2026-07-27T22:00:00Z,0.0,0.0,0.0,0.0
2026-07-27T23:00:00Z,0.0,0.0,0.0,0.0
2026-07-28T00:00:00Z,0.09999999999999999,0.3,0.0,0.0
2026-07-28T01:00:00Z,0.0,0.0,0.0,0.0
2026-07-28T02:00:00Z,0.0,0.0,0.0,0.0
2026-07-28T03:00:00Z,2.0,2.0,3.0,1.0
2026-07-28T04:00:00Z,64.60000000000001,57.8,75.0,61.0
2026-07-28T05:00:00Z,184.5,178.5,197.0,178.0
2026-07-28T06:00:00Z,342.93333333333334,327.8,347.0,354.0
2026-07-28T07:00:00Z,499.76666666666665,483.3,504.0,512.0
2026-07-28T08:00:00Z,638.9333333333333,628.8,641.0,647.0
2026-07-28T09:00:00Z,745.3333333333334,738.0,746.0,752.0
2026-07-28T10:00:00Z,811.5,804.5,813.0,817.0
2026-07-28T11:00:00Z,833.4333333333334,826.3,835.0,839.0
2026-07-28T12:00:00Z,808.6,803.8,809.0,813.0
2026-07-28T13:00:00Z,737.5,733.5,736.0,743.0
2026-07-28T14:00:00Z,629.1666666666666,625.5,627.0,635.0
2026-07-28T15:00:00Z,491.26666666666665,487.8,490.0,496.0
2026-07-28T16:00:00Z,337.43333333333334,333.3,338.0,341.0
2026-07-28T17:00:00Z,181.9333333333333,178.8,184.0,183.0
2026-07-28T18:00:00Z,52.166666666666664,50.5,58.0,48.0
2026-07-28T19:00:00Z,0.16666666666666666,0.5,0.0,0.0
2026-07-28T20:00:00Z,0.09999999999999999,0.3,0.0,0.0
2026-07-28T21:00:00Z,0.0,0.0,0.0,0.0
2026-07-28T22:00:00Z,0.0,0.0,0.0,0.0
2026-07-28T23:00:00Z,0.09999999999999999,0.3,0.0,0.0
2026-07-29T00:00:00Z,0.0,0.0,0.0,0.0
2026-07-29T01:00:00Z,0.0,0.0,0.0,0.0
2026-07-29T02:00:00Z,0.0,0.0,0.0,0.0
2026-07-29T03:00:00Z,1.5,1.5,2.0,1.0
2026-07-29T04:00:00Z,65.60000000000001,59.8,76.0,61.0
2026-07-29T05:00:00Z,198.83333333333334,190.5,201.0,205.0
2026-07-29T06:00:00Z,355.09999999999997,347.3,354.0,364.0
2026-07-29T07:00:00Z,508.8333333333333,497.5,511.0,518.0
2026-07-29T08:00:00Z,644.0,630.0,649.0,653.0
2026-07-29T09:00:00Z,750.5,740.5,755.0,756.0
2026-07-29T10:00:00Z,810.9333333333334,803.8,808.0,821.0
2026-07-29T11:00:00Z,820.2666666666668,823.8,797.0,840.0
2026-07-29T12:00:00Z,760.8333333333334,740.5,727.0,815.0
2026-07-29T13:00:00Z,664.2666666666667,631.8,616.0,745.0
2026-07-29T14:00:00Z,435.76666666666665,215.3,480.0,612.0
2026-07-29T15:00:00Z,237.6,283.8,335.0,94.0
2026-07-29T16:00:00Z,184.66666666666666,215.0,202.0,137.0
2026-07-29T17:00:00Z,62.5,79.5,91.0,17.0
2026-07-29T18:00:00Z,15.666666666666666,22.0,21.0,4.0
2026-07-29T19:00:00Z,0.09999999999999999,0.3,0.0,0.0
2026-07-29T20:00:00Z,0.0,0.0,0.0,0.0
2026-07-29T21:00:00Z,0.0,0.0,0.0,0.0
2026-07-29T22:00:00Z,0.0,0.0,0.0,0.0
2026-07-29T23:00:00Z,0.09999999999999999,0.3,0.0,0.0
2026-07-30T00:00:00Z,0.0,0.0,0.0,0.0
2026-07-30T01:00:00Z,0.09999999999999999,0.3,0.0,0.0
2026-07-30T02:00:00Z,0.0,0.0,0.0,0.0
2026-07-30T03:00:00Z,1.4333333333333333,1.3,2.0,1.0
2026-07-30T04:00:00Z,55.93333333333334,53.8,63.0,51.0
2026-07-30T05:00:00Z,165.0,165.0,175.0,155.0
2026-07-30T06:00:00Z,290.59999999999997,245.8,317.0,309.0
2026-07-30T07:00:00Z,437.3333333333333,385.0,463.0,464.0
2026-07-30T08:00:00Z,558.5,562.5,573.0,540.0
2026-07-30T09:00:00Z,536.1666666666666,431.5,641.0,536.0
2026-07-30T10:00:00Z,514.8333333333334,461.5,672.0,411.0
2026-07-30T11:00:00Z,710.1666666666666,702.5,671.0,757.0
2026-07-30T12:00:00Z,673.9333333333333,653.8,634.0,734.0
2026-07-30T13:00:00Z,567.0,480.0,565.0,656.0
2026-07-30T14:00:00Z,397.59999999999997,535.8,469.0,188.0
2026-07-30T15:00:00Z,376.1666666666667,391.5,358.0,379.0
2026-07-30T16:00:00Z,172.16666666666666,266.5,245.0,5.0
2026-07-30T17:00:00Z,118.10000000000001,153.3,138.0,63.0
2026-07-30T18:00:00Z,39.1,39.3,45.0,33.0
2026-07-30T19:00:00Z,0.09999999999999999,0.3,0.0,0.0
2026-07-30T20:00:00Z,0.0,0.0,0.0,0.0
2026-07-30T21:00:00Z,0.0,0.0,0.0,0.0
2026-07-30T22:00:00Z,0.0,0.0,0.0,0.0
2026-07-30T23:00:00Z,0.0,0.0,0.0,0.0
2026-07-31T00:00:00Z,0.0,0.0,0.0,0.0
2026-07-31T01:00:00Z,0.0,0.0,0.0,0.0
2026-07-31T02:00:00Z,0.0,0.0,0.0,0.0
2026-07-31T03:00:00Z,0.9333333333333332,0.8,1.0,1.0
2026-07-31T04:00:00Z,43.43333333333334,46.3,44.0,40.0
2026-07-31T05:00:00Z,151.16666666666666,147.5,124.0,182.0
2026-07-31T06:00:00Z,214.16666666666666,192.5,224.0,226.0
2026-07-31T07:00:00Z,248.83333333333334,270.5,342.0,134.0
2026-07-31T08:00:00Z,368.0,409.0,482.0,213.0
2026-07-31T09:00:00Z,505.1666666666667,554.5,630.0,331.0
2026-07-31T10:00:00Z,587.4333333333333,778.3,740.0,244.0
2026-07-31T11:00:00Z,812.5,828.5,777.0,832.0
2026-07-31T12:00:00Z,771.2666666666668,812.8,753.0,748.0
2026-07-31T13:00:00Z,691.4333333333334,752.3,688.0,634.0
2026-07-31T14:00:00Z,621.9333333333333,642.8,597.0,626.0
2026-07-31T15:00:00Z,490.09999999999997,493.3,478.0,499.0
2026-07-31T16:00:00Z,337.5,337.5,334.0,341.0
2026-07-31T17:00:00Z,179.76666666666665,179.3,180.0,180.0
2026-07-31T18:00:00Z,44.833333333333336,46.5,52.0,36.0
2026-07-31T19:00:00Z,0.0,0.0,0.0,0.0
2026-07-31T20:00:00Z,0.0,0.0,0.0,0.0
2026-07-31T21:00:00Z,0.0,0.0,0.0,0.0
2026-07-31T22:00:00Z,0.09999999999999999,0.3,0.0,0.0
2026-07-31T23:00:00Z,0.09999999999999999,0.3,0.0,0.0
2026-08-01T00:00:00Z,0.09999999999999999,0.3,0.0,0.0
2026-08-01T01:00:00Z,0.09999999999999999,0.3,0.0,0.0
2026-08-01T02:00:00Z,0.09999999999999999,0.3,0.0,0.0
2026-08-01T03:00:00Z,0.6666666666666666,1.0,1.0,0.0
2026-08-01T04:00:00Z,44.43333333333334,41.3,61.0,31.0
2026-08-01T05:00:00Z,154.26666666666668,148.8,175.0,139.0
2026-08-01T06:00:00Z,312.09999999999997,308.3,315.0,313.0
2026-08-01T07:00:00Z,482.09999999999997,478.3,467.0,501.0
2026-08-01T08:00:00Z,622.9333333333333,612.8,610.0,646.0
2026-08-01T09:00:00Z,726.3333333333334,738.0,732.0,709.0
2026-08-01T10:00:00Z,808.1,806.3,810.0,808.0
2026-08-01T11:00:00Z,838.5,835.5,826.0,854.0
2026-08-01T12:00:00Z,798.0,783.0,785.0,826.0
2026-08-01T13:00:00Z,727.6,724.8,705.0,753.0
2026-08-01T14:00:00Z,616.8333333333334,610.5,600.0,640.0
2026-08-01T15:00:00Z,483.0,482.0,471.0,496.0
2026-08-01T16:00:00Z,327.8333333333333,324.5,324.0,335.0
2026-08-01T17:00:00Z,172.4333333333333,169.3,173.0,175.0
2026-08-01T18:00:00Z,43.26666666666667,42.8,48.0,39.0
2026-08-01T19:00:00Z,0.0,0.0,0.0,0.0
2026-08-01T20:00:00Z,0.09999999999999999,0.3,0.0,0.0
2026-08-01T21:00:00Z,0.0,0.0,0.0,0.0
2026-08-01T22:00:00Z,0.0,0.0,0.0,0.0
2026-08-01T23:00:00Z,0.0,0.0,0.0,0.0
2026-08-02T00:00:00Z,0.0,0.0,0.0,0.0
2026-08-02T01:00:00Z,0.0,0.0,0.0,0.0
2026-08-02T02:00:00Z,0.0,0.0,0.0,0.0
2026-08-02T03:00:00Z,0.6,0.8,1.0,0.0
2026-08-02T04:00:00Z,52.93333333333334,42.8,67.0,49.0
2026-08-02T05:00:00Z,169.33333333333334,128.0,193.0,187.0
2026-08-02T06:00:00Z,322.5,281.5,344.0,342.0
2026-08-02T07:00:00Z,485.76666666666665,457.3,500.0,500.0
2026-08-02T08:00:00Z,620.2666666666667,593.8,631.0,636.0
2026-08-02T09:00:00Z,722.6666666666666,701.0,728.0,739.0
2026-08-02T10:00:00Z,789.5,780.5,784.0,804.0
2026-08-02T11:00:00Z,805.4333333333334,803.3,793.0,820.0
2026-08-02T12:00:00Z,770.9333333333334,764.8,755.0,793.0
2026-08-02T13:00:00Z,683.3333333333334,653.0,676.0,721.0
2026-08-02T14:00:00Z,559.6,560.8,564.0,554.0
2026-08-02T15:00:00Z,449.3333333333333,455.0,431.0,462.0
2026-08-02T16:00:00Z,303.26666666666665,312.8,290.0,307.0
2026-08-02T17:00:00Z,101.33333333333333,151.0,152.0,1.0
2026-08-02T18:00:00Z,33.43333333333333,37.3,41.0,22.0
2026-08-02T19:00:00Z,0.0,0.0,0.0,0.0
2026-08-02T20:00:00Z,0.0,0.0,0.0,0.0
2026-08-02T21:00:00Z,0.0,0.0,0.0,0.0
2026-08-02T22:00:00Z,0.0,0.0,0.0,0.0
2026-08-02T23:00:00Z,0.0,0.0,0.0,0.0
2026-08-03T00:00:00Z,0.0,0.0,0.0,0.0
2026-08-03T01:00:00Z,0.09999999999999999,0.3,0.0,0.0
2026-08-03T02:00:00Z,0.0,0.0,0.0,0.0
2026-08-03T03:00:00Z,0.09999999999999999,0.3,0.0,0.0
2026-08-03T04:00:00Z,49.1,46.3,56.0,45.0
2026-08-03T05:00:00Z,171.4333333333333,164.3,173.0,177.0
2026-08-03T06:00:00Z,293.09999999999997,279.3,324.0,276.0
2026-08-03T07:00:00Z,345.5,149.5,469.0,418.0
2026-08-03T08:00:00Z,347.3333333333333,229.0,544.0,269.0
2026-08-03T09:00:00Z,545.6,375.8,546.0,715.0
2026-08-03T10:00:00Z,530.8333333333334,281.5,528.0,783.0
2026-08-03T11:00:00Z,597.3333333333334,471.0,524.0,797.0
2026-08-03T12:00:00Z,647.4333333333333,664.3,515.0,763.0
2026-08-03T13:00:00Z,553.7666666666667,512.3,490.0,659.0
2026-08-03T14:00:00Z,488.09999999999997,443.3,457.0,564.0
2026-08-03T15:00:00Z,432.6666666666667,450.0,400.0,448.0
2026-08-03T16:00:00Z,287.09999999999997,289.3,293.0,279.0
2026-08-03T17:00:00Z,150.76666666666668,143.3,153.0,156.0
2026-08-03T18:00:00Z,35.0,36.0,37.0,32.0
2026-08-03T19:00:00Z,0.0,0.0,0.0,0.0
2026-08-03T20:00:00Z,0.0,0.0,0.0,0.0
2026-08-03T21:00:00Z,0.09999999999999999,0.3,0.0,0.0
2026-08-03T22:00:00Z,0.09999999999999999,0.3,0.0,0.0
2026-08-03T23:00:00Z,0.0,0.0,0.0,0.0
2026-08-04T00:00:00Z,0.09999999999999999,0.3,0.0,0.0
2026-08-04T01:00:00Z,0.0,0.0,0.0,0.0
2026-08-04T02:00:00Z,0.0,0.0,0.0,0.0
2026-08-04T03:00:00Z,0.09999999999999999,0.3,0.0,0.0
2026-08-04T04:00:00Z,47.76666666666667,45.3,56.0,42.0
2026-08-04T05:00:00Z,172.66666666666666,167.0,175.0,176.0
2026-08-04T06:00:00Z,324.5,319.5,321.0,333.0
2026-08-04T07:00:00Z,477.1666666666667,473.5,473.0,485.0
2026-08-04T08:00:00Z,607.2666666666667,604.8,598.0,619.0
2026-08-04T09:00:00Z,707.0,713.0,685.0,723.0
2026-08-04T10:00:00Z,741.0,708.0,727.0,788.0
2026-08-04T11:00:00Z,670.0,583.0,714.0,713.0
2026-08-04T12:00:00Z,439.6666666666667,545.0,653.0,121.0
2026-08-04T13:00:00Z,624.9333333333333,588.8,572.0,714.0
2026-08-04T14:00:00Z,290.1666666666667,355.5,490.0,25.0
2026-08-04T15:00:00Z,387.3333333333333,299.0,395.0,468.0
2026-08-04T16:00:00Z,168.26666666666668,118.8,277.0,109.0
2026-08-04T17:00:00Z,138.33333333333334,123.0,147.0,145.0
2026-08-04T18:00:00Z,33.0,32.0,37.0,30.0
2026-08-04T19:00:00Z,0.09999999999999999,0.3,0.0,0.0
2026-08-04T20:00:00Z,0.09999999999999999,0.3,0.0,0.0
2026-08-04T21:00:00Z,0.0,0.0,0.0,0.0
2026-08-04T22:00:00Z,0.0,0.0,0.0,0.0
2026-08-04T23:00:00Z,0.09999999999999999,0.3,0.0,0.0
2026-08-05T00:00:00Z,0.09999999999999999,0.3,0.0,0.0
2026-08-05T01:00:00Z,0.0,0.0,0.0,0.0
2026-08-05T02:00:00Z,0.0,0.0,0.0,0.0
2026-08-05T03:00:00Z,0.0,0.0,0.0,0.0
2026-08-05T04:00:00Z,46.666666666666664,43.0,55.0,42.0
2026-08-05T05:00:00Z,173.76666666666665,167.3,176.0,178.0
2026-08-05T06:00:00Z,331.43333333333334,326.3,331.0,337.0
2026-08-05T07:00:00Z,489.5,480.5,494.0,494.0
2026-08-05T08:00:00Z,629.3333333333334,621.0,633.0,634.0
2026-08-05T09:00:00Z,735.4333333333334,727.3,733.0,746.0
2026-08-05T10:00:00Z,772.6,739.8,766.0,812.0
2026-08-05T11:00:00Z,722.6,649.8,688.0,830.0
2026-08-05T12:00:00Z,617.4333333333333,598.3,542.0,712.0
2026-08-05T13:00:00Z,491.3333333333333,509.0,428.0,537.0
2026-08-05T14:00:00Z,354.43333333333334,339.3,394.0,330.0
2026-08-05T15:00:00Z,372.93333333333334,344.8,366.0,408.0
2026-08-05T16:00:00Z,250.4333333333333,276.3,281.0,194.0
2026-08-05T17:00:00Z,131.93333333333334,139.8,149.0,107.0
2026-08-05T18:00:00Z,32.333333333333336,31.0,35.0,31.0
2026-08-05T19:00:00Z,0.16666666666666666,0.5,0.0,0.0
2026-08-05T20:00:00Z,0.0,0.0,0.0,0.0
2026-08-05T21:00:00Z,0.0,0.0,0.0,0.0
2026-08-05T22:00:00Z,0.09999999999999999,0.3,0.0,0.0
2026-08-05T23:00:00Z,0.0,0.0,0.0,0.0
2026-08-06T00:00:00Z,0.0,0.0,0.0,0.0
2026-08-06T01:00:00Z,0.0,0.0,0.0,0.0
2026-08-06T02:00:00Z,0.09999999999999999,0.3,0.0,0.0
2026-08-06T03:00:00Z,0.0,0.0,0.0,0.0
2026-08-06T04:00:00Z,47.333333333333336,44.0,56.0,42.0
2026-08-06T05:00:00Z,178.0,172.0,181.0,181.0
2026-08-06T06:00:00Z,334.8333333333333,329.5,333.0,342.0
2026-08-06T07:00:00Z,489.0,487.0,482.0,498.0
2026-08-06T08:00:00Z,609.8333333333334,609.5,586.0,634.0
2026-08-06T09:00:00Z,658.4333333333333,600.3,636.0,739.0
2026-08-06T10:00:00Z,651.6,507.8,643.0,804.0
2026-08-06T11:00:00Z,614.1666666666666,405.5,612.0,825.0
2026-08-06T12:00:00Z,575.5,387.5,547.0,792.0
2026-08-06T13:00:00Z,495.8333333333333,366.5,463.0,658.0
2026-08-06T14:00:00Z,354.8333333333333,204.5,372.0,488.0
2026-08-06T15:00:00Z,294.5,167.5,278.0,438.0
2026-08-06T16:00:00Z,231.1,233.3,188.0,272.0
2026-08-06T17:00:00Z,127.33333333333333,133.0,104.0,145.0
2026-08-06T18:00:00Z,27.333333333333332,28.0,27.0,27.0
2026-08-06T19:00:00Z,0.0,0.0,0.0,0.0
2026-08-06T20:00:00Z,0.0,0.0,0.0,0.0
2026-08-06T21:00:00Z,0.0,0.0,0.0,0.0
2026-08-06T22:00:00Z,0.0,0.0,0.0,0.0
2026-08-06T23:00:00Z,0.0,0.0,0.0,0.0
2026-08-07T00:00:00Z,0.0,0.0,0.0,0.0
2026-08-07T01:00:00Z,0.0,0.0,0.0,0.0
2026-08-07T02:00:00Z,0.0,0.0,0.0,0.0
2026-08-07T03:00:00Z,0.0,0.0,0.0,0.0
2026-08-07T04:00:00Z,44.166666666666664,42.5,52.0,38.0
2026-08-07T05:00:00Z,174.66666666666666,171.0,176.0,177.0
2026-08-07T06:00:00Z,331.1666666666667,325.5,328.0,340.0
2026-08-07T07:00:00Z,490.76666666666665,484.3,489.0,499.0
2026-08-07T08:00:00Z,629.6,624.8,626.0,638.0
2026-08-07T09:00:00Z,734.0,725.0,731.0,746.0
2026-08-07T10:00:00Z,797.1,783.3,796.0,812.0
2026-08-07T11:00:00Z,821.6,816.8,818.0,830.0
2026-08-07T12:00:00Z,796.5,794.5,791.0,804.0
2026-08-07T13:00:00Z,725.4333333333334,726.3,718.0,732.0
2026-08-07T14:00:00Z,612.7666666666667,612.3,607.0,619.0
2026-08-07T15:00:00Z,471.43333333333334,470.3,468.0,476.0
2026-08-07T16:00:00Z,313.76666666666665,311.3,314.0,316.0
2026-08-07T17:00:00Z,155.1,152.3,159.0,154.0
2026-08-07T18:00:00Z,29.833333333333332,29.5,34.0,26.0
2026-08-07T19:00:00Z,0.0,0.0,0.0,0.0
2026-08-07T20:00:00Z,0.0,0.0,0.0,0.0
2026-08-07T21:00:00Z,0.0,0.0,0.0,0.0
2026-08-07T22:00:00Z,0.0,0.0,0.0,0.0
2026-08-07T23:00:00Z,0.0,0.0,0.0,0.0
2026-08-08T00:00:00Z,0.0,0.0,0.0,0.0
2026-08-08T01:00:00Z,0.0,0.0,0.0,0.0
2026-08-08T02:00:00Z,0.09999999999999999,0.3,0.0,0.0
2026-08-08T03:00:00Z,0.09999999999999999,0.3,0.0,0.0
2026-08-08T04:00:00Z,41.0,37.0,50.0,36.0
2026-08-08T05:00:00Z,166.26666666666668,154.8,173.0,171.0
2026-08-08T06:00:00Z,311.1666666666667,310.5,321.0,302.0
2026-08-08T07:00:00Z,464.5,467.5,475.0,451.0
2026-08-08T08:00:00Z,607.1,609.3,611.0,601.0
2026-08-08T09:00:00Z,712.1666666666666,718.5,717.0,701.0
2026-08-08T10:00:00Z,770.7666666666668,783.3,783.0,746.0
2026-08-08T11:00:00Z,806.5,800.5,808.0,811.0
2026-08-08T12:00:00Z,771.8333333333334,751.5,782.0,782.0
2026-08-08T13:00:00Z,645.2666666666667,591.8,696.0,648.0
2026-08-08T14:00:00Z,517.4333333333333,495.3,554.0,503.0
2026-08-08T15:00:00Z,379.59999999999997,348.8,389.0,401.0
2026-08-08T16:00:00Z,187.16666666666666,105.5,235.0,221.0
2026-08-08T17:00:00Z,83.76666666666667,36.3,107.0,108.0
2026-08-08T18:00:00Z,15.833333333333334,6.5,20.0,21.0
2026-08-08T19:00:00Z,0.0,0.0,0.0,0.0
2026-08-08T20:00:00Z,0.0,0.0,0.0,0.0
2026-08-08T21:00:00Z,0.0,0.0,0.0,0.0
2026-08-08T22:00:00Z,0.0,0.0,0.0,0.0
2026-08-08T23:00:00Z,0.09999999999999999,0.3,0.0,0.0
2026-08-09T00:00:00Z,0.0,0.0,0.0,0.0
2026-08-09T01:00:00Z,0.09999999999999999,0.3,0.0,0.0
2026-08-09T02:00:00Z,0.0,0.0,0.0,0.0
2026-08-09T03:00:00Z,0.0,0.0,0.0,0.0
2026-08-09T04:00:00Z,38.1,34.3,47.0,33.0
2026-08-09T05:00:00Z,152.33333333333334,124.0,167.0,166.0
2026-08-09T06:00:00Z,294.93333333333334,248.8,312.0,324.0
2026-08-09T07:00:00Z,430.8333333333333,428.5,463.0,401.0
2026-08-09T08:00:00Z,494.6666666666667,541.0,591.0,352.0
2026-08-09T09:00:00Z,701.6,697.8,687.0,720.0
2026-08-09T10:00:00Z,715.0,620.0,746.0,779.0
2026-08-09T11:00:00Z,723.5,665.5,767.0,738.0
2026-08-09T12:00:00Z,734.4333333333334,738.3,744.0,721.0
2026-08-09T13:00:00Z,675.4333333333333,690.3,673.0,663.0
2026-08-09T14:00:00Z,537.3333333333334,514.0,562.0,536.0
2026-08-09T15:00:00Z,399.09999999999997,392.3,426.0,379.0
2026-08-09T16:00:00Z,258.0,202.0,278.0,294.0
2026-08-09T17:00:00Z,123.66666666666667,97.0,134.0,140.0
2026-08-09T18:00:00Z,23.5,24.5,25.0,21.0
2026-08-09T19:00:00Z,0.0,0.0,0.0,0.0
2026-08-09T20:00:00Z,0.0,0.0,0.0,0.0
2026-08-09T21:00:00Z,0.09999999999999999,0.3,0.0,0.0
2026-08-09T22:00:00Z,0.09999999999999999,0.3,0.0,0.0
2026-08-09T23:00:00Z,0.0,0.0,0.0,0.0
2026-08-10T00:00:00Z,0.0,0.0,0.0,0.0
2026-08-10T01:00:00Z,0.0,0.0,0.0,0.0
2026-08-10T02:00:00Z,0.09999999999999999,0.3,0.0,0.0
2026-08-10T03:00:00Z,0.0,0.0,0.0,0.0
2026-08-10T04:00:00Z,37.166666666666664,34.5,45.0,32.0
2026-08-10T05:00:00Z,164.26666666666668,155.8,169.0,168.0
2026-08-10T06:00:00Z,321.26666666666665,312.8,321.0,330.0
2026-08-10T07:00:00Z,480.0,470.0,481.0,489.0
2026-08-10T08:00:00Z,617.6666666666666,605.0,620.0,628.0
2026-08-10T09:00:00Z,722.8333333333334,707.5,727.0,734.0
2026-08-10T10:00:00Z,791.9333333333334,782.8,794.0,799.0
2026-08-10T11:00:00Z,813.9333333333334,805.8,815.0,821.0
2026-08-10T12:00:00Z,779.8333333333334,761.5,786.0,792.0
2026-08-10T13:00:00Z,709.8333333333334,702.5,710.0,717.0
2026-08-10T14:00:00Z,597.3333333333334,593.0,596.0,603.0
2026-08-10T15:00:00Z,454.76666666666665,450.3,455.0,459.0
2026-08-10T16:00:00Z,296.09999999999997,291.3,298.0,299.0
2026-08-10T17:00:00Z,139.6,135.8,143.0,140.0
2026-08-10T18:00:00Z,22.5,22.5,25.0,20.0
2026-08-10T19:00:00Z,0.09999999999999999,0.3,0.0,0.0
2026-08-10T20:00:00Z,0.09999999999999999,0.3,0.0,0.0
2026-08-10T21:00:00Z,0.0,0.0,0.0,0.0
2026-08-10T22:00:00Z,0.0,0.0,0.0,0.0
2026-08-10T23:00:00Z,0.0,0.0,0.0,0.0
2026-08-11T00:00:00Z,0.0,0.0,0.0,0.0
2026-08-11T01:00:00Z,0.0,0.0,0.0,0.0
2026-08-11T02:00:00Z,0.0,0.0,0.0,0.0
2026-08-11T03:00:00Z,0.0,0.0,0.0,0.0
2026-08-11T04:00:00Z,35.166666666666664,31.5,43.0,31.0
2026-08-11T05:00:00Z,158.6,147.8,166.0,162.0
2026-08-11T06:00:00Z,313.76666666666665,300.3,318.0,323.0
2026-08-11T07:00:00Z,473.0,459.0,478.0,482.0
2026-08-11T08:00:00Z,612.6666666666666,601.0,616.0,621.0
2026-08-11T09:00:00Z,719.6,710.8,721.0,727.0
2026-08-11T10:00:00Z,785.7666666666668,777.3,786.0,794.0
2026-08-11T11:00:00Z,806.8333333333334,800.5,807.0,813.0
2026-08-11T12:00:00Z,780.3333333333334,778.0,778.0,785.0
2026-08-11T13:00:00Z,703.6,699.8,700.0,711.0
2026-08-11T14:00:00Z,591.8333333333334,589.5,588.0,598.0
2026-08-11T15:00:00Z,451.0,451.0,447.0,455.0
2026-08-11T16:00:00Z,288.43333333333334,289.3,281.0,295.0
2026-08-11T17:00:00Z,127.60000000000001,133.8,114.0,135.0
2026-08-11T18:00:00Z,17.166666666666668,20.5,13.0,18.0
2026-08-11T19:00:00Z,0.0,0.0,0.0,0.0
2026-08-11T20:00:00Z,0.0,0.0,0.0,0.0
2026-08-11T21:00:00Z,0.0,0.0,0.0,0.0
2026-08-11T22:00:00Z,0.0,0.0,0.0,0.0
2026-08-11T23:00:00Z,0.0,0.0,0.0,0.0
2026-08-12T00:00:00Z,0.0,0.0,0.0,0.0
2026-08-12T01:00:00Z,0.0,0.0,0.0,0.0
2026-08-12T02:00:00Z,0.0,0.0,0.0,0.0
2026-08-12T03:00:00Z,0.0,0.0,0.0,0.0
2026-08-12T04:00:00Z,32.766666666666666,29.3,41.0,28.0
2026-08-12T05:00:00Z,156.33333333333334,145.0,164.0,160.0
2026-08-12T06:00:00Z,311.8333333333333,298.5,316.0,321.0
2026-08-12T07:00:00Z,470.8333333333333,456.5,476.0,480.0
2026-08-12T08:00:00Z,609.8333333333334,597.5,614.0,618.0
2026-08-12T09:00:00Z,717.1,707.3,719.0,725.0
2026-08-12T10:00:00Z,783.7666666666668,776.3,784.0,791.0
2026-08-12T11:00:00Z,804.6666666666666,798.0,806.0,810.0
2026-08-12T12:00:00Z,777.2666666666668,771.8,778.0,782.0
2026-08-12T13:00:00Z,704.1666666666666,701.5,703.0,708.0
2026-08-12T14:00:00Z,591.9333333333333,591.8,589.0,595.0
2026-08-12T15:00:00Z,448.26666666666665,444.8,448.0,452.0
2026-08-12T16:00:00Z,289.43333333333334,284.3,292.0,292.0
2026-08-12T17:00:00Z,133.26666666666668,129.8,137.0,133.0
2026-08-12T18:00:00Z,19.099999999999998,19.3,22.0,16.0
2026-08-12T19:00:00Z,0.09999999999999999,0.3,0.0,0.0
2026-08-12T20:00:00Z,0.0,0.0,0.0,0.0
2026-08-12T21:00:00Z,0.0,0.0,0.0,0.0
2026-08-12T22:00:00Z,0.0,0.0,0.0,0.0
2026-08-12T23:00:00Z,0.0,0.0,0.0,0.0
2026-08-13T00:00:00Z,0.0,0.0,0.0,0.0
2026-08-13T01:00:00Z,0.0,0.0,0.0,0.0
2026-08-13T02:00:00Z,0.0,0.0,0.0,0.0
2026-08-13T03:00:00Z,0.0,0.0,0.0,0.0
2026-08-13T04:00:00Z,31.0,28.0,38.0,27.0
2026-08-13T05:00:00Z,153.26666666666668,143.8,159.0,157.0
2026-08-13T06:00:00Z,307.0,298.0,305.0,318.0
2026-08-13T07:00:00Z,463.8333333333333,456.5,459.0,476.0
2026-08-13T08:00:00Z,602.8333333333334,597.5,596.0,615.0
2026-08-13T09:00:00Z,712.5,709.5,706.0,722.0
2026-08-13T10:00:00Z,778.6666666666666,772.0,776.0,788.0
2026-08-13T11:00:00Z,800.0,792.0,800.0,808.0
2026-08-13T12:00:00Z,772.9333333333334,766.8,773.0,779.0
2026-08-13T13:00:00Z,700.6,698.8,698.0,705.0
2026-08-13T14:00:00Z,586.9333333333333,584.8,584.0,592.0
2026-08-13T15:00:00Z,444.1666666666667,441.5,443.0,448.0
2026-08-13T16:00:00Z,286.43333333333334,283.3,289.0,287.0
2026-08-13T17:00:00Z,130.76666666666668,128.3,137.0,127.0
2026-08-13T18:00:00Z,17.5,17.5,21.0,14.0
2026-08-13T19:00:00Z,0.09999999999999999,0.3,0.0,0.0
2026-08-13T20:00:00Z,0.0,0.0,0.0,0.0
2026-08-13T21:00:00Z,0.0,0.0,0.0,0.0
2026-08-13T22:00:00Z,0.0,0.0,0.0,0.0
2026-08-13T23:00:00Z,0.0,0.0,0.0,0.0
2026-08-14T00:00:00Z,0.0,0.0,0.0,0.0
2026-08-14T01:00:00Z,0.0,0.0,0.0,0.0
2026-08-14T02:00:00Z,0.0,0.0,0.0,0.0
2026-08-14T03:00:00Z,0.0,0.0,0.0,0.0
2026-08-14T04:00:00Z,29.166666666666668,26.5,36.0,25.0
2026-08-14T05:00:00Z,150.6,142.8,157.0,152.0
2026-08-14T06:00:00Z,304.3333333333333,295.0,307.0,311.0
2026-08-14T07:00:00Z,459.59999999999997,448.8,462.0,468.0
2026-08-14T08:00:00Z,592.5,580.5,591.0,606.0
2026-08-14T09:00:00Z,677.2666666666667,637.8,683.0,711.0
2026-08-14T10:00:00Z,757.6,762.8,735.0,775.0
2026-08-14T11:00:00Z,768.5,763.5,746.0,796.0
2026-08-14T12:00:00Z,605.2666666666667,336.8,712.0,767.0
2026-08-14T13:00:00Z,527.8333333333334,262.5,632.0,689.0
2026-08-14T14:00:00Z,300.5,222.5,514.0,165.0
2026-08-14T15:00:00Z,227.0,244.0,376.0,61.0
2026-08-14T16:00:00Z,224.66666666666666,190.0,235.0,249.0
2026-08-14T17:00:00Z,71.26666666666667,102.8,106.0,5.0
2026-08-14T18:00:00Z,12.0,10.0,14.0,12.0
2026-08-14T19:00:00Z,0.0,0.0,0.0,0.0
2026-08-14T20:00:00Z,0.0,0.0,0.0,0.0
2026-08-14T21:00:00Z,0.09999999999999999,0.3,0.0,0.0
2026-08-14T22:00:00Z,0.0,0.0,0.0,0.0
2026-08-14T23:00:00Z,0.0,0.0,0.0,0.0
2026-08-15T00:00:00Z,0.0,0.0,0.0,0.0
2026-08-15T01:00:00Z,0.0,0.0,0.0,0.0
2026-08-15T02:00:00Z,0.0,0.0,0.0,0.0
2026-08-15T03:00:00Z,0.09999999999999999,0.3,0.0,0.0
2026-08-15T04:00:00Z,18.933333333333334,16.8,22.0,18.0
2026-08-15T05:00:00Z,85.76666666666667,84.3,102.0,71.0
2026-08-15T06:00:00Z,180.83333333333334,158.5,202.0,182.0
2026-08-15T07:00:00Z,305.8333333333333,308.5,319.0,290.0
2026-08-15T08:00:00Z,435.09999999999997,396.3,459.0,450.0
2026-08-15T09:00:00Z,542.1666666666666,468.5,609.0,549.0
2026-08-15T10:00:00Z,496.3333333333333,321.0,714.0,454.0
2026-08-15T11:00:00Z,565.0,545.0,733.0,417.0
2026-08-15T12:00:00Z,610.6,617.8,683.0,531.0
2026-08-15T13:00:00Z,543.8333333333334,638.5,593.0,400.0
2026-08-15T14:00:00Z,462.6666666666667,509.0,484.0,395.0
2026-08-15T15:00:00Z,292.59999999999997,334.8,357.0,186.0
2026-08-15T16:00:00Z,200.1,153.3,219.0,228.0
2026-08-15T17:00:00Z,66.26666666666667,80.8,89.0,29.0
2026-08-15T18:00:00Z,9.166666666666666,10.5,9.0,8.0
2026-08-15T19:00:00Z,0.09999999999999999,0.3,0.0,0.0
2026-08-15T20:00:00Z,0.0,0.0,0.0,0.0
2026-08-15T21:00:00Z,0.0,0.0,0.0,0.0
2026-08-15T22:00:00Z,0.0,0.0,0.0,0.0
2026-08-15T23:00:00Z,0.0,0.0,0.0,0.0
2026-08-16T00:00:00Z,0.09999999999999999,0.3,0.0,0.0
2026-08-16T01:00:00Z,0.09999999999999999,0.3,0.0,0.0
2026-08-16T02:00:00Z,0.0,0.0,0.0,0.0
2026-08-16T03:00:00Z,0.0,0.0,0.0,0.0
2026-08-16T04:00:00Z,8.5,6.5,12.0,7.0
2026-08-16T05:00:00Z,70.93333333333334,57.8,54.0,101.0
2026-08-16T06:00:00Z,137.0,120.0,102.0,189.0
2026-08-16T07:00:00Z,143.5,167.5,145.0,118.0
2026-08-16T08:00:00Z,145.93333333333334,171.8,167.0,99.0
2026-08-16T09:00:00Z,132.1,202.3,167.0,27.0
2026-08-16T10:00:00Z,138.83333333333334,213.5,165.0,38.0
2026-08-16T11:00:00Z,179.6,319.8,179.0,40.0
2026-08-16T12:00:00Z,111.43333333333334,96.3,195.0,43.0
2026-08-16T13:00:00Z,141.16666666666666,153.5,190.0,80.0
2026-08-16T14:00:00Z,166.93333333333334,172.8,160.0,168.0
2026-08-16T15:00:00Z,106.93333333333334,68.8,118.0,134.0
2026-08-16T16:00:00Z,150.6,122.8,74.0,255.0
2026-08-16T17:00:00Z,29.433333333333334,31.3,32.0,25.0
2026-08-16T18:00:00Z,3.1,5.3,4.0,0.0
2026-08-16T19:00:00Z,0.0,0.0,0.0,0.0
2026-08-16T20:00:00Z,0.0,0.0,0.0,0.0
2026-08-16T21:00:00Z,0.0,0.0,0.0,0.0
2026-08-16T22:00:00Z,0.0,0.0,0.0,0.0
2026-08-16T23:00:00Z,0.0,0.0,0.0,0.0
2026-08-17T00:00:00Z,0.0,0.0,0.0,0.0
2026-08-17T01:00:00Z,0.0,0.0,0.0,0.0
2026-08-17T02:00:00Z,0.0,0.0,0.0,0.0
2026-08-17T03:00:00Z,0.0,0.0,0.0,0.0
2026-08-17T04:00:00Z,12.933333333333332,12.8,12.0,14.0
2026-08-17T05:00:00Z,59.333333333333336,57.0,56.0,65.0
2026-08-17T06:00:00Z,106.43333333333334,64.3,107.0,148.0
2026-08-17T07:00:00Z,95.83333333333333,99.5,158.0,30.0
2026-08-17T08:00:00Z,110.83333333333333,98.5,207.0,27.0
2026-08-17T09:00:00Z,109.16666666666667,55.5,250.0,22.0
2026-08-17T10:00:00Z,113.76666666666667,34.3,281.0,26.0
2026-08-17T11:00:00Z,118.0,31.0,297.0,26.0
2026-08-17T12:00:00Z,127.60000000000001,57.8,295.0,30.0
2026-08-17T13:00:00Z,132.1,99.3,277.0,20.0
2026-08-17T14:00:00Z,138.66666666666666,140.0,244.0,32.0
2026-08-17T15:00:00Z,91.66666666666667,70.0,196.0,9.0
2026-08-17T16:00:00Z,63.5,51.5,132.0,7.0
2026-08-17T17:00:00Z,39.833333333333336,51.5,61.0,7.0
2026-08-17T18:00:00Z,5.0,6.0,7.0,2.0
2026-08-17T19:00:00Z,0.0,0.0,0.0,0.0
2026-08-17T20:00:00Z,0.0,0.0,0.0,0.0
2026-08-17T21:00:00Z,0.0,0.0,0.0,0.0
2026-08-17T22:00:00Z,0.0,0.0,0.0,0.0
2026-08-17T23:00:00Z,0.0,0.0,0.0,0.0
2026-08-18T00:00:00Z,0.0,0.0,0.0,0.0
2026-08-18T01:00:00Z,0.0,0.0,0.0,0.0
2026-08-18T02:00:00Z,0.0,0.0,0.0,0.0
2026-08-18T03:00:00Z,0.09999999999999999,0.3,0.0,0.0
2026-08-18T04:00:00Z,5.766666666666667,9.3,5.0,3.0
2026-08-18T05:00:00Z,42.5,51.5,24.0,52.0
2026-08-18T06:00:00Z,76.10000000000001,132.3,50.0,46.0
2026-08-18T07:00:00Z,116.26666666666667,145.8,85.0,118.0
2026-08-18T08:00:00Z,209.1,199.3,134.0,294.0
2026-08-18T09:00:00Z,167.5,226.5,195.0,81.0
2026-08-18T10:00:00Z,288.5,318.5,259.0,288.0
2026-08-18T11:00:00Z,258.43333333333334,273.3,333.0,169.0
2026-08-18T12:00:00Z,286.26666666666665,262.8,392.0,204.0
2026-08-18T13:00:00Z,240.83333333333334,259.5,382.0,81.0
2026-08-18T14:00:00Z,146.33333333333334,98.0,283.0,58.0
2026-08-18T15:00:00Z,114.33333333333333,122.0,160.0,61.0
2026-08-18T16:00:00Z,67.33333333333333,106.0,71.0,25.0
2026-08-18T17:00:00Z,24.433333333333334,48.3,21.0,4.0
2026-08-18T18:00:00Z,1.9333333333333333,3.8,1.0,1.0
2026-08-18T19:00:00Z,0.0,0.0,0.0,0.0
2026-08-18T20:00:00Z,0.0,0.0,0.0,0.0
2026-08-18T21:00:00Z,0.09999999999999999,0.3,0.0,0.0
2026-08-18T22:00:00Z,0.0,0.0,0.0,0.0
2026-08-18T23:00:00Z,0.0,0.0,0.0,0.0
2026-08-19T00:00:00Z,0.0,0.0,0.0,0.0
2026-08-19T01:00:00Z,0.0,0.0,0.0,0.0
2026-08-19T02:00:00Z,0.09999999999999999,0.3,0.0,0.0
2026-08-19T03:00:00Z,0.0,0.0,0.0,0.0
2026-08-19T04:00:00Z,15.933333333333332,12.8,19.0,16.0
2026-08-19T05:00:00Z,93.93333333333334,79.8,106.0,96.0
2026-08-19T06:00:00Z,233.16666666666666,191.5,222.0,286.0
2026-08-19T07:00:00Z,346.6666666666667,346.0,351.0,343.0
2026-08-19T08:00:00Z,380.3333333333333,481.0,475.0,185.0
2026-08-19T09:00:00Z,485.8333333333333,575.5,583.0,299.0
2026-08-19T10:00:00Z,663.0,665.0,657.0,667.0
2026-08-19T11:00:00Z,588.4333333333333,564.3,688.0,513.0
2026-08-19T12:00:00Z,524.3333333333334,562.0,671.0,340.0
2026-08-19T13:00:00Z,510.3333333333333,604.0,600.0,327.0
2026-08-19T14:00:00Z,470.26666666666665,496.8,481.0,433.0
2026-08-19T15:00:00Z,285.6666666666667,400.0,340.0,117.0
2026-08-19T16:00:00Z,197.6,249.8,203.0,140.0
2026-08-19T17:00:00Z,91.43333333333334,93.3,85.0,96.0
2026-08-19T18:00:00Z,6.0,8.0,7.0,3.0
2026-08-19T19:00:00Z,0.0,0.0,0.0,0.0
2026-08-19T20:00:00Z,0.0,0.0,0.0,0.0
2026-08-19T21:00:00Z,0.0,0.0,0.0,0.0
2026-08-19T22:00:00Z,0.0,0.0,0.0,0.0
2026-08-19T23:00:00Z,0.0,0.0,0.0,0.0
2026-08-20T00:00:00Z,0.0,0.0,0.0,0.0
2026-08-20T01:00:00Z,0.0,0.0,0.0,0.0
2026-08-20T02:00:00Z,0.0,0.0,0.0,0.0
2026-08-20T03:00:00Z,0.0,0.0,0.0,0.0
2026-08-20T04:00:00Z,14.766666666666666,16.3,21.0,7.0
2026-08-20T05:00:00Z,115.76666666666667,121.3,133.0,93.0
2026-08-20T06:00:00Z,280.6666666666667,274.0,287.0,281.0
2026-08-20T07:00:00Z,431.43333333333334,423.3,439.0,432.0
2026-08-20T08:00:00Z,528.4333333333333,532.3,523.0,530.0
2026-08-20T09:00:00Z,595.2666666666667,597.8,532.0,656.0
2026-08-20T10:00:00Z,630.0,692.0,495.0,703.0
2026-08-20T11:00:00Z,526.9333333333333,586.8,428.0,566.0
2026-08-20T12:00:00Z,369.59999999999997,469.8,338.0,301.0
2026-08-20T13:00:00Z,295.1666666666667,395.5,256.0,234.0
2026-08-20T14:00:00Z,193.9333333333333,247.8,202.0,132.0
2026-08-20T15:00:00Z,150.93333333333334,200.8,156.0,96.0
2026-08-20T16:00:00Z,96.93333333333334,125.8,102.0,63.0
2026-08-20T17:00:00Z,40.266666666666666,49.8,44.0,27.0
2026-08-20T18:00:00Z,4.0,6.0,3.0,3.0
2026-08-20T19:00:00Z,0.0,0.0,0.0,0.0
2026-08-20T20:00:00Z,0.0,0.0,0.0,0.0
2026-08-20T21:00:00Z,0.0,0.0,0.0,0.0
2026-08-20T22:00:00Z,0.0,0.0,0.0,0.0
2026-08-20T23:00:00Z,0.0,0.0,0.0,0.0
2026-08-21T00:00:00Z,0.0,0.0,0.0,0.0
2026-08-21T01:00:00Z,0.0,0.0,0.0,0.0
2026-08-21T02:00:00Z,0.0,0.0,0.0,0.0
2026-08-21T03:00:00Z,0.0,0.0,0.0,0.0
2026-08-21T04:00:00Z,5.666666666666667,4.0,9.0,4.0
2026-08-21T05:00:00Z,42.333333333333336,32.0,72.0,23.0
2026-08-21T06:00:00Z,164.26666666666668,92.8,183.0,217.0
2026-08-21T07:00:00Z,287.1666666666667,235.5,316.0,310.0
2026-08-21T08:00:00Z,426.09999999999997,421.3,426.0,431.0
2026-08-21T09:00:00Z,528.1666666666666,454.5,502.0,628.0
2026-08-21T10:00:00Z,463.0,522.0,545.0,322.0
2026-08-21T11:00:00Z,527.3333333333334,538.0,546.0,498.0
2026-08-21T12:00:00Z,541.1666666666666,590.5,508.0,525.0
2026-08-21T13:00:00Z,429.93333333333334,361.8,453.0,475.0
2026-08-21T14:00:00Z,388.0,335.0,391.0,438.0
2026-08-21T15:00:00Z,298.3333333333333,275.0,313.0,307.0
2026-08-21T16:00:00Z,214.6,184.8,213.0,246.0
2026-08-21T17:00:00Z,66.33333333333333,80.0,100.0,19.0
2026-08-21T18:00:00Z,5.666666666666667,5.0,8.0,4.0
2026-08-21T19:00:00Z,0.16666666666666666,0.5,0.0,0.0
2026-08-21T20:00:00Z,0.09999999999999999,0.3,0.0,0.0
2026-08-21T21:00:00Z,0.0,0.0,0.0,0.0
2026-08-21T22:00:00Z,0.0,0.0,0.0,0.0
2026-08-21T23:00:00Z,0.0,0.0,0.0,0.0
2026-08-22T00:00:00Z,0.0,0.0,0.0,0.0
2026-08-22T01:00:00Z,0.0,0.0,0.0,0.0
2026-08-22T02:00:00Z,0.0,0.0,0.0,0.0
2026-08-22T03:00:00Z,0.0,0.0,0.0,0.0
2026-08-22T04:00:00Z,14.0,14.0,16.0,12.0
2026-08-22T05:00:00Z,112.5,115.5,107.0,115.0
2026-08-22T06:00:00Z,201.33333333333334,275.0,218.0,111.0
2026-08-22T07:00:00Z,316.6666666666667,419.0,327.0,204.0
2026-08-22T08:00:00Z,411.26666666666665,538.8,411.0,284.0
2026-08-22T09:00:00Z,410.8333333333333,558.5,463.0,211.0
2026-08-22T10:00:00Z,442.93333333333334,631.8,490.0,207.0
2026-08-22T11:00:00Z,513.3333333333334,506.0,499.0,535.0
2026-08-22T12:00:00Z,544.1666666666666,402.5,483.0,747.0
2026-08-22T13:00:00Z,485.93333333333334,348.8,439.0,670.0
2026-08-22T14:00:00Z,428.26666666666665,365.8,366.0,553.0
2026-08-22T15:00:00Z,329.8333333333333,308.5,276.0,405.0
2026-08-22T16:00:00Z,202.5,186.5,179.0,242.0
2026-08-22T17:00:00Z,81.26666666666667,76.8,81.0,86.0
2026-08-22T18:00:00Z,4.266666666666667,4.8,5.0,3.0
2026-08-22T19:00:00Z,0.0,0.0,0.0,0.0
2026-08-22T20:00:00Z,0.0,0.0,0.0,0.0
2026-08-22T21:00:00Z,0.0,0.0,0.0,0.0
2026-08-22T22:00:00Z,0.0,0.0,0.0,0.0
2026-08-22T23:00:00Z,0.0,0.0,0.0,0.0
2026-08-23T00:00:00Z,0.0,0.0,0.0,0.0
2026-08-23T01:00:00Z,0.09999999999999999,0.3,0.0,0.0
2026-08-23T02:00:00Z,0.09999999999999999,0.3,0.0,0.0
2026-08-23T03:00:00Z,0.0,0.0,0.0,0.0
2026-08-23T04:00:00Z,14.166666666666666,13.5,18.0,11.0
2026-08-23T05:00:00Z,121.83333333333333,119.5,126.0,120.0
2026-08-23T06:00:00Z,275.26666666666665,271.8,274.0,280.0
2026-08-23T07:00:00Z,430.93333333333334,425.8,426.0,441.0
2026-08-23T08:00:00Z,540.5,500.5,539.0,582.0
2026-08-23T09:00:00Z,598.1,498.3,605.0,691.0
2026-08-23T10:00:00Z,675.7666666666667,622.3,647.0,758.0
2026-08-23T11:00:00Z,741.9333333333334,764.8,686.0,775.0
2026-08-23T12:00:00Z,725.8333333333334,734.5,699.0,744.0
2026-08-23T13:00:00Z,658.7666666666667,658.3,651.0,667.0
2026-08-23T14:00:00Z,534.5,526.5,533.0,544.0
2026-08-23T15:00:00Z,381.59999999999997,390.8,384.0,370.0
2026-08-23T16:00:00Z,227.6,235.8,240.0,207.0
2026-08-23T17:00:00Z,91.43333333333334,85.3,106.0,83.0
2026-08-23T18:00:00Z,4.333333333333333,4.0,6.0,3.0
2026-08-23T19:00:00Z,0.0,0.0,0.0,0.0
2026-08-23T20:00:00Z,0.0,0.0,0.0,0.0
2026-08-23T21:00:00Z,0.0,0.0,0.0,0.0
2026-08-23T22:00:00Z,0.0,0.0,0.0,0.0
2026-08-23T23:00:00Z,0.0,0.0,0.0,0.0
2026-08-24T00:00:00Z,0.0,0.0,0.0,0.0
2026-08-24T01:00:00Z,0.0,0.0,0.0,0.0
2026-08-24T02:00:00Z,0.0,0.0,0.0,0.0
2026-08-24T03:00:00Z,0.0,0.0,0.0,0.0
2026-08-24T04:00:00Z,12.833333333333334,11.5,17.0,10.0
2026-08-24T05:00:00Z,118.33333333333333,110.0,126.0,119.0
2026-08-24T06:00:00Z,272.43333333333334,262.3,274.0,281.0
2026-08-24T07:00:00Z,427.09999999999997,411.3,428.0,442.0
2026-08-24T08:00:00Z,538.4333333333333,476.3,556.0,583.0
2026-08-24T09:00:00Z,601.2666666666667,466.8,648.0,689.0
2026-08-24T10:00:00Z,661.2666666666667,566.8,700.0,717.0
2026-08-24T11:00:00Z,679.0,557.0,725.0,755.0
2026-08-24T12:00:00Z,632.1,510.3,705.0,681.0
2026-08-24T13:00:00Z,570.9333333333333,539.8,605.0,568.0
2026-08-24T14:00:00Z,397.26666666666665,411.8,415.0,365.0
2026-08-24T15:00:00Z,272.5,266.5,218.0,333.0
2026-08-24T16:00:00Z,142.1,123.3,94.0,209.0
2026-08-24T17:00:00Z,42.833333333333336,37.5,36.0,55.0
2026-08-24T18:00:00Z,1.6666666666666667,1.0,2.0,2.0
2026-08-24T19:00:00Z,0.0,0.0,0.0,0.0
2026-08-24T20:00:00Z,0.0,0.0,0.0,0.0
2026-08-24T21:00:00Z,0.0,0.0,0.0,0.0
2026-08-24T22:00:00Z,0.0,0.0,0.0,0.0
2026-08-24T23:00:00Z,0.0,0.0,0.0,0.0
2026-08-25T00:00:00Z,0.0,0.0,0.0,0.0
2026-08-25T01:00:00Z,0.0,0.0,0.0,0.0
2026-08-25T02:00:00Z,0.0,0.0,0.0,0.0
2026-08-25T03:00:00Z,0.0,0.0,0.0,0.0
2026-08-25T04:00:00Z,5.333333333333333,5.0,8.0,3.0
2026-08-25T05:00:00Z,41.5,37.5,66.0,21.0
2026-08-25T06:00:00Z,74.66666666666667,54.0,137.0,33.0
2026-08-25T07:00:00Z,96.66666666666667,70.0,209.0,11.0
2026-08-25T08:00:00Z,137.83333333333334,95.5,281.0,37.0
2026-08-25T09:00:00Z,273.3333333333333,207.0,346.0,267.0
2026-08-25T10:00:00Z,289.0,222.0,387.0,258.0
2026-08-25T11:00:00Z,341.1666666666667,235.5,393.0,395.0
2026-08-25T12:00:00Z,272.26666666666665,240.8,367.0,209.0
2026-08-25T13:00:00Z,221.5,169.5,321.0,174.0
2026-08-25T14:00:00Z,183.83333333333334,188.5,259.0,104.0
2026-08-25T15:00:00Z,259.59999999999997,220.8,187.0,371.0
2026-08-25T16:00:00Z,171.9333333333333,183.8,116.0,216.0
2026-08-25T17:00:00Z,55.666666666666664,64.0,49.0,54.0
2026-08-25T18:00:00Z,1.7666666666666666,2.3,2.0,1.0
2026-08-25T19:00:00Z,0.0,0.0,0.0,0.0
2026-08-25T20:00:00Z,0.0,0.0,0.0,0.0
2026-08-25T21:00:00Z,0.0,0.0,0.0,0.0
2026-08-25T22:00:00Z,0.0,0.0,0.0,0.0
2026-08-25T23:00:00Z,0.0,0.0,0.0,0.0
2026-08-26T00:00:00Z,0.0,0.0,0.0,0.0
2026-08-26T01:00:00Z,0.0,0.0,0.0,0.0
2026-08-26T02:00:00Z,0.0,0.0,0.0,0.0
2026-08-26T03:00:00Z,0.0,0.0,0.0,0.0
2026-08-26T04:00:00Z,9.0,7.0,13.0,7.0
2026-08-26T05:00:00Z,86.10000000000001,65.3,113.0,80.0
2026-08-26T06:00:00Z,230.4333333333333,180.3,255.0,256.0
2026-08-26T07:00:00Z,392.26666666666665,356.8,407.0,413.0
2026-08-26T08:00:00Z,534.2666666666667,516.8,537.0,549.0
2026-08-26T09:00:00Z,616.7666666666667,565.3,633.0,652.0
2026-08-26T10:00:00Z,686.7666666666668,663.3,691.0,706.0
2026-08-26T11:00:00Z,718.2666666666668,707.8,712.0,735.0
2026-08-26T12:00:00Z,671.3333333333334,663.0,688.0,663.0
2026-08-26T13:00:00Z,555.1666666666666,459.5,604.0,602.0
2026-08-26T14:00:00Z,433.5,417.5,460.0,423.0
2026-08-26T15:00:00Z,281.3333333333333,284.0,300.0,260.0
2026-08-26T16:00:00Z,167.93333333333334,182.8,169.0,152.0
2026-08-26T17:00:00Z,56.333333333333336,59.0,67.0,43.0
2026-08-26T18:00:00Z,1.5999999999999999,1.8,2.0,1.0
2026-08-26T19:00:00Z,0.0,0.0,0.0,0.0
2026-08-26T20:00:00Z,0.0,0.0,0.0,0.0
2026-08-26T21:00:00Z,0.0,0.0,0.0,0.0
2026-08-26T22:00:00Z,0.0,0.0,0.0,0.0
2026-08-26T23:00:00Z,0.09999999999999999,0.3,0.0,0.0
2026-08-27T00:00:00Z,0.09999999999999999,0.3,0.0,0.0
2026-08-27T01:00:00Z,0.09999999999999999,0.3,0.0,0.0
2026-08-27T02:00:00Z,0.0,0.0,0.0,0.0
2026-08-27T03:00:00Z,0.0,0.0,0.0,0.0
2026-08-27T04:00:00Z,5.1000000000000005,4.3,9.0,2.0
2026-08-27T05:00:00Z,70.16666666666667,59.5,85.0,66.0
2026-08-27T06:00:00Z,175.1,183.3,185.0,157.0
2026-08-27T07:00:00Z,279.76666666666665,235.3,287.0,317.0
2026-08-27T08:00:00Z,213.1,192.3,375.0,72.0
2026-08-27T09:00:00Z,259.43333333333334,225.3,443.0,110.0
2026-08-27T10:00:00Z,258.3333333333333,185.0,483.0,107.0
2026-08-27T11:00:00Z,327.93333333333334,244.8,492.0,247.0
2026-08-27T12:00:00Z,478.76666666666665,397.3,468.0,571.0
2026-08-27T13:00:00Z,348.26666666666665,438.8,419.0,187.0
2026-08-27T14:00:00Z,355.26666666666665,403.8,348.0,314.0
2026-08-27T15:00:00Z,237.1,229.3,260.0,222.0
2026-08-27T16:00:00Z,140.0,136.0,164.0,120.0
2026-08-27T17:00:00Z,42.666666666666664,21.0,65.0,42.0
2026-08-27T18:00:00Z,0.6666666666666666,1.0,1.0,0.0
2026-08-27T19:00:00Z,0.0,0.0,0.0,0.0
2026-08-27T20:00:00Z,0.0,0.0,0.0,0.0
2026-08-27T21:00:00Z,0.0,0.0,0.0,0.0
2026-08-27T22:00:00Z,0.0,0.0,0.0,0.0
2026-08-27T23:00:00Z,0.0,0.0,0.0,0.0
2026-08-28T00:00:00Z,0.0,0.0,0.0,0.0
2026-08-28T01:00:00Z,0.0,0.0,0.0,0.0
2026-08-28T02:00:00Z,0.0,0.0,0.0,0.0
2026-08-28T03:00:00Z,0.0,0.0,0.0,0.0
2026-08-28T04:00:00Z,7.833333333333333,7.5,10.0,6.0
2026-08-28T05:00:00Z,102.10000000000001,97.3,108.0,101.0
2026-08-28T06:00:00Z,251.66666666666666,247.0,251.0,257.0
2026-08-28T07:00:00Z,389.09999999999997,385.3,402.0,380.0
2026-08-28T08:00:00Z,512.6666666666666,464.0,521.0,553.0
2026-08-28T09:00:00Z,610.9333333333333,575.8,599.0,658.0
2026-08-28T10:00:00Z,641.0,562.0,642.0,719.0
2026-08-28T11:00:00Z,632.2666666666667,547.8,662.0,687.0
2026-08-28T12:00:00Z,360.3333333333333,313.0,644.0,124.0
2026-08-28T13:00:00Z,362.59999999999997,400.8,562.0,125.0
2026-08-28T14:00:00Z,277.0,296.0,412.0,123.0
2026-08-28T15:00:00Z,182.16666666666666,166.5,250.0,130.0
2026-08-28T16:00:00Z,87.66666666666667,88.0,130.0,45.0
2026-08-28T17:00:00Z,26.166666666666668,20.5,47.0,11.0
2026-08-28T18:00:00Z,0.5,0.5,1.0,0.0
2026-08-28T19:00:00Z,0.0,0.0,0.0,0.0
2026-08-28T20:00:00Z,0.0,0.0,0.0,0.0
2026-08-28T21:00:00Z,0.0,0.0,0.0,0.0
2026-08-28T22:00:00Z,0.0,0.0,0.0,0.0
2026-08-28T23:00:00Z,0.0,0.0,0.0,0.0
2026-08-29T00:00:00Z,0.0,0.0,0.0,0.0
2026-08-29T01:00:00Z,0.0,0.0,0.0,0.0
2026-08-29T02:00:00Z,0.0,0.0,0.0,0.0
2026-08-29T03:00:00Z,0.0,0.0,0.0,0.0
2026-08-29T04:00:00Z,4.433333333333334,4.3,9.0,0.0
2026-08-29T05:00:00Z,89.0,70.0,103.0,94.0
2026-08-29T06:00:00Z,216.66666666666666,187.0,241.0,222.0
2026-08-29T07:00:00Z,343.59999999999997,283.8,382.0,365.0
2026-08-29T08:00:00Z,324.76666666666665,393.3,485.0,96.0
2026-08-29T09:00:00Z,370.76666666666665,435.3,539.0,138.0
2026-08-29T10:00:00Z,480.3333333333333,321.0,553.0,567.0
2026-08-29T11:00:00Z,368.8333333333333,265.5,530.0,311.0
2026-08-29T12:00:00Z,374.3333333333333,382.0,474.0,267.0
2026-08-29T13:00:00Z,367.93333333333334,376.8,400.0,327.0
2026-08-29T14:00:00Z,326.93333333333334,311.8,319.0,350.0
2026-08-29T15:00:00Z,239.83333333333334,228.5,232.0,259.0
2026-08-29T16:00:00Z,137.33333333333334,140.0,142.0,130.0
2026-08-29T17:00:00Z,43.333333333333336,42.0,52.0,36.0
2026-08-29T18:00:00Z,0.26666666666666666,0.8,0.0,0.0
2026-08-29T19:00:00Z,0.0,0.0,0.0,0.0
2026-08-29T20:00:00Z,0.0,0.0,0.0,0.0
2026-08-29T21:00:00Z,0.0,0.0,0.0,0.0
2026-08-29T22:00:00Z,0.0,0.0,0.0,0.0
2026-08-29T23:00:00Z,0.0,0.0,0.0,0.0
2026-08-30T00:00:00Z,0.0,0.0,0.0,0.0
2026-08-30T01:00:00Z,0.0,0.0,0.0,0.0
2026-08-30T02:00:00Z,0.0,0.0,0.0,0.0
2026-08-30T03:00:00Z,0.0,0.0,0.0,0.0
2026-08-30T04:00:00Z,5.666666666666667,6.0,7.0,4.0
2026-08-30T05:00:00Z,90.93333333333334,89.8,91.0,92.0
2026-08-30T06:00:00Z,231.1,225.3,222.0,246.0
2026-08-30T07:00:00Z,366.93333333333334,334.8,365.0,401.0
2026-08-30T08:00:00Z,482.5,416.5,492.0,539.0
2026-08-30T09:00:00Z,596.6666666666666,560.0,588.0,642.0
2026-08-30T10:00:00Z,562.1,355.3,640.0,691.0
2026-08-30T11:00:00Z,603.0,484.0,641.0,684.0
2026-08-30T12:00:00Z,522.1666666666666,388.5,591.0,587.0
2026-08-30T13:00:00Z,304.09999999999997,155.3,505.0,252.0
2026-08-30T14:00:00Z,273.26666666666665,167.8,389.0,263.0
2026-08-30T15:00:00Z,262.1666666666667,235.5,263.0,288.0
2026-08-30T16:00:00Z,125.26666666666667,33.8,151.0,191.0
2026-08-30T17:00:00Z,35.766666666666666,18.3,53.0,36.0
2026-08-30T18:00:00Z,0.09999999999999999,0.3,0.0,0.0
2026-08-30T19:00:00Z,0.0,0.0,0.0,0.0
2026-08-30T20:00:00Z,0.0,0.0,0.0,0.0
2026-08-30T21:00:00Z,0.0,0.0,0.0,0.0
2026-08-30T22:00:00Z,0.0,0.0,0.0,0.0
2026-08-30T23:00:00Z,0.09999999999999999,0.3,0.0,0.0
2026-08-31T00:00:00Z,0.0,0.0,0.0,0.0
2026-08-31T01:00:00Z,0.0,0.0,0.0,0.0
2026-08-31T02:00:00Z,0.0,0.0,0.0,0.0
2026-08-31T03:00:00Z,0.0,0.0,0.0,0.0
2026-08-31T04:00:00Z,4.333333333333333,4.0,5.0,4.0
2026-08-31T05:00:00Z,69.83333333333333,53.5,69.0,87.0
2026-08-31T06:00:00Z,171.1,120.3,155.0,238.0
2026-08-31T07:00:00Z,288.09999999999997,232.3,241.0,391.0
2026-08-31T08:00:00Z,354.5,272.5,323.0,468.0
2026-08-31T09:00:00Z,395.43333333333334,370.3,394.0,422.0
2026-08-31T10:00:00Z,392.3333333333333,431.0,444.0,302.0
2026-08-31T11:00:00Z,406.59999999999997,367.8,472.0,380.0
2026-08-31T12:00:00Z,314.1666666666667,294.5,471.0,177.0
2026-08-31T13:00:00Z,259.26666666666665,185.8,422.0,170.0
2026-08-31T14:00:00Z,248.26666666666665,209.8,320.0,215.0
2026-08-31T15:00:00Z,265.43333333333334,251.3,204.0,341.0
2026-08-31T16:00:00Z,146.93333333333334,155.8,109.0,176.0
2026-08-31T17:00:00Z,32.833333333333336,21.5,36.0,41.0
2026-08-31T18:00:00Z,0.09999999999999999,0.3,0.0,0.0
2026-08-31T19:00:00Z,0.0,0.0,0.0,0.0
2026-08-31T20:00:00Z,0.0,0.0,0.0,0.0
2026-08-31T21:00:00Z,0.0,0.0,0.0,0.0
2026-08-31T22:00:00Z,0.0,0.0,0.0,0.0
2026-08-31T23:00:00Z,0.0,0.0,0.0,0.0
2026-09-01T00:00:00Z,0.09999999999999999,0.3,0.0,0.0
2026-09-01T01:00:00Z,0.0,0.0,0.0,0.0
2026-09-01T02:00:00Z,0.0,0.0,0.0,0.0
2026-09-01T03:00:00Z,0.09999999999999999,0.3,0.0,0.0
2026-09-01T04:00:00Z,3.1,3.3,3.0,3.0
2026-09-01T05:00:00Z,48.1,45.3,46.0,53.0
2026-09-01T06:00:00Z,114.93333333333334,89.8,120.0,135.0
2026-09-01T07:00:00Z,243.9333333333333,221.8,218.0,292.0
2026-09-01T08:00:00Z,389.09999999999997,359.3,345.0,463.0
2026-09-01T09:00:00Z,497.76666666666665,413.3,489.0,591.0
2026-09-01T10:00:00Z,568.7666666666667,423.3,595.0,688.0
2026-09-01T11:00:00Z,561.0,426.0,621.0,636.0
2026-09-01T12:00:00Z,335.6666666666667,201.0,581.0,225.0
2026-09-01T13:00:00Z,206.6,68.8,503.0,48.0
2026-09-01T14:00:00Z,281.26666666666665,274.8,395.0,174.0
2026-09-01T15:00:00Z,254.6,272.8,272.0,219.0
2026-09-01T16:00:00Z,167.33333333333334,173.0,156.0,173.0
2026-09-01T17:00:00Z,43.0,45.0,50.0,34.0
2026-09-01T18:00:00Z,0.0,0.0,0.0,0.0
2026-09-01T19:00:00Z,0.0,0.0,0.0,0.0
2026-09-01T20:00:00Z,0.0,0.0,0.0,0.0
2026-09-01T21:00:00Z,0.0,0.0,0.0,0.0
2026-09-01T22:00:00Z,0.0,0.0,0.0,0.0
2026-09-01T23:00:00Z,0.0,0.0,0.0,0.0
2026-09-02T00:00:00Z,0.0,0.0,0.0,0.0
2026-09-02T01:00:00Z,0.0,0.0,0.0,0.0
2026-09-02T02:00:00Z,0.0,0.0,0.0,0.0
2026-09-02T03:00:00Z,0.0,0.0,0.0,0.0
2026-09-02T04:00:00Z,1.7666666666666666,1.3,2.0,2.0
2026-09-02T05:00:00Z,34.43333333333333,20.3,45.0,38.0
2026-09-02T06:00:00Z,67.5,49.5,132.0,21.0
2026-09-02T07:00:00Z,146.93333333333334,179.8,227.0,34.0
2026-09-02T08:00:00Z,218.6,203.8,278.0,174.0
2026-09-02T09:00:00Z,300.09999999999997,139.3,279.0,482.0
2026-09-02T10:00:00Z,345.1666666666667,198.5,265.0,572.0
2026-09-02T11:00:00Z,211.16666666666666,296.5,257.0,80.0
2026-09-02T12:00:00Z,366.5,250.5,245.0,604.0
2026-09-02T13:00:00Z,150.5,171.5,236.0,44.0
2026-09-02T14:00:00Z,145.26666666666668,167.8,232.0,36.0
2026-09-02T15:00:00Z,149.5,167.5,208.0,73.0
2026-09-02T16:00:00Z,101.10000000000001,95.3,142.0,66.0
2026-09-02T17:00:00Z,34.166666666666664,24.5,45.0,33.0
2026-09-02T18:00:00Z,0.0,0.0,0.0,0.0
2026-09-02T19:00:00Z,0.0,0.0,0.0,0.0
2026-09-02T20:00:00Z,0.0,0.0,0.0,0.0
2026-09-02T21:00:00Z,0.0,0.0,0.0,0.0
2026-09-02T22:00:00Z,0.0,0.0,0.0,0.0
2026-09-02T23:00:00Z,0.0,0.0,0.0,0.0
2026-09-03T00:00:00Z,0.0,0.0,0.0,0.0
2026-09-03T01:00:00Z,0.0,0.0,0.0,0.0
2026-09-03T02:00:00Z,0.0,0.0,0.0,0.0
2026-09-03T03:00:00Z,0.0,0.0,0.0,0.0
2026-09-03T04:00:00Z,2.1666666666666665,2.5,2.0,2.0
2026-09-03T05:00:00Z,51.666666666666664,38.0,45.0,72.0
2026-09-03T06:00:00Z,131.43333333333334,101.3,107.0,186.0
2026-09-03T07:00:00Z,207.16666666666666,159.5,174.0,288.0
2026-09-03T08:00:00Z,195.6,157.8,246.0,183.0
2026-09-03T09:00:00Z,240.66666666666666,199.0,319.0,204.0
2026-09-03T10:00:00Z,231.4333333333333,228.3,383.0,83.0
2026-09-03T11:00:00Z,303.26666666666665,173.8,441.0,295.0
2026-09-03T12:00:00Z,348.93333333333334,162.8,474.0,410.0
2026-09-03T13:00:00Z,380.1666666666667,161.5,440.0,539.0
2026-09-03T14:00:00Z,188.9333333333333,84.8,324.0,158.0
2026-09-03T15:00:00Z,109.43333333333334,63.3,190.0,75.0
2026-09-03T16:00:00Z,44.0,20.0,91.0,21.0
2026-09-03T17:00:00Z,13.266666666666666,4.8,25.0,10.0
2026-09-03T18:00:00Z,0.0,0.0,0.0,0.0
2026-09-03T19:00:00Z,0.0,0.0,0.0,0.0
2026-09-03T20:00:00Z,0.0,0.0,0.0,0.0
2026-09-03T21:00:00Z,0.0,0.0,0.0,0.0
2026-09-03T22:00:00Z,0.0,0.0,0.0,0.0
2026-09-03T23:00:00Z,0.0,0.0,0.0,0.0
2026-09-04T00:00:00Z,0.09999999999999999,0.3,0.0,0.0
2026-09-04T01:00:00Z,0.0,0.0,0.0,0.0
2026-09-04T02:00:00Z,0.0,0.0,0.0,0.0
2026-09-04T03:00:00Z,0.09999999999999999,0.3,0.0,0.0
2026-09-04T04:00:00Z,2.5,2.5,3.0,2.0
2026-09-04T05:00:00Z,76.16666666666667,70.5,82.0,76.0
2026-09-04T06:00:00Z,213.83333333333334,202.5,210.0,229.0
2026-09-04T07:00:00Z,341.26666666666665,296.8,344.0,383.0
2026-09-04T08:00:00Z,459.1666666666667,398.5,454.0,525.0
2026-09-04T09:00:00Z,530.1666666666666,436.5,529.0,625.0
2026-09-04T10:00:00Z,552.1666666666666,490.5,564.0,602.0
2026-09-04T11:00:00Z,610.3333333333334,584.0,553.0,694.0
2026-09-04T12:00:00Z,493.1666666666667,589.5,501.0,389.0
2026-09-04T13:00:00Z,375.59999999999997,436.8,431.0,259.0
2026-09-04T14:00:00Z,296.43333333333334,336.3,356.0,197.0
2026-09-04T15:00:00Z,293.93333333333334,287.8,267.0,327.0
2026-09-04T16:00:00Z,148.26666666666668,135.8,160.0,149.0
2026-09-04T17:00:00Z,32.6,32.8,44.0,21.0
2026-09-04T18:00:00Z,0.0,0.0,0.0,0.0
2026-09-04T19:00:00Z,0.0,0.0,0.0,0.0
2026-09-04T20:00:00Z,0.0,0.0,0.0,0.0
2026-09-04T21:00:00Z,0.0,0.0,0.0,0.0
2026-09-04T22:00:00Z,0.0,0.0,0.0,0.0
2026-09-04T23:00:00Z,0.0,0.0,0.0,0.0
2026-09-05T00:00:00Z,0.0,0.0,0.0,0.0
2026-09-05T01:00:00Z,0.0,0.0,0.0,0.0
2026-09-05T02:00:00Z,0.0,0.0,0.0,0.0
2026-09-05T03:00:00Z,0.0,0.0,0.0,0.0
2026-09-05T04:00:00Z,2.433333333333333,2.3,3.0,2.0
2026-09-05T05:00:00Z,76.16666666666667,70.5,84.0,74.0
2026-09-05T06:00:00Z,219.76666666666665,210.3,223.0,226.0
2026-09-05T07:00:00Z,373.59999999999997,362.8,374.0,384.0
2026-09-05T08:00:00Z,504.43333333333334,491.3,505.0,517.0
2026-09-05T09:00:00Z,602.5,576.5,604.0,627.0
2026-09-05T10:00:00Z,651.9333333333333,609.8,664.0,682.0
2026-09-05T11:00:00Z,667.6,645.8,683.0,674.0
2026-09-05T12:00:00Z,646.5,614.5,654.0,671.0
2026-09-05T13:00:00Z,549.9333333333333,530.8,576.0,543.0
2026-09-05T14:00:00Z,454.3333333333333,437.0,453.0,473.0
2026-09-05T15:00:00Z,309.8333333333333,296.5,309.0,324.0
2026-09-05T16:00:00Z,161.6,149.8,171.0,164.0
2026-09-05T17:00:00Z,33.333333333333336,30.0,44.0,26.0
2026-09-05T18:00:00Z,0.09999999999999999,0.3,0.0,0.0
2026-09-05T19:00:00Z,0.0,0.0,0.0,0.0
2026-09-05T20:00:00Z,0.0,0.0,0.0,0.0
2026-09-05T21:00:00Z,0.0,0.0,0.0,0.0
2026-09-05T22:00:00Z,0.0,0.0,0.0,0.0
2026-09-05T23:00:00Z,0.0,0.0,0.0,0.0
2026-09-06T00:00:00Z,0.0,0.0,0.0,0.0
2026-09-06T01:00:00Z,0.0,0.0,0.0,0.0
2026-09-06T02:00:00Z,0.0,0.0,0.0,0.0
2026-09-06T03:00:00Z,0.0,0.0,0.0,0.0
2026-09-06T04:00:00Z,1.0999999999999999,1.3,1.0,1.0
2026-09-06T05:00:00Z,28.933333333333334,37.8,19.0,30.0
2026-09-06T06:00:00Z,81.26666666666667,132.8,53.0,58.0
2026-09-06T07:00:00Z,126.5,223.5,114.0,42.0
2026-09-06T08:00:00Z,217.5,247.5,248.0,157.0
2026-09-06T09:00:00Z,278.3333333333333,298.0,440.0,97.0
2026-09-06T10:00:00Z,371.59999999999997,438.8,601.0,75.0
2026-09-06T11:00:00Z,566.0,604.0,664.0,430.0
2026-09-06T12:00:00Z,577.2666666666667,631.8,647.0,453.0
2026-09-06T13:00:00Z,565.1666666666666,550.5,571.0,574.0
2026-09-06T14:00:00Z,446.0,436.0,446.0,456.0
2026-09-06T15:00:00Z,298.76666666666665,289.3,297.0,310.0
2026-09-06T16:00:00Z,151.93333333333334,141.8,160.0,154.0
2026-09-06T17:00:00Z,30.333333333333332,28.0,38.0,25.0
2026-09-06T18:00:00Z,0.0,0.0,0.0,0.0
2026-09-06T19:00:00Z,0.0,0.0,0.0,0.0
2026-09-06T20:00:00Z,0.0,0.0,0.0,0.0
2026-09-06T21:00:00Z,0.0,0.0,0.0,0.0
2026-09-06T22:00:00Z,0.0,0.0,0.0,0.0
2026-09-06T23:00:00Z,0.0,0.0,0.0,0.0
2026-09-07T00:00:00Z,0.0,0.0,0.0,0.0
2026-09-07T01:00:00Z,0.0,0.0,0.0,0.0
2026-09-07T02:00:00Z,0.0,0.0,0.0,0.0
2026-09-07T03:00:00Z,0.0,0.0,0.0,0.0
2026-09-07T04:00:00Z,1.0999999999999999,1.3,1.0,1.0
2026-09-07T05:00:00Z,44.0,47.0,58.0,27.0
2026-09-07T06:00:00Z,127.33333333333333,155.0,159.0,68.0
2026-09-07T07:00:00Z,312.93333333333334,307.8,273.0,358.0
2026-09-07T08:00:00Z,448.76666666666665,469.3,394.0,483.0
2026-09-07T09:00:00Z,523.0,505.0,510.0,554.0
2026-09-07T10:00:00Z,611.0,591.0,591.0,651.0
2026-09-07T11:00:00Z,636.3333333333334,615.0,619.0,675.0
2026-09-07T12:00:00Z,597.1666666666666,549.5,594.0,648.0
2026-09-07T13:00:00Z,531.9333333333333,513.8,515.0,567.0
2026-09-07T14:00:00Z,309.1666666666667,431.5,386.0,110.0
2026-09-07T15:00:00Z,169.5,182.5,243.0,83.0
2026-09-07T16:00:00Z,100.5,112.5,123.0,66.0
2026-09-07T17:00:00Z,22.099999999999998,16.3,27.0,23.0
2026-09-07T18:00:00Z,0.0,0.0,0.0,0.0
2026-09-07T19:00:00Z,0.0,0.0,0.0,0.0
2026-09-07T20:00:00Z,0.0,0.0,0.0,0.0
2026-09-07T21:00:00Z,0.0,0.0,0.0,0.0
2026-09-07T22:00:00Z,0.0,0.0,0.0,0.0
2026-09-07T23:00:00Z,0.0,0.0,0.0,0.0
2026-09-08T00:00:00Z,0.0,0.0,0.0,0.0
2026-09-08T01:00:00Z,0.0,0.0,0.0,0.0
2026-09-08T02:00:00Z,0.0,0.0,0.0,0.0
2026-09-08T03:00:00Z,0.0,0.0,0.0,0.0
2026-09-08T04:00:00Z,0.43333333333333335,0.3,1.0,0.0
2026-09-08T05:00:00Z,40.5,14.5,63.0,44.0
2026-09-08T06:00:00Z,135.93333333333334,78.8,171.0,158.0
2026-09-08T07:00:00Z,268.5,264.5,282.0,259.0
2026-09-08T08:00:00Z,371.3333333333333,309.0,377.0,428.0
2026-09-08T09:00:00Z,424.09999999999997,393.3,446.0,433.0
2026-09-08T10:00:00Z,385.5,422.5,490.0,244.0
2026-09-08T11:00:00Z,380.43333333333334,414.3,515.0,212.0
2026-09-08T12:00:00Z,353.43333333333334,412.3,509.0,139.0
2026-09-08T13:00:00Z,347.93333333333334,392.8,453.0,198.0
2026-09-08T14:00:00Z,264.5,328.5,346.0,119.0
2026-09-08T15:00:00Z,184.83333333333334,221.5,222.0,111.0
2026-09-08T16:00:00Z,105.43333333333334,96.3,114.0,106.0
2026-09-08T17:00:00Z,20.933333333333334,19.8,23.0,20.0
2026-09-08T18:00:00Z,0.0,0.0,0.0,0.0
2026-09-08T19:00:00Z,0.0,0.0,0.0,0.0
2026-09-08T20:00:00Z,0.0,0.0,0.0,0.0
2026-09-08T21:00:00Z,0.0,0.0,0.0,0.0
2026-09-08T22:00:00Z,0.0,0.0,0.0,0.0
2026-09-08T23:00:00Z,0.0,0.0,0.0,0.0
2026-09-09T00:00:00Z,0.0,0.0,0.0,0.0
2026-09-09T01:00:00Z,0.0,0.0,0.0,0.0
2026-09-09T02:00:00Z,0.0,0.0,0.0,0.0
2026-09-09T03:00:00Z,0.0,0.0,0.0,0.0
2026-09-09T04:00:00Z,0.26666666666666666,0.8,0.0,0.0
2026-09-09T05:00:00Z,46.333333333333336,48.0,42.0,49.0
2026-09-09T06:00:00Z,113.60000000000001,164.8,143.0,33.0
2026-09-09T07:00:00Z,199.4333333333333,269.3,259.0,70.0
2026-09-09T08:00:00Z,265.59999999999997,333.8,341.0,122.0
2026-09-09T09:00:00Z,308.43333333333334,376.3,378.0,171.0
2026-09-09T10:00:00Z,374.6666666666667,481.0,397.0,246.0
2026-09-09T11:00:00Z,359.3333333333333,453.0,420.0,205.0
2026-09-09T12:00:00Z,551.6666666666666,597.0,426.0,632.0
2026-09-09T13:00:00Z,480.3333333333333,471.0,391.0,579.0
2026-09-09T14:00:00Z,369.76666666666665,343.3,309.0,457.0
2026-09-09T15:00:00Z,251.66666666666666,241.0,208.0,306.0
2026-09-09T16:00:00Z,117.43333333333334,98.3,109.0,145.0
2026-09-09T17:00:00Z,17.266666666666666,11.8,21.0,19.0
2026-09-09T18:00:00Z,0.0,0.0,0.0,0.0
2026-09-09T19:00:00Z,0.0,0.0,0.0,0.0
2026-09-09T20:00:00Z,0.0,0.0,0.0,0.0
2026-09-09T21:00:00Z,0.0,0.0,0.0,0.0
2026-09-09T22:00:00Z,0.0,0.0,0.0,0.0
2026-09-09T23:00:00Z,0.0,0.0,0.0,0.0
2026-09-10T00:00:00Z,0.0,0.0,0.0,0.0
2026-09-10T01:00:00Z,0.0,0.0,0.0,0.0
2026-09-10T02:00:00Z,0.0,0.0,0.0,0.0
2026-09-10T03:00:00Z,0.0,0.0,0.0,0.0
2026-09-10T04:00:00Z,0.5,0.5,1.0,0.0
2026-09-10T05:00:00Z,59.0,49.0,70.0,58.0
2026-09-10T06:00:00Z,195.4333333333333,169.3,208.0,209.0
2026-09-10T07:00:00Z,342.93333333333334,313.8,354.0,361.0
2026-09-10T08:00:00Z,463.09999999999997,476.3,471.0,442.0
2026-09-10T09:00:00Z,547.6,548.8,544.0,550.0
2026-09-10T10:00:00Z,574.8333333333334,559.5,558.0,607.0
2026-09-10T11:00:00Z,503.8333333333333,516.5,495.0,500.0
2026-09-10T12:00:00Z,439.43333333333334,354.3,382.0,582.0
2026-09-10T13:00:00Z,358.0,292.0,273.0,509.0
2026-09-10T14:00:00Z,163.26666666666668,170.8,190.0,129.0
2026-09-10T15:00:00Z,83.33333333333333,93.0,121.0,36.0
2026-09-10T16:00:00Z,53.166666666666664,46.5,61.0,52.0
2026-09-10T17:00:00Z,6.433333333333334,4.3,11.0,4.0
2026-09-10T18:00:00Z,0.0,0.0,0.0,0.0
2026-09-10T19:00:00Z,0.0,0.0,0.0,0.0
2026-09-10T20:00:00Z,0.0,0.0,0.0,0.0
2026-09-10T21:00:00Z,0.0,0.0,0.0,0.0
2026-09-10T22:00:00Z,0.0,0.0,0.0,0.0
2026-09-10T23:00:00Z,0.0,0.0,0.0,0.0
2026-09-11T00:00:00Z,0.0,0.0,0.0,0.0
2026-09-11T01:00:00Z,0.0,0.0,0.0,0.0
2026-09-11T02:00:00Z,0.0,0.0,0.0,0.0
2026-09-11T03:00:00Z,0.0,0.0,0.0,0.0
2026-09-11T04:00:00Z,0.09999999999999999,0.3,0.0,0.0
2026-09-11T05:00:00Z,23.0,31.0,21.0,17.0
2026-09-11T06:00:00Z,68.60000000000001,97.8,69.0,39.0
2026-09-11T07:00:00Z,134.93333333333334,186.8,135.0,83.0
2026-09-11T08:00:00Z,215.33333333333334,274.0,224.0,148.0
2026-09-11T09:00:00Z,329.43333333333334,371.3,327.0,290.0
2026-09-11T10:00:00Z,374.8333333333333,409.5,405.0,310.0
2026-09-11T11:00:00Z,337.76666666666665,429.3,430.0,154.0
2026-09-11T12:00:00Z,363.0,477.0,409.0,203.0
2026-09-11T13:00:00Z,385.5,343.5,348.0,465.0
2026-09-11T14:00:00Z,211.33333333333334,257.0,252.0,125.0
2026-09-11T15:00:00Z,115.60000000000001,152.8,148.0,46.0
2026-09-11T16:00:00Z,68.93333333333334,52.8,68.0,86.0
2026-09-11T17:00:00Z,10.1,10.3,11.0,9.0
2026-09-11T18:00:00Z,0.0,0.0,0.0,0.0
2026-09-11T19:00:00Z,0.0,0.0,0.0,0.0
2026-09-11T20:00:00Z,0.0,0.0,0.0,0.0
2026-09-11T21:00:00Z,0.0,0.0,0.0,0.0
2026-09-11T22:00:00Z,0.0,0.0,0.0,0.0
2026-09-11T23:00:00Z,0.0,0.0,0.0,0.0
2026-09-12T00:00:00Z,0.0,0.0,0.0,0.0
2026-09-12T01:00:00Z,0.0,0.0,0.0,0.0
2026-09-12T02:00:00Z,0.0,0.0,0.0,0.0
2026-09-12T03:00:00Z,0.0,0.0,0.0,0.0
2026-09-12T04:00:00Z,0.0,0.0,0.0,0.0
2026-09-12T05:00:00Z,11.166666666666666,4.5,27.0,2.0
2026-09-12T06:00:00Z,39.43333333333333,11.3,61.0,46.0
2026-09-12T07:00:00Z,42.333333333333336,37.0,81.0,9.0
2026-09-12T08:00:00Z,60.666666666666664,83.0,91.0,8.0
2026-09-12T09:00:00Z,92.60000000000001,145.8,97.0,35.0
2026-09-12T10:00:00Z,110.66666666666667,148.0,112.0,72.0
2026-09-12T11:00:00Z,157.1,153.3,162.0,156.0
2026-09-12T12:00:00Z,174.66666666666666,169.0,217.0,138.0
2026-09-12T13:00:00Z,136.0,149.0,218.0,41.0
2026-09-12T14:00:00Z,99.60000000000001,124.8,146.0,28.0
2026-09-12T15:00:00Z,60.1,106.3,63.0,11.0
2026-09-12T16:00:00Z,11.933333333333332,11.8,18.0,6.0
2026-09-12T17:00:00Z,1.1666666666666667,1.5,2.0,0.0
2026-09-12T18:00:00Z,0.0,0.0,0.0,0.0
2026-09-12T19:00:00Z,0.0,0.0,0.0,0.0
2026-09-12T20:00:00Z,0.0,0.0,0.0,0.0
2026-09-12T21:00:00Z,0.0,0.0,0.0,0.0
2026-09-12T22:00:00Z,0.0,0.0,0.0,0.0
2026-09-12T23:00:00Z,0.0,0.0,0.0,0.0
2026-09-13T00:00:00Z,0.0,0.0,0.0,0.0
2026-09-13T01:00:00Z,0.0,0.0,0.0,0.0
2026-09-13T02:00:00Z,0.0,0.0,0.0,0.0
2026-09-13T03:00:00Z,0.0,0.0,0.0,0.0
2026-09-13T04:00:00Z,0.0,0.0,0.0,0.0
2026-09-13T05:00:00Z,25.5,25.5,34.0,17.0
2026-09-13T06:00:00Z,110.0,123.0,123.0,84.0
2026-09-13T07:00:00Z,236.76666666666665,221.3,223.0,266.0
2026-09-13T08:00:00Z,292.6666666666667,284.0,283.0,311.0
2026-09-13T09:00:00Z,304.09999999999997,238.3,296.0,378.0
2026-09-13T10:00:00Z,376.26666666666665,343.8,296.0,489.0
2026-09-13T11:00:00Z,416.8333333333333,387.5,307.0,556.0
2026-09-13T12:00:00Z,413.26666666666665,397.8,311.0,531.0
2026-09-13T13:00:00Z,411.5,405.5,294.0,535.0
2026-09-13T14:00:00Z,333.76666666666665,330.3,254.0,417.0
2026-09-13T15:00:00Z,227.6,219.8,191.0,272.0
2026-09-13T16:00:00Z,108.93333333333334,106.8,104.0,116.0
2026-09-13T17:00:00Z,11.766666666666666,11.3,14.0,10.0
2026-09-13T18:00:00Z,0.0,0.0,0.0,0.0
2026-09-13T19:00:00Z,0.0,0.0,0.0,0.0
2026-09-13T20:00:00Z,0.0,0.0,0.0,0.0
2026-09-13T21:00:00Z,0.0,0.0,0.0,0.0
2026-09-13T22:00:00Z,0.0,0.0,0.0,0.0
2026-09-13T23:00:00Z,0.0,0.0,0.0,0.0
2026-09-14T00:00:00Z,0.0,0.0,0.0,0.0
2026-09-14T01:00:00Z,0.0,0.0,0.0,0.0
2026-09-14T02:00:00Z,0.0,0.0,0.0,0.0
2026-09-14T03:00:00Z,0.0,0.0,0.0,0.0
2026-09-14T04:00:00Z,0.0,0.0,0.0,0.0
2026-09-14T05:00:00Z,43.93333333333334,40.8,50.0,41.0
2026-09-14T06:00:00Z,172.83333333333334,159.5,178.0,181.0
2026-09-14T07:00:00Z,321.43333333333334,307.3,325.0,332.0
2026-09-14T08:00:00Z,442.5,410.5,450.0,467.0
2026-09-14T09:00:00Z,529.9333333333333,482.8,538.0,569.0
2026-09-14T10:00:00Z,599.1,588.3,581.0,628.0
2026-09-14T11:00:00Z,526.6,445.8,568.0,566.0
2026-09-14T12:00:00Z,390.0,434.0,507.0,229.0
2026-09-14T13:00:00Z,328.0,444.0,421.0,119.0
2026-09-14T14:00:00Z,263.5,325.5,321.0,144.0
2026-09-14T15:00:00Z,192.26666666666665,223.8,213.0,140.0
2026-09-14T16:00:00Z,89.76666666666667,85.3,104.0,80.0
2026-09-14T17:00:00Z,7.833333333333333,8.5,12.0,3.0
2026-09-14T18:00:00Z,0.0,0.0,0.0,0.0
2026-09-14T19:00:00Z,0.0,0.0,0.0,0.0
2026-09-14T20:00:00Z,0.0,0.0,0.0,0.0
2026-09-14T21:00:00Z,0.0,0.0,0.0,0.0
2026-09-14T22:00:00Z,0.0,0.0,0.0,0.0
2026-09-14T23:00:00Z,0.0,0.0,0.0,0.0
2026-09-15T00:00:00Z,0.0,0.0,0.0,0.0
2026-09-15T01:00:00Z,0.0,0.0,0.0,0.0
2026-09-15T02:00:00Z,0.0,0.0,0.0,0.0
2026-09-15T03:00:00Z,0.0,0.0,0.0,0.0
2026-09-15T04:00:00Z,0.0,0.0,0.0,0.0
2026-09-15T05:00:00Z,11.833333333333334,8.5,18.0,9.0
2026-09-15T06:00:00Z,55.333333333333336,21.0,85.0,60.0
2026-09-15T07:00:00Z,78.26666666666667,31.8,181.0,22.0
2026-09-15T08:00:00Z,117.33333333333333,46.0,287.0,19.0
2026-09-15T09:00:00Z,271.76666666666665,167.3,391.0,257.0
2026-09-15T10:00:00Z,489.43333333333334,359.3,474.0,635.0
2026-09-15T11:00:00Z,527.8333333333334,502.5,525.0,556.0
2026-09-15T12:00:00Z,472.59999999999997,401.8,531.0,485.0
2026-09-15T13:00:00Z,410.1666666666667,295.5,481.0,454.0
2026-09-15T14:00:00Z,350.3333333333333,311.0,374.0,366.0
2026-09-15T15:00:00Z,245.5,239.5,241.0,256.0
2026-09-15T16:00:00Z,94.26666666666667,64.8,113.0,105.0
2026-09-15T17:00:00Z,6.833333333333333,6.5,12.0,2.0
2026-09-15T18:00:00Z,0.0,0.0,0.0,0.0
2026-09-15T19:00:00Z,0.0,0.0,0.0,0.0
2026-09-15T20:00:00Z,0.0,0.0,0.0,0.0
2026-09-15T21:00:00Z,0.0,0.0,0.0,0.0
2026-09-15T22:00:00Z,0.0,0.0,0.0,0.0
2026-09-15T23:00:00Z,0.0,0.0,0.0,0.0
2026-09-16T00:00:00Z,0.0,0.0,0.0,0.0
2026-09-16T01:00:00Z,0.0,0.0,0.0,0.0
2026-09-16T02:00:00Z,0.0,0.0,0.0,0.0
2026-09-16T03:00:00Z,0.0,0.0,0.0,0.0
2026-09-16T04:00:00Z,0.0,0.0,0.0,0.0
2026-09-16T05:00:00Z,37.0,41.0,35.0,35.0
2026-09-16T06:00:00Z,149.93333333333334,161.8,137.0,151.0
2026-09-16T07:00:00Z,252.5,263.5,258.0,236.0
2026-09-16T08:00:00Z,347.3333333333333,347.0,372.0,323.0
2026-09-16T09:00:00Z,449.43333333333334,439.3,467.0,442.0
2026-09-16T10:00:00Z,483.3333333333333,472.0,522.0,456.0
2026-09-16T11:00:00Z,505.6666666666667,467.0,524.0,526.0
2026-09-16T12:00:00Z,472.8333333333333,388.5,476.0,554.0
2026-09-16T13:00:00Z,409.59999999999997,312.8,397.0,519.0
2026-09-16T14:00:00Z,278.8333333333333,204.5,293.0,339.0
2026-09-16T15:00:00Z,181.1,182.3,183.0,178.0
2026-09-16T16:00:00Z,75.66666666666667,75.0,82.0,70.0
2026-09-16T17:00:00Z,5.933333333333334,5.8,7.0,5.0
2026-09-16T18:00:00Z,0.0,0.0,0.0,0.0
2026-09-16T19:00:00Z,0.0,0.0,0.0,0.0
2026-09-16T20:00:00Z,0.0,0.0,0.0,0.0
2026-09-16T21:00:00Z,0.0,0.0,0.0,0.0
2026-09-16T22:00:00Z,0.0,0.0,0.0,0.0
2026-09-16T23:00:00Z,0.0,0.0,0.0,0.0
2026-09-17T00:00:00Z,0.0,0.0,0.0,0.0
2026-09-17T01:00:00Z,0.0,0.0,0.0,0.0
2026-09-17T02:00:00Z,0.0,0.0,0.0,0.0
2026-09-17T03:00:00Z,0.0,0.0,0.0,0.0
2026-09-17T04:00:00Z,0.0,0.0,0.0,0.0
2026-09-17T05:00:00Z,25.433333333333334,28.3,21.0,27.0
2026-09-17T06:00:00Z,126.76666666666667,134.3,123.0,123.0
2026-09-17T07:00:00Z,267.8333333333333,263.5,272.0,268.0
2026-09-17T08:00:00Z,398.1666666666667,320.5,403.0,471.0
2026-09-17T09:00:00Z,507.6666666666667,456.0,496.0,571.0
2026-09-17T10:00:00Z,430.76666666666665,478.3,541.0,273.0
2026-09-17T11:00:00Z,316.5,305.5,530.0,114.0
2026-09-17T12:00:00Z,294.59999999999997,284.8,465.0,134.0
2026-09-17T13:00:00Z,298.3333333333333,375.0,378.0,142.0
2026-09-17T14:00:00Z,182.26666666666665,193.8,281.0,72.0
2026-09-17T15:00:00Z,149.5,149.5,178.0,121.0
2026-09-17T16:00:00Z,82.66666666666667,80.0,81.0,87.0
2026-09-17T17:00:00Z,5.766666666666667,6.3,6.0,5.0
2026-09-17T18:00:00Z,0.0,0.0,0.0,0.0
2026-09-17T19:00:00Z,0.0,0.0,0.0,0.0
2026-09-17T20:00:00Z,0.0,0.0,0.0,0.0
2026-09-17T21:00:00Z,0.0,0.0,0.0,0.0
2026-09-17T22:00:00Z,0.0,0.0,0.0,0.0
2026-09-17T23:00:00Z,0.0,0.0,0.0,0.0
2026-09-18T00:00:00Z,0.0,0.0,0.0,0.0
2026-09-18T01:00:00Z,0.0,0.0,0.0,0.0
2026-09-18T02:00:00Z,0.0,0.0,0.0,0.0
2026-09-18T03:00:00Z,0.0,0.0,0.0,0.0
2026-09-18T04:00:00Z,0.0,0.0,0.0,0.0
2026-09-18T05:00:00Z,26.5,21.5,29.0,29.0
2026-09-18T06:00:00Z,66.5,71.5,106.0,22.0
2026-09-18T07:00:00Z,121.5,138.5,187.0,39.0
2026-09-18T08:00:00Z,199.26666666666665,279.8,267.0,51.0
2026-09-18T09:00:00Z,310.93333333333334,328.8,339.0,265.0
2026-09-18T10:00:00Z,357.6666666666667,253.0,383.0,437.0
2026-09-18T11:00:00Z,431.76666666666665,402.3,382.0,511.0
2026-09-18T12:00:00Z,441.43333333333334,494.3,347.0,483.0
2026-09-18T13:00:00Z,365.59999999999997,410.8,299.0,387.0
2026-09-18T14:00:00Z,246.16666666666666,247.5,245.0,246.0
2026-09-18T15:00:00Z,153.83333333333334,119.5,175.0,167.0
2026-09-18T16:00:00Z,72.93333333333334,62.8,84.0,72.0
2026-09-18T17:00:00Z,4.166666666666667,3.5,6.0,3.0
2026-09-18T18:00:00Z,0.0,0.0,0.0,0.0
2026-09-18T19:00:00Z,0.0,0.0,0.0,0.0
2026-09-18T20:00:00Z,0.0,0.0,0.0,0.0
2026-09-18T21:00:00Z,0.0,0.0,0.0,0.0
2026-09-18T22:00:00Z,0.0,0.0,0.0,0.0
2026-09-18T23:00:00Z,0.0,0.0,0.0,0.0
2026-09-19T00:00:00Z,0.0,0.0,0.0,0.0
2026-09-19T01:00:00Z,0.0,0.0,0.0,0.0
2026-09-19T02:00:00Z,0.0,0.0,0.0,0.0
2026-09-19T03:00:00Z,0.0,0.0,0.0,0.0
2026-09-19T04:00:00Z,0.0,0.0,0.0,0.0
2026-09-19T05:00:00Z,15.5,4.5,18.0,24.0
2026-09-19T06:00:00Z,60.1,25.3,68.0,87.0
2026-09-19T07:00:00Z,92.76666666666667,56.3,118.0,104.0
2026-09-19T08:00:00Z,117.0,64.0,157.0,130.0
2026-09-19T09:00:00Z,275.26666666666665,276.8,187.0,362.0
2026-09-19T10:00:00Z,183.66666666666666,249.0,226.0,76.0
2026-09-19T11:00:00Z,253.26666666666665,381.8,296.0,82.0
2026-09-19T12:00:00Z,230.0,306.0,363.0,21.0
2026-09-19T13:00:00Z,199.0,208.0,370.0,19.0
2026-09-19T14:00:00Z,205.4333333333333,211.3,302.0,103.0
2026-09-19T15:00:00Z,192.1,145.3,198.0,233.0
2026-09-19T16:00:00Z,68.83333333333333,54.5,88.0,64.0
2026-09-19T17:00:00Z,4.0,4.0,5.0,3.0
2026-09-19T18:00:00Z,0.0,0.0,0.0,0.0
2026-09-19T19:00:00Z,0.0,0.0,0.0,0.0
2026-09-19T20:00:00Z,0.0,0.0,0.0,0.0
2026-09-19T21:00:00Z,0.0,0.0,0.0,0.0
2026-09-19T22:00:00Z,0.0,0.0,0.0,0.0
2026-09-19T23:00:00Z,0.0,0.0,0.0,0.0
2026-09-20T00:00:00Z,0.0,0.0,0.0,0.0
2026-09-20T01:00:00Z,0.0,0.0,0.0,0.0
2026-09-20T02:00:00Z,0.0,0.0,0.0,0.0
2026-09-20T03:00:00Z,0.0,0.0,0.0,0.0
2026-09-20T04:00:00Z,0.0,0.0,0.0,0.0
2026-09-20T05:00:00Z,25.0,24.0,32.0,19.0
2026-09-20T06:00:00Z,107.5,97.5,131.0,94.0
2026-09-20T07:00:00Z,205.1,200.3,235.0,180.0
2026-09-20T08:00:00Z,314.59999999999997,319.8,328.0,296.0
2026-09-20T09:00:00Z,401.3333333333333,442.0,400.0,362.0
2026-09-20T10:00:00Z,368.1666666666667,498.5,440.0,166.0
2026-09-20T11:00:00Z,325.0,378.0,437.0,160.0
2026-09-20T12:00:00Z,310.76666666666665,362.3,396.0,174.0
2026-09-20T13:00:00Z,334.09999999999997,359.3,335.0,308.0
2026-09-20T14:00:00Z,298.43333333333334,262.3,260.0,373.0
2026-09-20T15:00:00Z,189.83333333333334,178.5,172.0,219.0
2026-09-20T16:00:00Z,69.26666666666667,64.8,76.0,67.0
2026-09-20T17:00:00Z,2.5,2.5,3.0,2.0
2026-09-20T18:00:00Z,0.0,0.0,0.0,0.0
2026-09-20T19:00:00Z,0.0,0.0,0.0,0.0
2026-09-20T20:00:00Z,0.0,0.0,0.0,0.0
2026-09-20T21:00:00Z,0.0,0.0,0.0,0.0
2026-09-20T22:00:00Z,0.0,0.0,0.0,0.0
2026-09-20T23:00:00Z,0.0,0.0,0.0,0.0
2026-09-21T00:00:00Z,0.0,0.0,0.0,0.0
2026-09-21T01:00:00Z,0.0,0.0,0.0,0.0
2026-09-21T02:00:00Z,0.0,0.0,0.0,0.0
2026-09-21T03:00:00Z,0.0,0.0,0.0,0.0
2026-09-21T04:00:00Z,0.0,0.0,0.0,0.0
2026-09-21T05:00:00Z,21.666666666666668,21.0,19.0,25.0
2026-09-21T06:00:00Z,114.5,100.5,109.0,134.0
2026-09-21T07:00:00Z,245.83333333333334,228.5,227.0,282.0
2026-09-21T08:00:00Z,389.09999999999997,409.3,317.0,441.0
2026-09-21T09:00:00Z,459.26666666666665,465.8,364.0,548.0
2026-09-21T10:00:00Z,479.93333333333334,443.8,387.0,609.0
2026-09-21T11:00:00Z,452.3333333333333,337.0,400.0,620.0
2026-09-21T12:00:00Z,449.6666666666667,379.0,389.0,581.0
2026-09-21T13:00:00Z,386.1666666666667,311.5,350.0,497.0
2026-09-21T14:00:00Z,324.6666666666667,315.0,284.0,375.0
2026-09-21T15:00:00Z,199.9333333333333,179.8,194.0,226.0
2026-09-21T16:00:00Z,71.93333333333334,55.8,85.0,75.0
2026-09-21T17:00:00Z,1.9333333333333333,1.8,3.0,1.0
2026-09-21T18:00:00Z,0.0,0.0,0.0,0.0
2026-09-21T19:00:00Z,0.0,0.0,0.0,0.0
2026-09-21T20:00:00Z,0.0,0.0,0.0,0.0
2026-09-21T21:00:00Z,0.0,0.0,0.0,0.0
2026-09-21T22:00:00Z,0.0,0.0,0.0,0.0
2026-09-21T23:00:00Z,0.0,0.0,0.0,0.0
2026-09-22T00:00:00Z,0.0,0.0,0.0,0.0
2026-09-22T01:00:00Z,0.0,0.0,0.0,0.0
2026-09-22T02:00:00Z,0.0,0.0,0.0,0.0
2026-09-22T03:00:00Z,0.0,0.0,0.0,0.0
2026-09-22T04:00:00Z,0.0,0.0,0.0,0.0
2026-09-22T05:00:00Z,27.433333333333334,27.3,32.0,23.0
2026-09-22T06:00:00Z,150.93333333333334,145.8,156.0,151.0
2026-09-22T07:00:00Z,284.76666666666665,285.3,301.0,268.0
2026-09-22T08:00:00Z,400.5,410.5,423.0,368.0
2026-09-22T09:00:00Z,518.1666666666666,513.5,508.0,533.0
2026-09-22T10:00:00Z,551.6,566.8,555.0,533.0
2026-09-22T11:00:00Z,553.6666666666666,567.0,566.0,528.0
2026-09-22T12:00:00Z,508.3333333333333,510.0,535.0,480.0
2026-09-22T13:00:00Z,446.76666666666665,423.3,457.0,460.0
2026-09-22T14:00:00Z,321.43333333333334,331.3,336.0,297.0
2026-09-22T15:00:00Z,172.9333333333333,175.8,202.0,141.0
2026-09-22T16:00:00Z,64.76666666666667,53.3,78.0,63.0
2026-09-22T17:00:00Z,1.5,1.5,2.0,1.0
2026-09-22T18:00:00Z,0.0,0.0,0.0,0.0
2026-09-22T19:00:00Z,0.0,0.0,0.0,0.0
2026-09-22T20:00:00Z,0.0,0.0,0.0,0.0
2026-09-22T21:00:00Z,0.0,0.0,0.0,0.0
2026-09-22T22:00:00Z,0.0,0.0,0.0,0.0
2026-09-22T23:00:00Z,0.0,0.0,0.0,0.0
2026-09-23T00:00:00Z,0.0,0.0,0.0,0.0
2026-09-23T01:00:00Z,0.0,0.0,0.0,0.0
2026-09-23T02:00:00Z,0.0,0.0,0.0,0.0
2026-09-23T03:00:00Z,0.0,0.0,0.0,0.0
2026-09-23T04:00:00Z,0.0,0.0,0.0,0.0
2026-09-23T05:00:00Z,16.433333333333334,23.3,23.0,3.0
2026-09-23T06:00:00Z,87.76666666666667,128.3,124.0,11.0
2026-09-23T07:00:00Z,179.4333333333333,249.3,253.0,36.0
2026-09-23T08:00:00Z,269.09999999999997,329.3,381.0,97.0
2026-09-23T09:00:00Z,309.59999999999997,326.8,488.0,114.0
2026-09-23T10:00:00Z,518.8333333333334,417.5,538.0,601.0
2026-09-23T11:00:00Z,485.93333333333334,386.8,494.0,577.0
2026-09-23T12:00:00Z,396.8333333333333,436.5,387.0,367.0
2026-09-23T13:00:00Z,357.1666666666667,301.5,285.0,485.0
2026-09-23T14:00:00Z,290.93333333333334,300.8,209.0,363.0
2026-09-23T15:00:00Z,178.6,185.8,136.0,214.0
2026-09-23T16:00:00Z,57.666666666666664,53.0,55.0,65.0
2026-09-23T17:00:00Z,1.0,1.0,1.0,1.0
2026-09-23T18:00:00Z,0.0,0.0,0.0,0.0
2026-09-23T19:00:00Z,0.0,0.0,0.0,0.0
2026-09-23T20:00:00Z,0.0,0.0,0.0,0.0
2026-09-23T21:00:00Z,0.0,0.0,0.0,0.0
2026-09-23T22:00:00Z,0.0,0.0,0.0,0.0
2026-09-23T23:00:00Z,0.0,0.0,0.0,0.0
2026-09-24T00:00:00Z,0.0,0.0,0.0,0.0
2026-09-24T01:00:00Z,0.0,0.0,0.0,0.0
2026-09-24T02:00:00Z,0.0,0.0,0.0,0.0
2026-09-24T03:00:00Z,0.0,0.0,0.0,0.0
2026-09-24T04:00:00Z,0.0,0.0,0.0,0.0
2026-09-24T05:00:00Z,24.933333333333334,23.8,28.0,23.0
2026-09-24T06:00:00Z,147.93333333333334,137.8,153.0,153.0
2026-09-24T07:00:00Z,297.09999999999997,281.3,302.0,308.0
2026-09-24T08:00:00Z,431.59999999999997,416.8,434.0,444.0
2026-09-24T09:00:00Z,528.6,507.8,532.0,546.0
2026-09-24T10:00:00Z,574.1,530.3,588.0,604.0
2026-09-24T11:00:00Z,580.1,539.3,596.0,605.0
2026-09-24T12:00:00Z,551.0,537.0,553.0,563.0
2026-09-24T13:00:00Z,465.0,459.0,467.0,469.0
2026-09-24T14:00:00Z,344.93333333333334,338.8,344.0,352.0
2026-09-24T15:00:00Z,202.33333333333334,193.0,207.0,207.0
2026-09-24T16:00:00Z,64.16666666666667,57.5,75.0,60.0
2026-09-24T17:00:00Z,0.5,0.5,1.0,0.0
2026-09-24T18:00:00Z,0.0,0.0,0.0,0.0
2026-09-24T19:00:00Z,0.0,0.0,0.0,0.0
2026-09-24T20:00:00Z,0.0,0.0,0.0,0.0
2026-09-24T21:00:00Z,0.0,0.0,0.0,0.0
2026-09-24T22:00:00Z,0.0,0.0,0.0,0.0
2026-09-24T23:00:00Z,0.0,0.0,0.0,0.0
2026-09-25T00:00:00Z,0.0,0.0,0.0,0.0
2026-09-25T01:00:00Z,0.0,0.0,0.0,0.0
2026-09-25T02:00:00Z,0.0,0.0,0.0,0.0
2026-09-25T03:00:00Z,0.0,0.0,0.0,0.0
2026-09-25T04:00:00Z,0.0,0.0,0.0,0.0
2026-09-25T05:00:00Z,22.933333333333334,21.8,27.0,20.0
2026-09-25T06:00:00Z,142.83333333333334,132.5,151.0,145.0
2026-09-25T07:00:00Z,282.8333333333333,260.5,293.0,295.0
2026-09-25T08:00:00Z,394.26666666666665,378.8,412.0,392.0
2026-09-25T09:00:00Z,467.1666666666667,468.5,492.0,441.0
2026-09-25T10:00:00Z,521.6,526.8,534.0,504.0
2026-09-25T11:00:00Z,498.26666666666665,515.8,542.0,437.0
2026-09-25T12:00:00Z,453.93333333333334,468.8,509.0,384.0
2026-09-25T13:00:00Z,367.43333333333334,294.3,425.0,383.0
2026-09-25T14:00:00Z,251.6,193.8,295.0,266.0
2026-09-25T15:00:00Z,150.0,135.0,160.0,155.0
2026-09-25T16:00:00Z,46.0,44.0,51.0,43.0
2026-09-25T17:00:00Z,0.09999999999999999,0.3,0.0,0.0
2026-09-25T18:00:00Z,0.0,0.0,0.0,0.0
2026-09-25T19:00:00Z,0.0,0.0,0.0,0.0
2026-09-25T20:00:00Z,0.0,0.0,0.0,0.0
2026-09-25T21:00:00Z,0.0,0.0,0.0,0.0
2026-09-25T22:00:00Z,0.0,0.0,0.0,0.0
2026-09-25T23:00:00Z,0.0,0.0,0.0,0.0
2026-09-26T00:00:00Z,0.0,0.0,0.0,0.0
2026-09-26T01:00:00Z,0.0,0.0,0.0,0.0
2026-09-26T02:00:00Z,0.0,0.0,0.0,0.0
2026-09-26T03:00:00Z,0.0,0.0,0.0,0.0
2026-09-26T04:00:00Z,0.0,0.0,0.0,0.0
2026-09-26T05:00:00Z,16.099999999999998,17.3,18.0,13.0
2026-09-26T06:00:00Z,108.26666666666667,113.8,112.0,99.0
2026-09-26T07:00:00Z,231.9333333333333,209.8,234.0,252.0
2026-09-26T08:00:00Z,359.8333333333333,324.5,364.0,391.0
2026-09-26T09:00:00Z,492.8333333333333,475.5,488.0,515.0
2026-09-26T10:00:00Z,563.6666666666666,548.0,571.0,572.0
2026-09-26T11:00:00Z,570.9333333333333,542.8,588.0,582.0
2026-09-26T12:00:00Z,519.1666666666666,469.5,545.0,543.0
2026-09-26T13:00:00Z,453.09999999999997,443.3,457.0,459.0
2026-09-26T14:00:00Z,325.59999999999997,307.8,333.0,336.0
2026-09-26T15:00:00Z,178.83333333333334,151.5,195.0,190.0
2026-09-26T16:00:00Z,51.333333333333336,46.0,65.0,43.0
2026-09-26T17:00:00Z,0.09999999999999999,0.3,0.0,0.0
2026-09-26T18:00:00Z,0.0,0.0,0.0,0.0
2026-09-26T19:00:00Z,0.0,0.0,0.0,0.0
2026-09-26T20:00:00Z,0.0,0.0,0.0,0.0
2026-09-26T21:00:00Z,0.0,0.0,0.0,0.0
2026-09-26T22:00:00Z,0.0,0.0,0.0,0.0
2026-09-26T23:00:00Z,0.0,0.0,0.0,0.0
2026-09-27T00:00:00Z,0.0,0.0,0.0,0.0
2026-09-27T01:00:00Z,0.0,0.0,0.0,0.0
2026-09-27T02:00:00Z,0.0,0.0,0.0,0.0
2026-09-27T03:00:00Z,0.0,0.0,0.0,0.0
2026-09-27T04:00:00Z,0.0,0.0,0.0,0.0
2026-09-27T05:00:00Z,17.766666666666666,17.3,21.0,15.0
2026-09-27T06:00:00Z,127.66666666666667,118.0,135.0,130.0
2026-09-27T07:00:00Z,260.8333333333333,237.5,273.0,272.0
2026-09-27T08:00:00Z,380.6666666666667,352.0,396.0,394.0
2026-09-27T09:00:00Z,469.0,456.0,487.0,464.0
2026-09-27T10:00:00Z,511.6666666666667,499.0,534.0,502.0
2026-09-27T11:00:00Z,486.26666666666665,473.8,530.0,455.0
2026-09-27T12:00:00Z,438.1666666666667,421.5,478.0,415.0
2026-09-27T13:00:00Z,337.5,286.5,389.0,337.0
2026-09-27T14:00:00Z,235.1,218.3,273.0,214.0
2026-09-27T15:00:00Z,127.0,111.0,152.0,118.0
2026-09-27T16:00:00Z,37.1,35.3,46.0,30.0
2026-09-27T17:00:00Z,0.0,0.0,0.0,0.0
2026-09-27T18:00:00Z,0.0,0.0,0.0,0.0
2026-09-27T19:00:00Z,0.0,0.0,0.0,0.0
2026-09-27T20:00:00Z,0.0,0.0,0.0,0.0
2026-09-27T21:00:00Z,0.0,0.0,0.0,0.0
2026-09-27T22:00:00Z,0.0,0.0,0.0,0.0
2026-09-27T23:00:00Z,0.0,0.0,0.0,0.0
2026-09-28T00:00:00Z,0.0,0.0,0.0,0.0
2026-09-28T01:00:00Z,0.0,0.0,0.0,0.0
2026-09-28T02:00:00Z,0.0,0.0,0.0,0.0
2026-09-28T03:00:00Z,0.0,0.0,0.0,0.0
2026-09-28T04:00:00Z,0.0,0.0,0.0,0.0
2026-09-28T05:00:00Z,13.1,13.3,14.0,12.0
2026-09-28T06:00:00Z,91.10000000000001,78.3,101.0,94.0
2026-09-28T07:00:00Z,188.1,157.3,211.0,196.0
2026-09-28T08:00:00Z,294.5,250.5,317.0,316.0
2026-09-28T09:00:00Z,366.8333333333333,360.5,402.0,338.0
2026-09-28T10:00:00Z,401.09999999999997,416.3,449.0,338.0
2026-09-28T11:00:00Z,408.6666666666667,393.0,442.0,391.0
2026-09-28T12:00:00Z,403.5,407.5,389.0,414.0
2026-09-28T13:00:00Z,340.5,397.5,313.0,311.0
2026-09-28T14:00:00Z,252.76666666666665,289.3,223.0,246.0
2026-09-28T15:00:00Z,126.93333333333334,116.8,128.0,136.0
2026-09-28T16:00:00Z,33.43333333333333,30.3,39.0,31.0
2026-09-28T17:00:00Z,0.0,0.0,0.0,0.0
2026-09-28T18:00:00Z,0.0,0.0,0.0,0.0
2026-09-28T19:00:00Z,0.0,0.0,0.0,0.0
2026-09-28T20:00:00Z,0.0,0.0,0.0,0.0
2026-09-28T21:00:00Z,0.0,0.0,0.0,0.0
2026-09-28T22:00:00Z,0.0,0.0,0.0,0.0
2026-09-28T23:00:00Z,0.0,0.0,0.0,0.0
2026-09-29T00:00:00Z,0.0,0.0,0.0,0.0
2026-09-29T01:00:00Z,0.0,0.0,0.0,0.0
2026-09-29T02:00:00Z,0.0,0.0,0.0,0.0
2026-09-29T03:00:00Z,0.0,0.0,0.0,0.0
2026-09-29T04:00:00Z,0.0,0.0,0.0,0.0
2026-09-29T05:00:00Z,15.166666666666666,14.5,18.0,13.0
2026-09-29T06:00:00Z,117.93333333333334,112.8,131.0,110.0
2026-09-29T07:00:00Z,250.26666666666665,232.8,273.0,245.0
2026-09-29T08:00:00Z,381.1666666666667,357.5,402.0,384.0
2026-09-29T09:00:00Z,485.93333333333334,470.8,500.0,487.0
2026-09-29T10:00:00Z,536.7666666666667,526.3,556.0,528.0
2026-09-29T11:00:00Z,539.4333333333333,521.3,563.0,534.0
2026-09-29T12:00:00Z,500.09999999999997,467.3,521.0,512.0
2026-09-29T13:00:00Z,422.76666666666665,398.3,434.0,436.0
2026-09-29T14:00:00Z,299.0,272.0,311.0,314.0
2026-09-29T15:00:00Z,161.76666666666668,138.3,176.0,171.0
2026-09-29T16:00:00Z,40.0,37.0,50.0,33.0
2026-09-29T17:00:00Z,0.0,0.0,0.0,0.0
2026-09-29T18:00:00Z,0.0,0.0,0.0,0.0
2026-09-29T19:00:00Z,0.0,0.0,0.0,0.0
2026-09-29T20:00:00Z,0.0,0.0,0.0,0.0
2026-09-29T21:00:00Z,0.0,0.0,0.0,0.0
2026-09-29T22:00:00Z,0.0,0.0,0.0,0.0
2026-09-29T23:00:00Z,0.0,0.0,0.0,0.0
2026-09-30T00:00:00Z,0.0,0.0,0.0,0.0
2026-09-30T01:00:00Z,0.0,0.0,0.0,0.0
2026-09-30T02:00:00Z,0.0,0.0,0.0,0.0
2026-09-30T03:00:00Z,0.0,0.0,0.0,0.0
2026-09-30T04:00:00Z,0.0,0.0,0.0,0.0
2026-09-30T05:00:00Z,6.6000000000000005,6.8,9.0,4.0
2026-09-30T06:00:00Z,48.6,46.8,60.0,39.0
2026-09-30T07:00:00Z,71.76666666666667,76.3,111.0,28.0
2026-09-30T08:00:00Z,103.76666666666667,105.3,148.0,58.0
2026-09-30T09:00:00Z,100.10000000000001,110.3,166.0,24.0
2026-09-30T10:00:00Z,137.66666666666666,148.0,167.0,98.0
2026-09-30T11:00:00Z,111.66666666666667,145.0,147.0,43.0
2026-09-30T12:00:00Z,114.93333333333334,133.8,114.0,97.0
2026-09-30T13:00:00Z,91.5,112.5,87.0,75.0
2026-09-30T14:00:00Z,72.33333333333333,82.0,71.0,64.0
2026-09-30T15:00:00Z,62.166666666666664,40.5,51.0,95.0
2026-09-30T16:00:00Z,16.266666666666666,11.8,16.0,21.0
2026-09-30T17:00:00Z,0.0,0.0,0.0,0.0
2026-09-30T18:00:00Z,0.0,0.0,0.0,0.0
2026-09-30T19:00:00Z,0.0,0.0,0.0,0.0
2026-09-30T20:00:00Z,0.0,0.0,0.0,0.0
2026-09-30T21:00:00Z,0.0,0.0,0.0,0.0
2026-09-30T22:00:00Z,0.0,0.0,0.0,0.0
2026-09-30T23:00:00Z,0.0,0.0,0.0,0.0
2026-10-01T00:00:00Z,0.0,0.0,0.0,0.0
2026-10-01T01:00:00Z,0.0,0.0,0.0,0.0
2026-10-01T02:00:00Z,0.0,0.0,0.0,0.0
2026-10-01T03:00:00Z,0.0,0.0,0.0,0.0
2026-10-01T04:00:00Z,0.0,0.0,0.0,0.0
2026-10-01T05:00:00Z,7.1000000000000005,9.3,9.0,3.0
2026-10-01T06:00:00Z,96.10000000000001,91.3,86.0,111.0
2026-10-01T07:00:00Z,221.1,202.3,205.0,256.0
2026-10-01T08:00:00Z,345.93333333333334,317.8,330.0,390.0
2026-10-01T09:00:00Z,449.0,412.0,445.0,490.0
2026-10-01T10:00:00Z,480.59999999999997,376.8,517.0,548.0
2026-10-01T11:00:00Z,478.5,398.5,523.0,514.0
2026-10-01T12:00:00Z,437.76666666666665,360.3,470.0,483.0
2026-10-01T13:00:00Z,365.93333333333334,298.8,382.0,417.0
2026-10-01T14:00:00Z,261.43333333333334,232.3,272.0,280.0
2026-10-01T15:00:00Z,139.26666666666668,128.8,151.0,138.0
2026-10-01T16:00:00Z,31.5,30.5,38.0,26.0
2026-10-01T17:00:00Z,0.0,0.0,0.0,0.0
2026-10-01T18:00:00Z,0.0,0.0,0.0,0.0
2026-10-01T19:00:00Z,0.0,0.0,0.0,0.0
2026-10-01T20:00:00Z,0.0,0.0,0.0,0.0
2026-10-01T21:00:00Z,0.0,0.0,0.0,0.0
2026-10-01T22:00:00Z,0.0,0.0,0.0,0.0
